y_true,y_pred
35,53.51230339134659
23,33.227156005365806
44,35.21536884028287
35,43.17320770214006
57,53.60128999200495
23,41.47098089491326
31,42.869961816592586
18,34.43505302030102
39,39.565138974623885
57,45.039418026255944
23,26.410266965895495
13,15.508280312562581
59,52.39988028103262
48,42.980748813941375
24,24.817429533290625
47,42.589807189563956
16,20.570704940341276
16,31.999393373693255
23,42.379184174345134
65,50.32677729591669
54,32.521130739479815
48,52.50965835832771
20,31.473645916180573
75,44.73497378042134
25,33.49914769211259
23,31.011392174722133
44,47.259897748654446
46,44.757202095663516
58,41.23449145015791
82,45.35126834305779
47,50.13670338874311
10,34.11849585177847
56,35.52264817505786
49,43.68036793262205
18,23.0941659484087
63,42.013480713568505
23,28.432582727742705
44,41.79082450360157
54,48.373854510902746
18,32.82490544031136
43,45.076776125962326
38,41.18242546683803
50,45.23729914078126
22,34.431442884191966
60,43.12768510642627
14,21.58919867985483
41,43.15613440207219
64,34.88793839230144
21,32.102510541705506
22,46.49327938591339
52,43.89212940479316
60,38.23685028171692
54,46.01081559240063
47,51.19581085944011
25,33.61711940469071
60,46.666854496157086
41,38.888841516527414
35,47.78540161666743
24,35.52576379653077
44,37.33075546060579
54,39.58578823926
71,46.23905140128991
63,41.69618044682592
49,42.26031395136189
27,42.23353775774729
24,47.951386843171214
38,37.29713040478387
24,17.479650067861066
30,37.32556647821511
29,46.682366453255
31,36.862362518604144
38,36.7010608976443
47,39.88817937821398
58,45.51675410007581
24,37.104121397240625
74,59.235986518261555
10,29.341542234295016
60,60.64589896799557
18,33.495376921588395
12,33.78183014297228
55,41.684432647319
64,26.583066084169715
17,18.32758217797074
43,46.38088489321547
50,36.83153349142427
56,44.49037060674135
27,41.38401283832488
12,30.134669578496933
42,35.878027157689424
53,49.00879117291616
18,24.70565850199192
30,35.20133530360499
16,35.93838769851166
40,45.31710697928792
78,49.399718762434425
20,42.266006113649425
34,30.38823297670979
37,41.2292943817219
49,52.61588574148511
64,51.520026816622334
49,38.75667814251635
59,49.208563549796274
41,40.478163095938186
43,48.146058472742695
43,42.39667481208058
58,38.352958248481606
53,45.14902488905331
19,29.061896956625898
21,36.04197466794571
50,40.41389229857071
24,42.27581088324126
58,46.45639339177062
68,49.61049422204668
24,42.447439835445365
43,50.13939944601715
26,36.234151137241085
54,48.22591945069209
25,32.73484437812294
35,40.422474247763105
44,41.41748619989199
25,35.51072897519805
29,31.774585386314744
41,37.01323111897675
35,46.84884029983421
47,48.982663201107556
34,46.78421874304627
18,36.515243289555926
31,40.787081923162724
27,39.38544628505187
35,43.4452409117881
22,26.57070899723359
21,30.953560221474827
48,38.882851207023705
24,23.50167590729852
45,46.4155143134727
10,41.399045187377645
76,46.37494510442688
22,30.06662934524012
76,44.30493413761367
49,45.85150147030321
36,45.99695161703631
29,45.34862847062288
15,37.76177949189239
37,41.98584881231013
14,31.496434230823375
42,34.930132133856766
36,38.34832252211778
35,42.837949259318584
22,34.386942372962814
65,42.079046109977874
38,43.872446216888704
43,33.470842180111866
60,40.94165895544465
36,26.74454364972481
72,44.771242277201864
50,28.478121720994103
48,40.070976883158245
65,50.14456854620514
54,33.268147582271574
22,32.609505918915744
42,40.2030006594944
23,44.055606494199075
58,46.64557617220161
26,44.59342940205936
17,35.78145191301547
79,56.339645865155106
40,38.72950294043238
14,34.90486975130244
72,42.46186188749769
52,37.74925546004301
27,39.66716210308822
33,41.53837835741627
13,15.481759420078017
31,37.57370772775767
37,48.852800095734246
49,36.66570448031948
23,43.112541118190755
43,39.27244839040068
51,42.1754834339262
24,35.5220989644028
47,43.17315748140326
32,46.54891158374252
14,23.488890748796397
32,34.89723883322669
11,34.00779342916591
17,18.76289953968313
29,34.15822929509647
74,56.73691287785536
19,46.486596289138475
65,48.47677381225507
10,18.162327983592647
61,43.71410517348744
20,41.44401422145372
32,24.73192172259953
22,27.059461947620548
25,47.184949886079956
67,50.127641024965676
20,34.23154980666845
71,42.70338870736432
20,30.997442885812188
12,32.625654562128986
73,27.613556600767055
55,49.085235752658924
13,29.675009968127853
67,43.0324511442938
42,48.730603337669756
63,38.14117134641278
40,39.088613183706336
32,38.24597998312789
40,36.47527954146607
17,28.28667624054409
72,46.00741096089965
59,42.81844978527969
21,34.1860514320633
66,48.110077377987615
66,45.89613096328765
21,38.60350786753782
13,35.875077656303894
45,45.87015775128982
70,35.134510931515244
74,38.3663985197935
46,43.22011495606687
72,43.816125340439584
29,36.23609762974863
73,43.00775532642937
47,40.92251730727582
47,45.002570970456446
53,38.900968565579134
60,54.6309780805419
27,41.7025508123893
29,28.966575713632277
40,44.80339581448702
42,32.69438194992332
50,41.34374394252607
44,49.37591331545682
24,40.75647131426947
58,54.444025436157254
14,30.687341587050145
52,55.27672799063381
29,46.77608287292864
40,34.925627240476736
22,22.28331593968705
44,42.467016016221486
17,42.039081907366956
57,42.26240665814294
23,24.07800524253568
50,39.53096165451348
57,41.88492921235768
79,52.756758581034134
10,21.616004125544677
10,26.716266142097183
16,28.337655038030984
53,46.825887968668646
12,15.766076707692555
50,39.645538859965896
51,38.014399615070175
48,41.055171811698365
34,40.48709243482263
20,42.345507378423584
47,48.55398216291528
77,55.5276639863007
24,36.14529871458788
32,33.33179760779368
41,43.56488617041373
62,52.6201588823628
39,50.61478519173354
43,34.973735171315035
46,42.72990507836874
55,50.79863533795769
50,38.39511673126639
21,42.7536557626558
19,45.07402531702382
38,45.627343442778994
69,43.119413865093584
19,24.933138596371368
75,51.02464899815511
21,31.45448258011595
73,37.408387562656806
54,46.86063687012101
43,37.422508662988136
22,18.54953838750497
38,38.58228965844439
30,44.84528434451596
12,34.02616951843274
29,30.000197182522424
27,41.587303824997306
45,42.983873088184716
26,32.75305263107905
31,36.20012672579674
53,42.09019757404396
49,45.352735030874165
80,43.23295043287071
71,36.19948168513946
30,32.9959760718114
36,45.58548928699114
38,35.32752828104553
50,44.187551911324306
45,40.69521936311246
57,34.049101482645604
46,45.050288358315285
15,52.43478047287681
17,20.590325566327422
77,44.092527580842024
50,43.53110983250502
59,47.86165606479419
23,24.337001463870912
12,19.39378233845268
56,43.79832277827176
13,39.956626424698
27,44.084034499504476
58,36.23178919655035
36,41.04166126990644
25,24.2923505977838
44,45.43661937115221
43,39.63805422966671
45,27.629599802271805
45,44.07221402303126
64,34.22563276628321
22,34.027505417098325
67,47.04383054034659
18,30.204168551125328
59,40.77553679053197
16,24.471800151640238
24,33.64332086225498
70,37.300774315887914
12,35.17303295085394
21,25.660430655188744
26,51.28507065956553
47,41.54031416167005
33,50.28561962129349
75,45.72040823802004
65,48.81361992439893
24,35.45197554504977
42,45.574235173794314
67,46.23640047187295
52,35.21577653336557
51,40.46480021969998
42,35.825536931468896
34,42.071569163882124
16,24.563922030195116
53,40.88580240086144
63,32.43376628323603
39,41.94755473545132
20,36.9317896935455
53,38.40678742600551
42,33.149649697471375
10,26.880998810181726
54,48.84316001063037
56,52.92725717702146
11,27.230132356775513
20,39.239544735633835
41,44.41002524558851
48,37.85133273220176
42,54.58689544877533
29,30.09861041225583
73,41.5779560629897
32,42.439214045187676
50,49.64103249495741
36,40.35723916724587
68,41.45136652262284
51,40.21665988868656
38,39.61050636762826
65,45.96017971876572
34,40.670506263305654
40,34.16195745421625
46,41.69204190455002
52,44.85853653384885
21,26.20468365447513
20,37.21099537981831
16,39.28088575528537
13,26.65807366956307
37,34.70079025423313
51,49.43379244581095
12,25.30491914802275
10,34.020337134537186
52,21.780947684751226
47,45.34229008742929
20,36.20787331708202
35,40.232869461231274
18,40.871430246408075
57,44.7703227599147
45,45.427937773155
58,43.26276724192303
18,41.12727613003979
27,27.31465061102433
19,32.810998121782546
59,45.68173403296892
66,33.21261780908749
33,40.35750239055939
23,36.32370749110869
41,37.97060671961516
63,46.05310270713001
100,49.76949539399859
42,41.96000622587316
52,50.094783548820516
42,43.51632498779627
79,46.16566913958571
48,50.84869418695179
53,47.35515481238715
14,24.05311197654389
45,41.172482283342895
29,46.0995493516808
48,42.26478152943745
41,44.798534816086
46,40.61366048566694
27,43.36513199380093
33,33.352431049849024
41,45.92893163445583
55,48.3625606777661
49,40.79138112704742
64,46.6603096472087
27,42.22306164901872
16,23.37467991909582
37,32.97617563795538
32,42.02779150647779
33,43.7784065017207
18,16.26402733722288
48,36.166193747884215
39,34.455624865053124
35,42.80057539163191
46,49.28772512642676
82,41.73859450826811
25,47.3155541351945
29,28.146226078543787
23,41.384229715533436
31,38.389930843400315
44,49.97811369212191
27,31.453310132411264
58,59.81536326650553
25,32.55477937073417
17,42.65841733558054
34,35.53929950913447
48,35.52277724331243
51,39.666168488859746
36,39.40220881018983
30,38.217650035599895
18,24.35037599156803
45,45.379703109186046
32,44.5398111322816
44,41.032470392920104
10,25.68226211511761
14,54.038833126843556
20,47.21218607765997
58,34.79168090483845
48,34.34673116576712
32,46.81503825209854
32,23.38513599448249
22,23.63187751561079
23,31.248858114573554
52,52.266504865269674
39,46.03123670172129
21,32.466883560641016
20,24.257594646495832
66,43.76349045829137
38,44.30058427338482
55,40.26797975178951
28,37.52421953692262
42,42.387224987357875
61,43.06531886805706
15,25.654156496483328
61,47.72084190609778
73,39.591671186649066
42,46.76407865344597
23,16.03537312906197
43,35.30736818018054
25,47.674721211918566
32,42.65854454644006
16,18.811339441396274
44,30.154915291100657
45,45.46903571613042
50,42.68028493655612
38,42.67755207500224
54,40.02067525396197
43,41.91546484856066
35,39.99217511275849
10,43.18189622336996
51,37.75397641771291
50,40.87135491531445
20,38.65687186197655
19,29.790795206892394
26,40.54929258227028
43,30.506695925654512
39,40.918957978308306
18,39.847560908028015
27,40.20707096369583
26,43.213399151472366
42,43.40554538181726
64,41.4390490021902
24,25.25701187272973
65,36.75824789590799
45,43.10764505027768
64,47.73798430663977
30,48.45843437672201
51,41.33820750456967
38,34.66693924451819
40,34.94422305793323
75,49.28920603384811
32,46.3782993762688
45,42.98690632654763
22,40.58589840487914
40,44.00428724098047
20,35.038653348359304
39,43.054536519692526
36,35.47500175763716
62,49.048217747063724
24,45.28213848972843
35,43.24532992728528
41,45.83824501832905
36,40.9802860558539
17,25.934790310578613
18,37.74320819584968
52,44.31468273951593
21,37.463167932713546
61,46.69178510342648
43,33.668807850091405
66,45.66404553911412
58,27.196776195656
42,43.631051761391205
26,46.00599643275636
32,36.57331750134732
44,44.39658912348793
28,32.490241549801254
18,24.75519986806164
44,41.161694595993104
33,34.780167500787165
41,48.993476152212764
60,48.55059181213801
52,36.117253791656736
42,41.714929686222014
72,49.10593088703071
48,43.11362859293892
20,37.541825009284636
47,30.577933391684073
31,33.44667010686134
35,43.56670327515869
75,50.95616960649994
23,37.66993385907404
51,52.96952434092951
68,46.28417791429675
37,45.86756598120554
69,35.00109398633805
11,32.598033562258564
39,39.253028871006265
27,37.64103395808453
16,23.858822981074
16,30.013820674244958
46,42.9139042002229
50,26.640040262451194
18,41.58585818995416
41,45.48527160198626
32,40.93867934149342
61,50.46425673194744
10,21.336327381895508
14,31.346074655450614
32,39.458916512686926
32,43.606766765360426
42,37.70554841972768
32,29.602592728133214
20,38.03960884504603
49,43.925990371171345
42,43.1699331031561
41,32.780282086245855
17,41.40200110376437
20,33.8443184445553
54,40.70985533408679
20,24.356557771514314
38,47.56760791432134
26,41.16953703147537
24,27.81408335376563
17,34.11325096242432
42,43.034198248811435
26,33.647584249308345
41,35.730570433600946
68,48.18110409181134
54,29.736605572717277
36,44.58557976052367
22,31.61580510393549
48,43.03206281711195
34,49.601570526697316
67,47.4127166480307
65,51.63781492527667
57,36.102262355097395
63,44.098991312902896
31,37.447134212331754
74,46.4509146163505
33,42.25833832940421
56,41.673418376054
50,50.70088062795608
14,15.289325817891909
48,42.86290017235959
49,52.39137616482601
19,34.25773013903255
76,44.65081449042903
26,44.633269548028146
44,42.86681598532148
33,41.445595617514975
21,25.013620664386217
22,34.7209310439552
62,55.07975887553198
37,40.05859963016312
65,49.3383654000587
21,22.3335120620406
40,45.77949846195673
46,41.40205159346805
59,38.12913214384217
60,53.063515900026815
68,42.49031547881119
20,30.24009182808823
44,34.51384316211279
43,48.50657516336346
15,33.43867425324716
53,36.231545829994545
44,51.19860452972593
55,43.67835881337694
34,47.74401802325159
51,38.085333470845
54,31.364837296348668
64,43.7923460637922
54,46.252365228010824
27,38.39477602703939
50,37.58458123526971
28,46.47954140843581
53,40.708959515348724
64,26.18523376992971
55,47.427270060933004
70,42.61907958692901
56,35.6550831983171
15,33.266663474055115
40,44.379442015972515
51,47.864029359603265
59,44.168683035718566
50,43.987337630252185
38,42.94581023751026
60,39.641407257329696
66,43.60963134288785
54,49.17405839399611
39,41.243768179391715
22,31.872417762901154
19,27.337339878682677
55,32.404800119046556
15,30.420188335219358
39,43.88154544027082
62,42.80375564039141
62,36.4325759407245
58,43.113232576076804
24,23.314585287645567
28,41.184024332267
66,50.45421313007972
62,49.48537936512648
39,40.19554318151979
48,38.66989461538922
29,39.4168146399798
22,43.91899940807898
30,42.23521456239436
37,38.41794937255763
22,29.4304938970587
15,34.586730978576625
47,40.14448245797043
57,49.557757576917055
28,36.69504820917724
23,35.71070039201219
53,31.803582726729797
54,40.68648060171693
47,39.971466021610496
43,36.207220454278634
60,35.64370549622685
25,29.024395604395604
24,22.422342407498604
11,26.41991163639877
64,36.51870360288167
29,44.81569350879913
21,43.130392674758056
13,16.553012088825998
38,43.57024454865632
58,56.52654486108638
35,43.01438377106307
55,43.581840552413176
16,36.35680049175588
48,42.53688753129098
41,35.96252506190939
66,50.70051422645677
54,38.03012195502381
86,48.124360929627464
43,42.4205480232197
42,46.91141615093307
45,44.28275357713803
19,35.547884079383664
42,35.58934663657286
49,38.47174723486711
20,35.10415609002483
38,37.86945968591626
60,40.9620918514479
52,40.5036228329117
47,52.3071720871819
46,43.99950405758192
34,42.87792079361842
28,33.88645118038435
34,38.93179858595265
10,36.77318298163045
51,44.27120045385403
35,41.162165257248105
79,50.552850481493714
26,40.73635374070161
15,33.45880050867084
22,42.75349288276245
51,36.74271566490204
30,41.26926556418393
79,51.02154900573536
30,31.00176125302257
45,25.16939980448059
20,22.48493515167317
21,23.763454432466023
63,34.221928354289794
66,41.33098166863416
46,46.71906324830755
21,22.545727062498205
45,42.50886650407285
53,46.228801464380965
50,40.23359369991305
25,35.234783167720245
20,32.94815365301298
20,35.418223425300205
25,36.28779813881011
23,28.92738971487849
18,32.82741319914664
43,43.18325917518847
63,46.26712386797467
17,35.72143119350071
49,44.58520734659178
21,25.69806258187649
30,44.92930532568332
20,35.74038439045462
21,30.253641367185686
44,34.23191355807333
71,64.10312955848815
21,41.25320699253902
47,43.8548547324407
23,24.30649200253357
35,31.67888832416949
25,37.35362009393794
31,32.285402366647716
47,35.837991119145535
56,46.771904378082006
58,44.69423307344651
31,37.72746006544515
57,45.67460037079527
12,25.501014212714676
11,29.677442743267616
21,31.21735907738678
36,26.278982167606614
71,39.5163659027648
34,37.809060237558064
40,44.23276534419318
66,38.72846601310935
29,28.61999786654459
34,35.650046473890555
50,32.926917072850266
23,36.58103498151671
27,38.9156635578722
49,33.852963814935805
35,27.770563734178605
64,50.727006217255905
36,42.39901436143146
55,41.879225714813245
20,42.80995588016394
84,54.43601299945444
32,34.78071155078645
31,34.97822943741649
41,40.14253767948069
31,38.225725650201575
25,30.788429551459163
19,38.60616439946286
78,40.37604480323271
36,42.29649958638561
23,43.505946240420855
59,42.71385303649861
30,40.63721013771082
16,36.136995502958165
49,51.091343272371944
55,43.580830816715334
38,41.836008687839346
41,47.21035236399592
30,49.0475962153182
46,36.62785863691256
64,43.40400168793416
22,34.393679160889754
22,38.1833848120956
60,40.70643014476337
37,42.934559740318576
45,44.393428718328494
41,50.182945315449686
45,32.84471798036694
49,54.45664212383874
55,40.39457318828328
59,41.372390470496704
59,45.85248890813981
53,47.33172656470658
73,48.27186004825422
11,45.97196186324088
40,50.77508303638871
54,42.32952964138562
68,46.381021604441585
39,40.77148290206514
38,46.89635879462611
50,42.59453415392035
51,41.75769522836586
37,38.58713156368403
45,40.91280435104939
37,43.80966630115787
26,52.534916555969296
25,38.71388588983754
36,37.964027465469165
19,40.74197589182208
41,44.30539167423163
25,40.100246454147694
36,42.59354573323792
33,28.29825629764973
57,51.342140679781
50,43.298701989540284
37,42.72286407375341
27,38.386763184579536
45,44.89731215602005
44,33.78448150857042
64,50.024707384861806
31,33.48125618334435
19,34.553448874781935
22,40.870542958179016
36,39.8968993031763
30,24.224353972137255
18,30.546404506770813
37,45.63328949262646
75,55.02045768373048
35,34.583360391434525
68,39.93832271166714
65,43.89917841079461
63,49.490897102268875
22,31.529913010090805
19,34.104333394384874
10,29.40142551459636
54,38.62506759031798
45,51.57556493451183
59,47.8221549471607
77,49.393977157682066
28,47.788170982296776
28,36.28508838084106
60,41.118541405502555
20,29.43315213748282
50,46.77950079237744
58,50.171424089695755
45,34.73218592416334
44,39.50929670333587
21,29.18083793319947
58,44.96130286425549
67,42.09220243480051
54,40.84266975707712
25,26.007895160083578
53,35.46630614536334
34,43.29789044038952
44,41.492475150524434
44,43.317110832041045
73,51.956293578738745
55,50.10445641278796
55,34.322970620617724
54,38.441990599624525
22,24.314293852811815
54,45.4381756035965
28,40.70951647016271
12,19.45531821258581
51,31.894044672658982
48,44.2882922213078
31,40.463831540965046
23,26.28736598021344
28,42.37706767774279
31,42.0968679581312
81,53.413024103717206
21,22.785381131608496
28,41.03429686318366
19,39.09284786126591
22,26.96497703204097
24,25.960498099288753
68,43.70414752729449
44,51.59790628381713
19,30.546537269314687
59,61.04894782224077
24,38.3597094762165
21,33.418408881980035
16,34.38491858098654
58,45.34942762732977
22,32.51188580054264
24,40.87766267762926
43,41.44817247592288
20,22.120495505851373
35,37.11069551705681
16,46.736609481283395
27,33.73095992286001
26,22.42415670421183
19,43.90079774506145
53,27.214612717034246
10,43.54150884871361
57,46.54844271019099
46,34.10810862467605
60,39.20870117459469
20,31.48531893395135
29,39.34715201791254
23,38.49153453238611
44,45.28862867893483
36,30.994195883286615
27,32.778333916128354
55,42.41122002776895
51,44.22672813054568
56,41.260978442401935
27,38.836358512867854
54,34.792045760320946
16,25.462709185023872
33,33.16294385642002
35,35.25187704552197
62,49.29454796026046
46,44.199439141208224
58,45.916947965559096
40,38.37853395095742
74,48.53363334854898
50,45.0188615416549
32,42.75405096176688
22,32.54854550941794
34,43.82259316257563
31,31.884396016599226
36,42.82525596050954
23,31.83275629647731
23,42.26756715975338
40,43.12186820181668
34,28.231016145188246
46,43.76573996692718
21,39.24703728575934
32,38.060602871574595
37,40.4542528786343
66,50.09313616048605
88,55.27234399361134
58,39.272039155107485
53,44.52451030325921
17,23.276304127603424
23,23.262388792508013
55,37.47695883991142
13,50.35239521974033
65,53.100523650511704
52,44.96245925596225
54,43.303315427153535
35,44.28804046267088
68,40.649144370754904
20,25.3953082481172
23,42.93323832089225
54,46.24691040141247
56,37.24019327753744
71,46.13685669426255
11,24.155287516454447
62,35.931964286831835
23,22.026503155435485
23,24.847311862747645
71,52.579485943480734
16,43.510030490748285
20,32.53104440044164
36,43.55132861690589
51,43.34534421629116
40,43.14115501801052
45,40.33268979821264
50,43.569650991674834
67,43.804959795633856
41,18.975363877739998
54,50.83755877146139
41,44.29663702789705
63,51.464383708541845
20,34.24249395179686
22,30.927241623532577
11,27.8612068625329
21,30.4492255980657
60,45.720541157647546
44,43.65250634444603
22,32.82993108162918
53,41.22690991741858
26,37.864285163437216
46,36.99721248400763
40,45.84719027624956
32,42.321564665956004
36,43.858735173050306
47,31.607308290197174
57,56.572194953430134
54,50.23583197965236
33,35.46912315613656
46,42.787878051164064
54,42.86865879051791
44,43.58197952511593
18,20.65047350925959
45,43.001787331301514
60,40.53383684852234
19,27.792391970198395
22,41.62660468085395
32,46.608672599679394
49,39.56026477356682
20,23.43919558490948
32,45.238876955334675
32,33.8925358717746
62,31.243239153888652
47,46.256759001162536
25,38.76186062834503
18,35.64791782799645
20,32.27430954876763
45,28.494434001655087
19,37.754481234793204
20,36.21348670859555
40,44.277345503239104
27,25.10434684314727
19,24.213585045210248
37,39.2951696073908
45,45.987320993369984
50,55.22214803834165
50,36.64325831277462
41,43.59765376706562
41,38.944999098307576
57,39.05846874257993
25,35.76961840633926
46,51.649312185927876
35,56.25521983960935
61,40.512313956867814
49,40.52710106399888
46,53.223064931515744
41,39.32673782448272
36,43.75161148380903
44,39.082082093280086
42,36.49753905571501
14,28.672129650121
58,34.75619948767081
21,37.284110462341246
66,53.318979434802735
19,34.36935761749998
45,35.80293660986594
19,21.90893877795531
56,40.81259529582011
45,44.123304996078424
51,43.034097189519244
59,51.4667445402152
65,42.21584658251216
30,33.087593366944596
21,37.26187420900001
21,29.871964803640218
53,45.481890614048304
44,36.948894495813555
13,15.849304150514985
60,50.937905906383165
48,38.971576519504154
37,42.97850414992033
32,41.38581337621407
26,34.28988558601201
40,48.95753614844389
64,46.288117625747454
22,31.006563798610046
11,26.94450288539887
22,21.524537400657383
70,46.37827374631843
20,20.790261950759703
59,52.1050495614761
63,37.290049216280444
78,51.16165438817747
41,38.83389867567339
74,41.73765446026446
51,43.95981553361717
29,31.99373461323761
28,27.17901101285715
37,31.396942969126766
31,38.57067084330636
31,30.92419829211699
41,45.59740648061023
33,38.01075290590696
23,27.733817915484813
37,42.766442220424004
55,48.10901053574463
59,42.886578162555814
37,46.03121979262037
21,22.756384190732014
46,46.615939180457765
60,47.550616132611374
52,35.112932697690894
39,30.453696810782645
62,40.31400175357174
43,43.70832849530174
44,40.96181113738757
34,39.333467269643805
44,43.189038205880934
47,44.72676424197773
32,45.82412302998327
23,39.82143761816777
53,48.996642618438365
14,38.97390743525286
20,21.638137542338736
45,48.1498321510758
45,42.50775493760973
66,46.35913480460861
31,47.49852702077223
50,43.20306130233557
38,44.12253945810838
47,43.81754302263248
35,44.433474829201224
24,39.32893423571052
22,39.38302747410759
64,49.0844826697177
23,38.873227951438544
25,41.145477845449975
47,43.554136617647934
54,41.12087154398904
73,44.10096139867622
42,37.388087996346236
29,42.636236557000295
58,40.1782316162062
29,40.28668272508415
37,43.925013532813445
49,49.837107723553025
70,46.68729085466016
38,44.40816319092308
39,43.960183693636225
25,38.70366611259046
68,34.91166392947056
45,45.95437202950449
40,40.39582852876765
20,37.79879765797236
53,51.948893376248535
15,39.28241963485996
20,23.862760145962756
43,49.04409513282343
24,45.99742867703697
39,35.55756650661519
49,47.009804006661405
61,43.20500437665186
68,42.22266657767119
41,35.1539867576438
76,53.483892599258716
21,26.370866169774153
61,45.67951847115407
51,39.54216062319194
20,44.660951726051735
59,50.45060602584281
39,44.759674055103
23,45.169703681004655
42,33.71924909472816
48,41.16266514466649
56,38.590102974948955
50,46.05108458312878
49,44.46638243983776
31,24.668512836176305
63,36.448913150119935
44,48.7833675808513
48,34.060595038639555
45,39.23404289330874
17,22.818931955439307
61,49.61294259397631
26,39.88614447172333
23,18.838511127796803
23,43.10468951072133
41,38.9014491005503
41,46.28608411361096
33,42.472899386220234
25,21.7757607221247
25,33.050896232126135
24,28.86884477126006
21,37.810314620104
55,42.81486805428891
18,26.076950395408094
60,48.03006992248847
49,35.72289776989206
49,16.990987693287487
24,33.85083956388739
25,39.25091626095141
45,52.45397603232943
44,35.54694571633081
68,42.95506507379934
18,25.636471614898714
31,44.968883362618506
27,22.96501297461442
54,37.233224876217015
22,26.127513657685377
31,36.80975720018126
21,35.15292557333309
43,43.21011241326383
43,46.72513511194948
11,21.43208733379472
13,17.593095753086935
55,42.73247474371033
16,28.181263180055375
42,44.71269706753238
33,43.010385299049766
56,46.39183074694215
35,35.346319762832515
21,22.57140565581506
21,25.960768136786058
30,42.52105450695026
43,43.67411409581305
32,42.379146681846436
40,43.37591093668946
47,33.04357421495112
55,34.108354604437004
58,35.95991430928955
11,29.9828266766311
44,52.601876580002326
47,46.22764269602954
24,33.90237375030324
52,44.38976671947423
76,37.561276227015334
38,46.853386427609294
67,35.284692254933795
25,19.202348913978277
55,43.070697572091206
55,43.75063930399701
51,52.7850977941941
35,37.5277035704149
14,29.61024063102984
57,40.4955217754732
39,38.07373361219004
41,48.08747479525712
44,33.70093934245107
27,31.82734703616311
22,31.66780564208743
18,27.30278678233109
25,34.20900866105904
49,41.53669717635253
44,35.54342256824486
11,39.126383545388755
57,40.18721667229647
29,25.17751652178947
44,44.288357509101296
38,42.52510842415028
46,40.94205520493343
12,30.309009276813466
40,43.66832162529721
34,39.19464711488026
37,42.792630830991676
55,41.65234086351159
42,47.86905331468863
14,19.695815580635696
60,44.55858672590776
52,34.413489601768454
12,33.29779901856947
26,51.82144727456167
34,34.42393366085096
38,51.64219618948291
25,37.57033651651765
22,28.352127206810586
47,42.91519130236344
42,44.79542299707536
57,33.20977902388197
42,41.33765489717334
47,49.4295709949017
13,22.607093431514357
21,29.570543653220547
34,33.74339477625754
58,45.40290511324311
45,39.55103075250147
41,36.95432772700194
49,36.09784655479323
14,25.915725558459457
35,43.99679888442136
43,39.67119137674861
12,26.223543168197367
42,46.718432869538766
18,41.96862908213765
25,40.77243079057956
48,39.49075801495967
27,25.02865344446094
44,41.64502929400519
41,41.03353199442835
51,32.37716758179679
46,45.199007664357225
48,34.83708922854798
54,41.07587544413131
59,39.81957510353072
38,41.70908299286436
44,35.60099379212538
21,24.283542126272014
20,30.448606019787874
38,41.54878569938792
22,27.521067235993232
46,35.1984260028264
24,41.16245800015295
22,38.49763087238708
45,45.956179008728384
10,26.484612896844332
28,26.267431961764554
42,45.08325306653774
17,38.48893918594146
30,42.138715146467256
25,32.903671388445964
27,29.328671037025234
21,31.5271195698246
28,48.925543438934746
21,28.668399736619676
58,43.34383230874879
17,32.788913718688974
24,56.796392583851656
39,35.51200539000644
21,43.749949422519904
29,42.33444063713517
21,37.75216455765142
11,44.512260417731525
42,39.6875676758092
45,41.66296531366672
22,43.538745052345014
15,21.167562233804993
24,43.69661140465453
69,54.02900017109548
38,49.75842887958489
51,38.58538976728243
19,28.357980315075874
54,39.474460614333
20,26.016187934738987
17,23.606675289770756
66,35.01097006374011
13,15.292177378529425
64,60.47916970364771
28,43.684453736675735
43,41.39105140608322
64,41.019118882422724
18,23.490140963678513
16,35.37839971222484
36,45.32268806702034
21,43.42781066300469
33,34.588100092062255
11,30.27126286193902
54,45.250082657704915
23,26.468304870506607
24,28.25348408382716
12,18.033714285714282
48,45.69185636036978
39,39.722648868885805
22,35.208232380650564
22,32.95714282624361
38,27.898574939752812
73,46.576841809228256
34,34.73604779609738
25,31.822226374288476
17,30.992605136699712
19,26.461280588336525
44,44.39216846096905
40,52.582443354765594
46,29.173541524281433
42,44.247563106325515
36,49.64204149287018
47,40.219336928004985
46,40.87974250132364
46,48.3557690078414
29,21.141968393312105
31,36.357311507869234
52,46.46749639205811
22,22.780597014735417
43,53.094222124949404
20,30.51433595088824
29,42.007884155112734
62,47.08344878413959
21,31.17100875572125
81,64.83258121038266
23,32.22955829566444
17,22.405305752036906
32,38.905958486448235
55,43.07817877927924
22,31.52831332089885
29,43.55676586989218
44,32.44388804103741
49,43.256939880854034
11,16.787895518167133
38,45.6692271491973
54,50.963931809216376
62,51.58914696398746
45,40.864933152817756
55,36.66065110650314
50,49.06141356685491
39,45.65960182840146
18,43.847770051837685
58,43.10843495460706
43,43.31699123869875
13,34.73958041119826
59,50.18691909154074
16,27.242745022193272
34,41.333437560610015
35,43.268444187149946
51,37.547414744125724
44,42.87167516088326
44,42.34574015672047
26,34.95764675843726
22,53.92280127661222
48,48.76100216143294
10,24.30634865850802
65,47.518289029224185
57,35.031686804207816
41,42.15786162445482
43,42.68760855725883
28,48.38568016123148
53,30.065530969533803
13,36.09097664559626
12,43.63178807955426
62,40.99141241921761
70,51.23620290961358
25,36.81237120399609
84,54.44424352008698
44,37.247392693293946
65,43.536231500012576
34,38.061174155241936
47,42.78738575995776
21,33.80745379486276
31,39.498845569004196
40,44.010856314550146
19,34.96597846921362
30,33.9045411195036
43,39.518644076641046
57,32.4272561944783
59,48.12621858122018
70,37.57377614167611
22,33.62391884840844
60,41.01290935010044
18,31.30882244367976
63,44.61446213333076
25,33.2284142391798
29,29.828444903175452
28,44.68254344095779
23,31.328501191332712
24,22.095221091777375
43,35.68846613680294
31,33.148662987816095
36,22.113145347588674
14,32.55104174161081
19,26.080673350167025
56,45.24758637049726
21,24.552903268267382
58,42.31811130294568
28,34.27526683821272
22,37.82695420599588
42,40.635434978243744
50,45.274120117264516
47,45.73257078399242
37,37.85820215242481
31,37.337436584759445
19,32.600741633256945
11,26.879318935671773
55,32.238714637647725
29,40.092325413355326
57,40.51902491820401
12,21.15801868336419
52,47.25743781524892
26,46.286936014922475
19,30.758300294392694
32,38.85639950677605
38,42.68196886366084
14,36.38006774287988
43,43.67537660796601
38,47.870958468767775
47,44.41576168080711
25,45.38734759701446
48,37.87665162151179
64,48.2937472614786
18,31.776208907972638
23,35.12341761404241
22,34.025583251038924
39,46.34127473031972
57,31.38909803655517
40,39.21809600085592
68,33.79888657700631
54,45.1348578163313
20,29.204471665941718
61,44.44247585517614
67,46.81089568094486
54,39.517409194958155
29,44.39139594079918
43,53.582697877181566
10,25.23930486482896
11,16.85339335592689
41,45.13819289827769
51,38.907240046927605
67,51.722840849941306
27,44.409207525305945
44,44.30204408998971
17,18.338960147228267
30,36.62315040490989
50,41.998770595215554
66,44.65612700342201
22,31.00775668143456
48,40.53521708918366
24,45.562500399069805
19,35.34133873868487
64,53.91450753742003
55,37.43719008383858
43,38.47425530042457
28,43.64941722201807
20,32.49395853844866
57,45.114520028076875
54,42.42454485849337
80,46.347473813366626
39,42.96505552099142
17,33.07029824825166
51,37.28763849782942
37,33.18459140650567
22,34.28872174511799
63,42.363215403824604
32,40.79932449481717
49,34.15961456260899
46,42.0697901667733
27,34.745678020570466
52,55.19424136181012
31,45.10568934648418
21,38.04136229303538
47,31.221897568968725
46,37.87366697449025
35,46.041397831695605
44,43.05757519788004
29,27.03603170305418
23,45.15263319626619
60,42.75809590039989
50,36.07671590998344
45,46.465077585745156
38,33.6800229207606
46,39.90470611540747
40,40.60459755111058
21,38.73060338704109
48,36.11905302977499
12,47.0113176834072
28,29.72623678236014
25,35.93464114479363
23,44.783810126412305
54,52.66654900756011
76,49.11249733370309
32,39.89015119464626
13,33.81025177302653
72,43.53633432921365
63,60.36447651320675
39,33.27224966479349
64,44.08529515881471
63,39.43906514217888
50,41.425916003496084
43,36.780345165478245
29,31.530336975634015
47,39.81732747086449
43,40.09377111090155
57,45.94074415764069
19,42.252879537313994
35,38.47889562513167
35,43.00811059434042
58,33.61903488604983
22,32.415104973536536
58,34.19955275557558
21,42.23039761314976
42,45.58522356206621
22,39.94255569993127
41,40.75761482959303
44,44.71156559419571
55,41.475019362065794
56,44.79823080697789
45,46.57094245626382
41,55.39817354584447
22,34.881566641634244
17,26.128535833447597
12,13.598505587334836
29,48.01834133950608
56,27.96335958406714
46,40.146270867181784
35,36.553701476103264
45,38.788196143831186
62,48.80010636569016
12,44.689255203873145
55,48.788789465289284
22,25.060243455311838
51,36.80003184936414
21,24.436878182244136
59,38.01989933548628
50,44.032204565911314
30,33.8695597721945
23,40.86685363137773
52,36.41061607057796
29,30.368061918214643
22,24.303854269004354
21,33.997516609983414
44,41.85774471635545
50,42.554195579244436
54,41.45718562820876
33,32.079509142204735
86,50.52954042064815
35,19.660588702715533
56,26.884782687681813
60,52.579450272711476
32,30.888682601353324
11,26.73481428830566
52,37.28687684477516
72,46.41324451340345
22,29.89935780931754
22,26.604349435883183
19,42.54920416427692
67,44.73355106582389
12,31.72196876286855
22,27.237569926838987
39,39.342417692061765
27,41.31260616104087
56,49.20693138632376
59,33.805145555021426
44,33.17704812546025
47,42.69032648938518
45,45.39548475803712
34,49.02443980197423
39,41.88111312822252
55,43.18062281512828
55,42.44121645028333
38,34.375895873304735
35,43.733084453176524
58,44.260868092353746
44,31.63175090901142
50,45.48367380346668
60,40.73351748162398
75,45.387837327448075
40,42.34898455939673
43,45.56963654793933
17,30.77879488620902
57,44.54921474591872
31,41.5841425058903
19,27.17924284671528
69,42.26930628121343
60,44.410069995161
18,23.789925027166387
37,45.06755252422313
70,25.027581299900024
58,43.842099836228726
59,52.97866081371461
60,35.16567267634326
57,36.828835603640016
19,43.014051047476826
29,43.7094265080581
31,39.53583139979872
49,43.73809534523889
26,43.67946888911223
15,19.113885468036482
38,24.485717364328234
21,41.84287400773135
26,43.78561132485784
50,42.97262403888138
35,39.855235138950036
43,47.56310076737117
22,20.7430942428418
13,47.11797816438765
20,39.30119890818517
46,52.1568550916827
24,33.455539554870484
37,39.628574951521784
61,43.09313152534634
59,37.78643644044548
66,45.6723811872036
50,47.551077969969285
35,39.50773304039237
39,37.326618761514716
23,31.92592532510066
16,28.70299366683582
13,18.802174515385513
27,33.93069812515546
20,39.22950722650974
72,42.9386654328686
57,46.35063860733168
44,30.41787758669274
28,36.20402181564132
16,14.186380639714686
39,41.708776020889346
19,43.14584643158371
15,31.416171011190873
16,39.46736465490011
26,22.649471611030776
60,36.52172567492528
80,46.36846865949256
37,45.18449914735486
56,39.99944149537902
50,51.452092064988875
27,50.29341487933447
40,35.31804680728979
47,42.04373246094583
27,43.21403126567984
28,33.3205887474044
11,26.550847029299202
19,41.82696941465673
16,29.57161889660729
61,51.330461618109375
21,24.11633751407014
65,29.422838609480273
22,24.275621622204227
55,44.00701666500159
39,42.79223505495549
42,41.56773543776932
30,32.584911058024005
34,38.259428145182355
29,30.280203241555586
20,25.78395439647832
50,47.539363420664465
28,32.06734038182044
51,47.37317352156948
45,33.62332011185019
25,30.917746741122677
46,25.648139100429695
64,42.505409343553346
42,44.26881546640315
50,40.30248896934908
20,36.91891507160822
10,32.21090052291657
19,35.3102331086465
33,42.82216863723488
38,34.66353404425486
71,31.394964295630395
34,38.223581488568506
50,45.2136800004632
28,38.52255090855697
37,28.604014422472346
25,42.017538522420274
40,30.732988699283005
43,38.79971757568442
24,23.333050259460098
42,35.09182946071646
52,40.18569528540584
51,44.96530254177018
43,41.917505797556494
29,41.05707119277147
69,44.92675536548037
62,35.18126642631898
29,41.207269354775875
25,36.62655582338352
67,51.5887135642042
30,41.13834304347805
16,36.32852606064752
52,47.10163580050943
45,43.60434005397166
60,59.57817274716483
43,43.511971234073236
26,34.17985364001669
41,42.65946942711292
45,44.08760078164478
53,39.22321690188742
66,54.915983636724924
51,36.71951580885708
55,46.47338349189603
72,46.56661761691309
50,42.29905228133458
69,40.0963807216066
30,26.472980462366472
27,23.281454085512692
17,13.137491843800124
31,45.791466427705764
50,51.56326386654034
40,49.997326010994456
17,26.164193269540416
41,40.85960498674196
53,35.39903559553033
20,30.68988224585432
65,36.356606979857474
22,41.30394289550555
36,30.922348227755457
13,19.61096501256391
32,41.711514358782225
29,44.708907778904724
45,40.808890154185725
55,34.93435680080922
63,40.573614849553316
20,28.740039847979595
23,38.8130088903079
21,30.547446909969075
38,37.76626398179299
23,33.15061227977684
48,45.08528806020409
67,41.362954110968275
39,37.69440655994893
30,42.871399893809354
52,39.3866884464452
54,44.76865252881591
44,37.40396175322551
32,46.24645266576638
46,44.13055564003807
22,37.05948039755887
31,36.60469608448855
23,31.68016093659492
22,41.45442427099583
23,44.64794209140139
34,40.164058737665776
18,25.97229592643214
19,31.473106825551938
50,44.01872405722602
56,32.57657765367346
19,23.493205399709986
25,34.35586612997449
58,48.507719701589906
20,31.905415279358795
38,42.308169919597155
53,43.27670373312028
31,38.94631317321832
38,39.79565098661388
50,50.41052902892292
46,34.24206744385618
63,51.07982055399777
17,30.969539928634916
34,47.13942239344982
20,31.55750333079185
25,35.902771129113546
42,40.29592468421584
14,28.111042164658816
57,45.269045687928035
59,36.68818499016851
61,36.10556586118224
55,43.500610647380746
33,38.98906465396547
30,40.09445472062527
10,43.796763859674996
35,44.54380638152387
35,38.48120973220077
40,44.11473043315525
21,33.09303173335573
50,44.34695789337596
28,31.11542207031071
33,45.10143372747589
16,18.79014556434932
51,46.8079160464595
59,31.638120848764675
57,38.69322120663631
40,40.10979910250878
43,43.06539082015122
30,36.05874077211457
14,34.54786216727006
32,44.21980946738018
70,41.427195758405475
48,42.68696827751608
30,30.746978113243262
48,47.862956658536724
68,51.89120406247778
24,27.017115164585494
25,41.086478389678476
56,38.74205349564443
52,39.12784035327741
14,25.20542857142857
41,42.26619661103303
31,41.07160413893069
61,41.94647003551595
24,27.628870596946648
63,45.5495410751606
30,40.12362432039961
74,41.27961796119549
35,36.04480574459414
57,43.4558087324878
82,43.62334719976912
72,45.08546723650341
50,38.447938499509696
46,42.475706634461694
53,44.30338116729607
12,26.369477139730623
61,46.72174347018076
16,21.59953191884384
27,32.883304881166275
49,44.5966866582946
39,45.957245081082704
26,46.919263436314125
35,49.064251781821774
20,47.80315160946196
53,56.54035407042186
48,27.341989566541685
10,21.94845867375979
26,40.01680756590318
17,27.872982213307633
62,46.782795377136054
21,41.06925227988835
20,24.81878191385912
13,28.942702746346153
26,41.83213586809321
52,47.5056837927607
42,36.66030683420642
83,54.32282310026169
61,54.6503969221948
43,44.171891800490336
30,41.949169620555175
60,33.17827965681748
19,25.852992864647913
19,37.98181595970029
61,56.600310719057816
39,38.99277167636206
21,32.156220134748445
56,38.61720042435868
24,32.07031889809907
41,37.646335298516235
18,25.798116115043825
60,41.32638516095347
53,42.00582143987518
59,36.76696337873496
35,40.682405316743555
30,44.74412934162764
60,37.65796910888889
47,37.09603397632014
51,45.22907430976771
29,41.52179411860051
25,40.9554935874566
57,33.29694963539439
63,34.966671277953715
39,44.754932534342935
48,47.465541800471726
40,42.00210472979621
31,38.026293968496965
48,40.123789480756166
56,47.212808160717486
12,34.84436604447195
21,29.21491931536334
36,46.86026703010814
35,42.581890625740385
63,33.13298268656083
58,44.432173770872
11,16.41884831030337
48,43.13022594400415
30,18.690272200022196
26,34.92776200756077
23,36.155000350604006
47,51.63178595404354
12,22.395767280942792
47,47.68511047195553
55,34.07225512864558
15,41.30268229825662
35,38.34971500413625
37,45.50504537037244
60,45.3793516150723
60,37.55428472784182
31,37.297216099956884
49,34.28482083053193
39,45.52904231590072
55,43.64638048920376
26,24.94746131881446
44,42.762733807759375
25,26.097536116390415
11,13.450658919040198
15,27.649228351209214
25,37.25652461840506
18,32.3395518352031
32,41.57097797753409
48,37.96825484575934
14,27.232175320674386
29,39.39271155139327
42,40.20240419336982
20,33.504032706190614
32,36.866758734276964
60,24.29638325358326
29,33.273533664024995
45,40.66834372178251
37,40.826979092997895
50,41.38710694598788
16,21.035288799793488
47,34.232504358899924
52,40.26027389047472
32,23.07932997389449
55,36.81938875196927
44,43.16213963551364
22,29.143658332801614
33,42.698948252099754
17,30.34161946724722
36,41.83227907083574
10,29.519405307392468
22,32.6465251858292
36,27.936320566256043
55,52.816790444068154
30,36.22738644929191
52,37.01219722317283
10,37.98434150717501
35,40.632990198370315
37,43.48265795215238
51,44.219005988910155
25,42.161097441379916
34,32.71567344938169
49,43.33292554405953
65,47.45169880713022
29,44.42856967031991
39,41.35042923003568
54,41.177840482565465
42,32.642256633994876
62,45.26929370022816
25,35.215017552358155
56,48.973990155734384
30,40.397268015981766
12,28.123674453553896
26,31.042225234603343
35,45.17242761135928
33,37.61894719970743
17,32.67903635358016
47,52.779156432174204
18,20.96905500218626
40,38.84292236645941
36,39.68665140513898
65,43.88094659904765
23,38.442095346327754
78,32.474149325070336
25,43.9079965328636
38,39.71631349535728
13,39.94291898293848
51,39.02984875948952
59,43.71694850384684
49,35.923469099268466
46,38.1993278838074
22,29.36041772371287
57,41.320973167558144
21,24.704100189707955
19,43.60251162337175
72,41.50741383571368
26,40.15566044583507
38,43.4041972595355
36,41.242752191178354
59,61.55658153877162
58,47.77900323926941
41,47.37729713615151
22,38.58360136063851
18,37.952133849878635
52,45.449200667050285
24,41.68274351119815
27,37.56040894735361
63,40.16462799918697
71,40.619927402813715
36,35.06431277965814
40,29.368190912115693
57,37.620563356869155
16,16.99659690110123
37,45.32398586968475
28,30.37454238935966
24,35.55541785921939
69,39.42149298115089
36,27.555263319873653
52,44.885716139248935
22,28.60528272978154
80,48.34785709518705
33,46.12448646691907
53,47.87657982292451
34,36.1478189083861
40,42.749201788387616
16,35.81653819183913
44,45.526607276755776
45,41.14910947524069
61,40.10320580661616
20,30.11641501211723
14,33.17335688605144
46,38.91714471538032
48,43.985494794537
45,42.94073744647048
38,43.53183850663318
13,29.473513914254262
41,41.19968951308977
37,45.35713854061552
29,38.213427450354295
44,32.45436503788299
21,26.64616107029258
41,38.735392485955565
52,55.36806610050263
52,44.28973213169707
47,48.490200050438226
42,51.06136220445166
16,31.76707640804701
44,41.96956349615915
21,32.90507471067876
28,40.72080846542608
21,21.956963502670575
33,37.239848025737366
25,42.45965144119476
11,29.774962915058637
13,16.739833840400845
30,40.18833774812024
24,35.334096303209805
20,29.879900992572953
19,20.532054753747197
54,43.34069309697133
32,39.72250418010316
21,26.308064403626386
58,48.631282317143565
24,39.77868952323861
55,47.066177576077315
35,44.57815411745406
36,30.55418677312127
67,46.46634381111928
61,36.44265836711862
20,35.97376444103045
22,33.99875944677039
38,42.994583082894025
43,44.48922819455851
41,42.76655592654168
16,32.473871791791986
53,39.69550893765191
59,42.542780747429724
28,39.62333672522381
23,32.96662648957968
11,35.72022748313591
32,33.30378019682313
40,37.05891742344375
31,39.494976961634855
56,49.85136811841582
23,33.43107090956266
20,32.01860123833562
23,29.616347957489406
56,41.1501302424237
39,35.79368118651283
50,34.73392034338783
45,37.665795443698904
38,35.21818226560612
34,43.82199758448326
24,32.04956127781599
45,52.50965835832771
17,34.20397482313338
34,35.59958388669043
23,22.415873297632803
50,35.95991430928955
26,45.766777736863695
12,20.77245019892755
58,42.996379137921274
26,26.235219473851352
50,42.612997140545716
28,37.075379276430695
45,40.828659024935426
37,28.871416204741127
13,40.562631726981095
51,40.66077719961303
18,47.50973128601465
64,47.55775764156432
18,35.85475298390752
44,38.95477274038699
17,41.34849562437579
23,34.922717108815974
65,51.93143239235892
47,44.604157994144295
37,37.1554720279075
48,39.10562343481317
23,29.77036504499832
31,37.37551676669851
18,24.282745241691323
23,37.93180565746193
44,51.963471582076245
56,41.91399332850171
47,43.025843141513626
17,34.40532492367776
75,41.15136000814571
34,47.822321856391774
45,48.53061132266378
53,41.687170946924056
24,27.760143041897074
13,14.508666712934843
52,34.71394516026734
49,34.8724852450915
37,45.53889214975883
22,21.895278612192566
31,43.57650006880024
34,40.728345858680754
32,50.43066728962442
56,33.640284212544074
62,52.03502112795069
13,21.366318846458743
19,45.85089275963317
28,43.735130573172334
57,46.28981860928204
18,30.8364171399343
27,33.908222501007515
54,32.677639475111185
48,43.97228118315886
48,49.52558884150332
17,18.54421555843597
13,31.327369713737895
41,40.04613720522611
32,30.885758953507
34,26.00971326050415
27,33.9217980028425
55,35.01254852438157
71,46.34206768055095
23,28.748941196087557
58,36.621004705840825
50,42.6937042637235
29,25.251333957379703
57,38.7502435231563
55,42.14875686068977
22,23.41381202908407
28,45.650837311941544
26,45.38713490317371
70,44.6187022442458
57,32.4224934251549
18,37.6225575105786
15,29.630794474130916
48,37.178673037370025
16,23.300561512827517
17,21.64976852488691
28,40.68949726122025
16,28.480698046171764
57,44.13528965899615
38,40.08229799768194
57,45.11013169725256
55,48.76988973190866
38,39.28938830563016
64,38.461141324877715
56,39.48912154965864
52,48.2454762336038
62,42.44730256163269
64,47.249429014528715
19,45.037666404922966
46,38.84354893033359
55,46.32575450641105
79,49.6766960831981
31,36.69906531007065
25,31.9110515007779
62,47.4205952931853
36,47.50249311887802
39,37.064433876443175
24,41.980045614344064
51,46.54934384477135
56,44.47317440431668
62,50.352802954553766
66,49.1613710805318
60,42.750266348151236
14,14.283148983937027
37,48.75459454349259
43,40.89790905576352
48,36.295075073936154
21,32.56517289449067
48,40.90708631072796
28,24.474714265999367
18,33.920869228194256
29,35.556300833785855
38,43.8011123509131
37,48.383445030754736
23,30.925548663370822
17,31.068665119536128
25,47.3721639706944
38,49.04963137914865
34,36.82924544331289
27,26.011301925862316
46,40.62175689301783
44,41.28806374342295
23,35.22904209606823
29,36.074485762406695
60,45.19691026788116
44,40.85497294049255
48,41.91082613249266
45,42.474783624410804
39,41.19499475636669
21,50.40089039314502
59,40.389998882708554
27,43.8551215538962
56,37.94219815444096
39,38.575510768581864
38,18.537000218014697
71,49.71152946392558
40,43.735130573172334
36,39.43107444076534
45,39.75991941400559
20,28.788582084338504
66,41.648367371377155
81,55.388903726960315
38,44.4014294146184
44,48.748355347455956
21,22.26353142784892
73,49.975530797537374
13,27.756022921781085
37,42.244236989020074
60,39.84690815047159
47,45.55196754647913
54,40.1894667221282
29,39.993102223622046
49,54.39141619124238
25,29.46272596684906
22,41.064583423756666
62,42.94734410404839
20,22.75391749063708
68,48.50766171044699
33,39.51451597032877
32,39.349576232715826
33,39.727829013901435
60,44.461553887289185
50,43.03945000203038
44,46.70382102152806
21,25.98413286884633
45,47.53989848697187
41,42.19306647411703
20,15.784282607887716
19,35.21720565086727
18,38.03862722192526
31,35.35441475080863
26,29.877949682253703
72,48.4106889859469
41,37.35830367687709
64,44.49603957782002
46,28.622656674560798
73,41.92415067945595
27,47.99922023918286
31,35.15898913865095
39,46.479753875874685
43,43.45552530272722
52,42.67311762396253
44,44.63780849327747
56,49.30564491882809
36,42.921449454705225
64,47.70263184046214
22,44.12654750003676
20,40.32431047618311
30,39.828599095536
73,53.62697342637392
37,38.582322244651884
53,48.065271932533776
85,40.226744101247284
66,55.263551937093034
26,27.04354790651658
45,21.05434274404727
23,21.580468539542167
40,39.962108070848906
37,40.4917765489924
44,43.284879645499835
21,26.651115779858763
42,33.40048734053754
18,38.8045171841047
45,53.43704220389013
63,42.9989191257129
21,18.837487478729045
39,44.16466549959454
33,40.6775713173669
59,43.73874054529227
20,26.18221742795302
36,47.80660620366714
36,47.20947435350994
27,30.63551490581321
58,44.435422193335036
23,46.40316066644522
40,38.22121484898924
34,43.5871535523794
21,33.98293492148672
28,36.43906414701153
11,22.955307709958078
28,23.503858174429237
24,32.75569460941865
43,42.12088258974698
37,40.45726052855339
22,46.684539018571385
36,42.577478691835665
56,45.10009318012027
24,52.221066675354024
10,18.192109179614828
17,39.28892788525664
55,44.78662964448934
15,35.64388085000831
22,47.43214697920546
32,41.61449747301285
53,45.56955913566374
18,35.45611701938245
38,43.96906796291496
62,45.11274724529727
40,42.30368167174743
12,36.59986788002539
20,37.4896698287761
15,40.384636061690145
10,21.875508781518967
51,45.639009520784946
68,36.68379613527875
26,42.485469517092376
41,39.46496678738969
35,31.83092348873255
42,34.817359687686206
28,35.30068004426764
51,43.0008731740687
59,35.08903814768571
47,35.194685758522404
38,37.07285991771321
46,22.712852590031126
44,43.19472864585903
72,47.40798753793066
46,37.213351931474456
24,41.40447110272858
39,39.75031599305399
50,40.53755872361055
24,28.865160453886848
44,39.36781279252631
73,42.92436855459096
32,40.30220544402789
71,44.65445565105975
32,41.07132405904111
47,37.05362610673934
33,25.4415778439547
22,34.340572458688946
16,30.50661455932618
31,38.92297566104213
41,39.21998263534873
42,44.65150927307839
34,27.946787154499965
34,34.43939276060378
60,44.112031710867086
51,42.042480914415584
35,39.711410677715456
55,47.50060304400371
55,42.461415670696006
16,27.90412713308383
18,25.27556053410956
61,39.9530012404505
27,37.287325726609396
46,36.638067954446626
57,60.482862950770965
17,36.43534735228329
30,47.31068262281165
26,40.980430127352555
25,34.25358973391
39,40.30545419885336
61,50.8195198746759
12,21.231432214367146
28,25.7233645265039
58,40.546689678327525
37,44.55779697821569
42,39.97866349855538
24,30.160020647060705
29,43.74218315897431
35,39.403710161594866
44,41.113282078777964
37,26.7489735105529
41,44.74930935849959
36,40.97553103483999
39,30.854158008041136
12,36.024436932887305
43,49.647814097409594
33,32.547260063198
45,43.9292124660236
26,44.0829693429539
54,34.406649911709934
44,49.31418994136308
39,42.60430962072805
20,39.76697116132171
18,18.98036566272229
32,42.01261656661553
22,26.01842871824491
45,45.47608353707763
50,46.401510452675275
58,49.17911336064604
25,39.25721864063864
41,35.63281255017485
45,54.14840074343314
45,47.75021875694315
22,41.08396551178811
54,42.153460426758166
21,25.267348570004504
13,39.05333518402127
24,35.48899373867054
55,27.01487827057932
37,38.11810008439478
14,17.490034631938336
28,28.82002934393089
43,44.404644434346956
29,48.83268380790336
22,35.01529391762228
49,60.139519757149344
22,22.97841019836533
42,46.152206015590274
44,39.165949547094975
42,46.39864226834762
45,41.19343195244298
38,42.66957695925798
45,40.38580095627216
24,36.1389737984898
64,51.01825349291756
45,50.12526939227817
16,34.01309596992494
58,43.56002164955573
20,22.05791606861573
54,40.395609905242644
36,37.68739858414797
39,48.70320974297647
28,38.78722068259151
30,36.93172364587103
59,50.145052896718205
23,26.206766160358598
11,37.394697747979706
49,31.799747960429805
57,49.4470122680747
52,36.502243349055384
53,36.33465090971511
42,38.62311198301113
70,45.80579425196181
46,43.343192861211364
29,41.26789763654181
29,31.24674492917113
69,47.3171604678249
41,41.45661540835501
48,46.27622193952575
39,42.52485125625441
25,28.61648980870362
44,35.42673818512429
11,29.295247842760737
46,38.62863849284461
23,44.78314013979873
27,38.372365136239935
22,44.26125711744362
54,38.70409297471254
39,31.254717585613044
37,39.361833039182535
50,40.4932903823166
19,20.62280317353069
46,44.39215118617039
58,52.55914193274252
47,43.994629848634276
56,60.00103966791703
28,39.134087096541386
20,26.51213204143107
26,44.85511487466724
43,56.860420201004096
38,36.20656596309781
32,36.32545308140701
22,37.0753243659129
50,26.71302584971196
26,45.40643592390101
12,40.8646002226978
25,36.23171678966398
17,35.523105732549
44,41.02108722355034
19,38.440058428221576
49,46.182894311487544
30,42.603518524026725
23,29.432474140456378
38,41.16161977597283
40,43.39375219361843
12,40.32633440080477
21,33.167161000081926
55,45.61983101317878
58,47.403630898762074
22,41.66525145743345
14,28.048520162480717
17,31.70097038825917
17,20.052213954922774
43,37.12514851098929
38,40.94773184621232
41,43.769391261851936
11,35.15330731432322
14,13.961804448876022
19,31.61988472888109
44,25.66704950478987
28,24.547165662820735
40,43.80725140324615
80,44.47722000549055
66,40.863321676274026
44,50.28444751640609
47,45.19675172219114
44,45.3388707102874
69,43.12569903798137
60,43.50484335808782
39,37.01857459880592
11,41.832323077486514
23,27.563965856218054
48,52.03025140409403
21,26.620247945255368
50,39.01068986183382
33,36.738004643973056
87,63.066869122398074
57,39.501488068257665
58,44.668549416567465
38,36.504434166218424
55,46.38033207417292
36,42.02632746860395
54,35.555501895283044
34,50.07719561707743
28,42.6334701336258
71,38.70891009997715
52,37.79333130468086
26,25.806665318007063
50,48.06713062936524
61,53.53188687508386
47,53.189595012624395
48,32.72321802501253
48,39.67434726418148
21,34.64629070478222
58,45.85484246146294
42,38.54949668319714
41,32.77509457883397
43,45.866824973778975
16,21.648684987258218
48,51.96721120925434
50,38.49920311399312
18,32.227159397862685
60,50.5923062597376
16,34.01129777741527
39,36.02521679851504
40,35.48905754424421
14,28.32205001163548
67,49.90798592113313
14,29.24880022480378
24,34.65907401720446
12,42.30253472814917
22,40.68425684600833
12,39.96388157988868
22,27.75832110138941
72,50.746027717451604
30,31.99392306824947
34,44.485101489316946
21,35.375504189449806
42,48.14985867917221
32,42.88986221928726
17,40.542718534540164
29,30.528393933278316
47,41.091054375339866
10,17.901848452847513
55,41.3038304644232
28,42.23014597364505
26,48.88785194907752
24,39.15610079158242
43,40.651281479550164
22,35.803296834470956
11,39.0241958266523
37,42.378779145329126
11,43.84263771413031
50,45.16836927099017
60,36.88928710979839
48,36.26148693559619
22,32.263280765258195
30,36.904001880524774
25,31.121603040840018
56,36.39683812290339
42,42.21012465960053
39,43.52579897597317
24,41.32872713874387
52,31.68610045149537
27,34.209894836799066
32,36.8979462700498
62,49.23853762390309
44,40.394637293848504
36,41.5473613706601
31,36.24102628113541
43,39.196591963623035
47,43.14605683450902
22,40.75947204597072
40,41.058505421735575
42,37.66045215020767
75,64.02816064284497
42,41.59318892996904
56,43.088524043061135
17,32.51524179205052
69,45.39925076115878
17,33.88356735921156
38,42.43069917423977
56,28.642310336345716
18,47.39138214373702
71,48.822423316597025
27,41.57375555721738
24,30.665616507474905
33,26.465889219582806
47,42.107014518495674
83,44.90595067352187
24,33.06916470482499
47,46.1111428568705
36,40.48283556466413
33,42.565461299235814
49,49.77949244386011
43,38.48071059176779
21,30.43032112299889
48,25.865850797621302
10,46.21414002652568
48,37.063607050345325
17,27.44029133343677
19,39.14720048008496
73,41.33829207188612
42,41.37270920501363
41,51.80670878517678
21,23.992544407633304
30,44.25011218141912
51,39.93542892412832
40,17.7776153540373
63,44.31516541409908
35,38.34218412698412
19,26.42011209656966
64,47.847247023962446
10,40.748031747208785
19,42.636735150161094
62,43.198234711005206
43,40.24155166624479
35,40.78636861017626
25,40.77594655158143
43,30.715743042015447
16,27.471155984911974
13,22.15474819509555
46,38.684860683893035
50,44.84191003302183
58,36.179705841592074
52,46.03748292814983
48,55.304777728859115
14,41.234317692618696
25,29.542724176967297
52,48.7833675808513
18,28.48075733189048
50,35.63316796246122
53,40.130597645590484
27,44.40404671542993
47,44.71795438726426
16,39.858115375905044
77,41.79760057037982
38,43.20201559621647
44,45.38543914160249
33,37.76402688430354
19,17.6232954831476
50,46.171948824398285
49,30.34091652114018
43,43.8447331894699
22,36.185452396444774
35,36.78274576328297
76,52.310025170270144
60,35.353240334406394
24,31.064848923139216
67,64.57422631353248
24,45.95029126227264
57,45.394589684687126
19,28.94250310945222
24,39.91289191721344
30,52.361636607978106
51,27.795631358002723
46,48.125335611955364
19,28.128769950959796
59,38.95981496349856
47,44.42987100195672
39,41.48776630910126
50,26.849806279512972
12,30.278183857091594
21,23.686175473287335
43,40.13429017908232
42,43.066792339644955
27,34.76481423247974
11,34.27067625911667
12,38.12777953411653
66,51.054845379361986
11,16.510281011997417
58,43.8324686623346
30,39.078744535819354
58,29.734454647761204
27,41.03217272181834
56,43.68494430568687
22,34.521784360542284
23,39.929933673445525
23,32.09479290734059
43,42.01502258668321
58,47.84121922969548
26,30.104343348931565
30,21.453342526588305
57,47.383717985895075
43,40.40138915914245
61,44.235814469998815
29,37.072248558931015
31,46.05337750872601
46,40.86689766585267
15,38.883219940928335
28,39.031604563776725
37,43.83120857760767
57,36.731921794536646
88,46.28952439158178
31,32.82139049968372
26,38.09639945701745
15,27.560334296724186
43,46.56355029427079
14,34.749961733878735
71,57.612318508078204
51,42.795358395625264
48,46.88874515896796
22,42.922887248921846
52,48.59026268684511
51,47.16731429360582
33,26.296629992283204
27,36.20481811307222
23,44.0871611917507
62,44.76074077837464
38,31.074058657548044
17,22.408009740935537
60,40.71238097586086
21,42.95074033792506
27,44.5088705547762
61,39.172156978260304
44,42.52588593425604
49,36.493062624087095
44,32.03328561893781
55,43.79763850880616
20,27.699194289890247
40,43.29429961161698
16,19.964392146535943
42,37.46942632207565
25,41.07808357086922
34,42.71292835402915
50,45.38696863559984
24,22.831190137099867
13,16.215175558729747
41,43.62027822586253
25,21.652863451617915
56,50.43775534641172
40,37.718597468072545
49,43.01636253220536
17,23.949425674517865
12,31.16846326018661
32,37.822458214912814
20,24.61165460010396
20,23.553828961606584
62,52.60188993842414
19,29.084128638164426
60,47.81640561045954
27,41.21552339287053
51,45.27531231021503
47,35.790318909212104
61,45.91545716866769
22,47.89475786555302
29,40.138130093257296
43,43.073792500640174
42,42.37258595123777
18,32.87668156482796
59,42.37187592148205
22,29.737932471574062
10,20.559701751836855
46,41.60605930420207
21,23.224594718575805
27,50.92297379465887
26,37.72988626790915
68,41.00731135224241
16,27.93381876036288
30,36.806723234972914
27,41.452075929200944
28,42.25912188719109
40,40.76807768535408
50,41.66347824678824
59,62.63630064988754
29,25.188102135974205
58,41.083730457942366
67,51.99920175535327
14,27.177466970658433
26,37.64421763225881
27,44.761119098993476
20,33.662366677307524
42,22.592619928696273
22,41.38286196635299
22,37.33886073845573
78,38.39178419797444
50,49.319910746312424
25,41.71551124276507
34,36.68313214658609
53,45.47796075052504
23,30.73833332080481
39,39.38223725713767
59,40.501749861166616
49,29.912458873014774
44,27.700639850010877
23,43.1731576573329
39,41.81022222176233
67,40.86262048071058
48,45.01829742106923
37,45.35839944875868
42,46.65915861349836
46,43.85303155659951
39,42.81998860917548
16,40.189113871214865
34,33.381501121381575
33,38.81437381235269
41,40.0819353165944
59,50.525081222730826
21,22.33393721545641
62,55.588131206705164
39,43.27005197850233
35,44.168486759668404
25,42.34484680883686
30,33.869288164064116
23,22.86823884842836
34,40.05825969432866
41,34.965375447662375
41,42.78795822271056
36,41.75722900799671
56,45.008072959270564
34,35.03830558604926
20,41.093505007464834
20,29.7846616905923
42,38.09882481178918
42,41.52896018525998
22,29.09708387852056
62,50.809218951017684
48,38.959203616787555
64,41.75685109258141
41,43.69675308347717
23,47.19138005878507
40,46.30229390248987
24,37.775694264434904
49,47.29947681137121
45,31.502183965516146
38,42.42263560139449
38,47.31226637460151
56,47.13964692238018
26,29.77192044178303
22,35.79084733243973
18,36.7247632229896
13,34.8544694365645
50,49.24688800801624
55,41.00524966762203
72,49.82333487945343
18,41.42603394185377
33,41.539057742615775
58,51.122931274399036
26,35.08964247269108
11,19.455212706740483
24,45.85679813516954
50,50.44289829428609
26,31.384949561339813
39,40.06631139438203
51,23.98103265305266
15,29.273548287385736
39,39.710666541569196
20,22.929666102716013
64,39.43902252905838
43,42.75754347285717
54,45.14499970504111
45,43.04730482027544
33,43.14883508242272
31,43.096943297724756
50,43.08127323122227
77,35.95506190921165
44,51.19216275285219
48,35.41288992163028
23,36.89550945125207
59,44.541077999248216
20,47.89216153340842
36,39.755608763911674
22,24.563503468062795
30,39.70405726572841
24,26.455847407703303
26,46.577944977076534
55,49.38577604744573
31,43.740416304635
23,37.72791877456543
56,49.15774789856336
40,42.4157574971626
30,38.053002911614215
26,35.68979101055513
46,41.670282805828464
46,40.074013429223754
60,44.05768092409649
78,47.762756047526125
71,47.682992106884974
21,34.16529488221922
71,44.10137510904551
22,23.41186060400988
22,38.83110109950156
19,43.69723054036296
21,33.439100875040204
60,43.001905747538224
28,38.19174229324683
21,29.567163498918966
64,51.98257152600627
48,36.9445225258812
48,39.642702054886634
18,22.427171666013173
13,37.12060144507751
65,42.25856475606049
68,44.24249818549255
36,40.843448929764904
52,37.478891435442236
39,43.30036670639383
50,52.97811416062058
20,26.37979978531249
56,31.994657125166825
54,49.38904797062198
64,55.52405014162554
63,45.59203849448117
16,34.061731996308374
20,31.94785345189362
30,36.511910976612484
38,50.578526672828076
66,50.545238711171386
71,47.34695484027267
53,46.18862440376094
25,38.092737324771036
67,42.418625180360095
22,25.30895601182041
19,34.91178969492711
44,39.826563208994294
43,44.58336100907098
68,41.00640713288557
61,47.846810465892624
23,40.17838254957829
49,50.20404408352364
56,33.40596387886375
13,18.113176127823785
29,38.55518193586877
23,36.95642299311307
14,26.776698781966733
37,39.794508711272805
61,45.68286780850054
31,40.15592253207908
45,38.34983020374601
74,45.073103290914744
72,42.626463127575626
34,35.79006821273699
36,43.06473623769412
20,35.165105229629994
31,36.859684604738646
38,43.4059465223963
16,29.106179034528544
24,27.756847847033324
66,43.04238550343726
24,34.06796125609931
12,26.97929055900441
23,24.60779378092892
35,38.8701731084796
39,39.477387638092694
22,39.069658220594725
44,32.76638087045455
44,43.683377178066436
35,33.458675163638034
49,38.171053608367735
69,43.701739631605115
76,42.98506024259259
53,52.1453196050472
61,45.24564222649968
52,43.96364389402299
28,28.724601855285155
26,45.16821976285657
20,23.34479749866517
44,43.103231748953455
45,41.943576438878694
13,30.71728386063056
30,34.133384922325426
46,40.37542268147365
23,29.427670690826943
61,29.662462823988772
43,44.95438383361221
14,26.79341221478652
45,39.078070505414814
35,40.261249180431754
16,32.21064870062208
13,22.796765386405585
28,32.54354549454692
41,38.644302159746374
39,43.905536307504946
36,42.78189966613821
27,53.25342813949335
33,41.45589590895169
21,32.53495060014931
35,40.6857364781113
55,42.951157796001915
54,40.77809435757111
60,42.04415758391257
61,43.71561265678663
41,42.84654548598214
12,13.698165931764475
39,40.10100631057106
26,46.520554221409796
51,45.52604305230327
52,51.02786487519418
61,44.287107921571604
49,45.24489330719231
27,48.08448108989141
48,45.959235738227314
57,43.93521548885521
19,33.13391354564369
41,50.37976346168452
13,25.90941441812244
46,46.285536953281444
56,44.93877228687889
64,45.07656478859702
29,36.61574727178601
11,22.978779589810355
67,54.34677273393141
60,42.88077312644313
71,31.453480329717728
26,45.25832284627491
73,48.98238892882597
22,33.02829347273986
41,41.260827181734214
50,41.81639878049348
41,42.21082587292143
40,39.47002278724999
37,34.07335750985848
27,32.25532960187766
35,42.39090305190849
84,46.1686739423597
57,36.580508498070756
68,51.12156324823062
64,48.771576948946446
49,34.1445529109837
61,40.5385039714826
36,41.71714048296624
65,40.3340414135854
25,40.66917351958245
44,67.55673372596797
37,35.1456206355814
21,32.26305204445235
32,41.37643013003062
30,43.40663491066006
48,44.65282020336382
20,42.321263495812474
10,13.470399391504836
21,36.37194802797022
21,22.950211034562628
28,40.91397223353573
45,41.51358518393958
24,34.12392697856695
28,40.341752790974276
20,26.24942401128747
43,44.04276592977522
17,44.572063643352614
41,29.937228588893216
24,38.72801807749462
10,23.60075279642314
24,37.18938926504052
66,40.416129574570625
68,49.45161332858441
42,40.300417329477
61,41.830321668606786
58,39.139532919598714
45,37.81797005621898
75,45.81487280318573
54,47.37591429748531
26,37.62438634216586
29,35.05281062051307
59,55.855355101245756
29,38.10646351782943
36,49.081034614705075
54,33.693350293249324
17,31.215177448502235
40,47.19300193435258
14,33.957670440095484
26,27.920354997095387
26,17.756639639822023
38,41.46124066156914
29,36.83731260629066
62,46.170165265725565
33,40.58042424616691
43,40.080933309666044
20,35.94444353653891
41,42.48867277907941
50,40.94185839893609
24,23.334508033377848
39,47.58398992222471
44,44.12503874344423
65,50.053056577959666
15,30.3232963799221
52,35.96228561524767
22,45.062068925898686
29,43.180247544083606
13,15.051759019849287
22,26.192645511089967
44,43.97303202913103
29,34.475488953559115
20,40.361753526303595
44,40.48474188874583
48,39.353693436715346
42,44.97312538576613
39,32.95665685002389
23,39.103808812854865
45,39.14329231108262
11,18.32325104691777
41,43.400327180862945
42,46.56404972808624
21,23.385447544647423
61,49.494294978057425
33,44.624456382554925
27,24.673812823329445
90,54.314680858473764
24,34.916794663090165
29,41.14369829165573
15,35.95099390885676
17,24.79957830160751
44,19.855760892642472
72,43.291348987018154
26,41.700022164629196
36,40.41494101012468
34,38.15802825932492
31,36.98491667599024
48,45.6609976897362
38,46.39832211564531
55,48.364549662701904
37,47.990610228587684
25,43.73154929322927
28,31.490602898066687
40,39.3544284349655
26,28.40501647976451
66,50.63467869904115
16,18.28603661076688
32,42.2648133549853
63,51.19668254321468
52,50.89413971398144
19,35.17709564474072
26,41.64264207271455
19,43.80797588447305
23,27.251180296750206
19,21.399668479246287
66,43.33947855630589
48,40.8274775540857
41,44.30812021492056
17,33.15994077394573
28,27.40733630215019
39,39.943064485083035
62,37.60429008772325
36,43.0656862539752
28,34.993849095075404
29,36.3083348586796
36,46.75904360120938
28,43.00862135218618
57,41.9624022635798
21,34.15722840554434
29,31.501296411750342
42,39.598019134715535
33,32.57727812323426
75,49.87726362636665
46,46.298983360469784
28,41.84042245213024
17,33.442644922954294
69,39.536429815196556
21,14.54117969531722
60,37.27117327651201
40,43.745195835858134
72,42.725123482255505
53,31.88244192826739
26,26.888749654754744
26,43.41483838672435
15,36.58224176070915
19,19.392809776481172
24,30.265742991703924
25,33.570209755402686
33,40.378595395625055
10,34.129720097661895
54,32.247998164798275
21,21.63608776691961
54,44.94886994231814
58,37.75287353960209
62,50.17231609857234
35,43.42638984765367
60,46.25328392576119
21,22.472862546078193
22,29.794667907633162
28,51.703907161661775
42,43.43717815979565
19,31.732202431544465
19,37.11722769719339
56,41.8851721397004
34,40.47278361822091
33,44.53186835443992
49,42.93620848301205
19,34.53971991459703
34,45.61938316765455
46,43.218794131401474
24,28.16630804368732
37,41.154909766244835
21,33.597106494747244
49,43.075807824619595
63,49.173392178656634
35,37.14598935830609
26,36.91913412995942
44,45.3648146934212
16,35.8426539483433
40,20.361073491920628
59,42.081093115550715
35,37.24581320379412
40,41.228144659420266
63,40.81103280648451
63,44.87658714502196
23,27.871741093297956
42,37.817833694758995
45,44.47533647578226
39,44.69327073747094
19,23.740006576680212
39,39.28536372139749
19,49.0707351804242
59,47.69564244477383
25,30.64635289808077
48,40.418888628504675
18,32.977814897415186
43,42.148025926974576
20,22.944594990497112
41,40.99757523398381
19,35.01109128198661
50,46.56167019898267
21,21.799595779249216
13,43.81208061192181
18,24.04080194562877
43,37.902173023012836
32,35.79819336489298
25,33.72484481185968
23,23.090717260509884
56,44.22553572003956
54,56.057484195954075
33,38.68304022315155
21,42.00842606532325
60,35.33638999311011
17,43.44824875647675
77,62.253638311414335
25,26.683867679994602
21,24.623884222924488
46,46.60910405994586
26,44.847311661478805
58,39.35570823602945
18,47.87248746948754
55,50.101411975136756
22,33.181929922752545
20,32.45868514952379
29,39.96369653925
62,60.31087259584242
61,46.60911831237252
28,43.65845146498606
60,48.9942821759364
41,42.61293582767532
34,30.19149420940432
20,43.731417940084675
47,40.88169368126592
55,43.55935614073642
36,50.50362352604562
49,49.33685089570914
47,44.26487211504948
30,37.062907958653774
51,45.187404590006125
23,35.30522519306518
26,29.521366852420375
21,33.82760791811424
47,51.28763995494244
56,44.82942926654667
34,30.466929070591068
52,43.89850483238248
29,26.59763053073816
18,17.20583648081456
22,33.70096290741675
43,37.56280624659998
29,42.49003020386463
20,27.10405757997158
18,19.794177007319163
30,45.90926138674494
35,43.183332448902846
56,43.89024489283394
19,34.44225057019448
20,32.59559396614977
22,25.735943811724567
59,32.138865300091084
56,45.662479530327154
41,43.90180539704804
70,45.07510163729386
50,40.98079441242307
27,32.44908735086415
19,36.47832835434561
25,40.758181163768796
43,41.14510170949207
25,45.52742600715993
37,40.08482634501561
67,51.39089587184494
17,27.20055457913851
28,43.40666569425302
25,34.346001801048104
49,37.3055103774504
28,33.100161544747145
36,44.34954348627041
59,57.33552701300634
37,40.904596514549006
62,50.901011692441045
52,30.25573053928919
58,36.00442415623409
34,32.860098518949535
24,41.89115481741058
56,41.52799383103843
22,40.92466657897116
43,35.80921325007735
25,25.499861412940778
33,48.4420740292147
48,31.235915885169792
47,43.08075722585041
21,39.319805912511015
39,43.14333282145669
12,14.677662862701304
36,48.87394522516652
40,41.09963673644295
51,42.33165501022618
42,43.774636411161254
65,41.982495487051295
31,39.38655811812278
22,44.16437493311095
38,36.23119855699793
20,24.10357965353458
76,51.32542922483331
42,48.96834154646911
38,46.19192117382879
21,27.311348207719572
29,31.34873913525411
18,35.08766959634822
37,35.39587694359517
39,43.26948349492938
62,44.238823216764224
23,35.48207439330379
53,43.36067003891445
11,22.03691260404695
44,42.56679551334869
42,34.709299479155405
25,24.573764484277966
21,30.54066649227522
36,37.042621113802944
29,41.1712755328841
51,49.36774663024659
38,40.940406805695645
66,38.434609603745585
38,38.545060112774806
42,52.08262846289047
28,39.088465765662356
21,37.930126675089284
30,27.681035089209992
49,43.85304017326768
17,35.48435223836152
39,40.10741930378604
37,31.676631346276512
50,33.02003909660036
36,38.36737361882622
13,32.95791458684176
46,42.01217844893208
39,32.176387796262276
39,42.225181534953755
54,45.3400436121421
22,36.86276833858457
37,33.48552398882171
16,23.901435363280356
17,25.72942233788905
40,42.80971312440184
30,43.172481113240195
44,44.28665477282514
55,47.47554492355718
28,38.38868610948958
38,30.577912078993446
44,36.15891289879873
42,40.916177163518526
61,43.66035006551924
44,43.09598901973715
26,40.9041273407477
55,49.44466767444198
38,44.00817161217122
48,43.873042282926946
19,36.901647939639815
37,25.41298603222215
52,45.62403511903989
16,23.72252024563248
28,43.391539596419506
24,25.337829009565294
15,35.86584755353141
38,46.58591429057001
63,59.793078992868075
48,40.05065944160431
52,42.58503554795083
84,53.37518921883121
22,42.12523733397475
29,39.41971276068029
41,40.66968908048934
25,27.266556512852148
45,47.47588062017685
66,47.24267179380269
52,45.69803827074417
75,44.51504400532248
45,43.31789709019003
57,45.37688720805393
73,43.79443529340173
12,39.4766265330434
27,27.825020051353693
41,43.665494536484815
50,51.16505053350838
60,44.2700116341576
20,31.920376947131288
40,40.975327627171794
42,35.8821358290167
31,48.3962967005431
36,43.20692352542823
56,44.04336467007192
17,25.300069407393025
13,20.402545311241905
28,33.37769260335285
34,37.328341427819744
24,30.230210990255614
25,33.06595456145259
37,45.11577167139593
22,29.9918520007928
58,27.073878358457318
53,38.662951225437865
50,42.620479557995175
90,45.00831606045286
11,32.875789358464615
46,31.442412690866682
30,42.32858453869646
51,36.97374455305121
40,47.86803516683449
28,36.9416497355082
37,47.574914512170814
46,45.04381788665287
11,22.80486602176506
20,35.688550492528805
69,47.747413021320625
22,41.40073410730949
43,41.304682448039884
54,42.79223505495549
16,38.01343484478391
25,23.74925904652071
19,38.18455271241588
52,51.89716194786231
45,48.565936236011204
21,27.58005896130288
22,33.264269366904706
18,33.962240867583326
64,47.56947980503212
14,35.46725356141208
44,41.362564220615866
55,44.99817918670942
35,33.80947178576179
19,40.8145124291025
13,25.98932194741292
16,37.55279140067767
12,46.73628205540799
40,43.7638929600045
20,22.774793797930073
32,46.69926329269199
23,40.873138491414736
12,26.453156229585673
50,39.561122456520785
16,25.139976059280862
28,41.6123322068664
38,39.36143130608364
53,40.949720026997426
38,41.31991031967419
78,50.0866854349836
50,42.52447570911453
39,44.13476265590153
61,42.32246126726656
48,42.941184066631166
46,52.32734111173734
50,45.564340640770745
44,42.08673367055516
40,37.51356966198751
66,39.384745351234876
74,51.86063233354353
54,26.63785401859303
56,42.3854497033654
55,40.46800166429915
42,42.649582545280126
29,26.081843951031
11,34.9644280321298
31,42.88919787202448
29,29.728943454364
14,20.40543097771584
38,38.91378054259986
16,17.29050748653974
61,46.73277340625731
36,37.031992508369555
50,42.85400855125053
51,41.99299478736072
64,43.89404266842656
26,29.91157154533344
33,42.6201159317155
23,24.701749678604966
40,39.66328922591299
34,44.84790924784287
62,34.139391877762506
75,47.2924600385317
50,50.959734031271516
37,41.95651186135306
31,36.76903125764708
70,42.06709648345912
24,31.06383415252326
22,31.117228149006152
38,30.02602065607864
55,45.64236835656117
46,29.875764910530787
37,37.03036758008588
21,46.87486056144771
48,37.647093148358906
20,20.379605859873895
49,40.949160565857085
30,37.30187386067691
39,19.78166701341151
52,37.46174774721192
45,41.664768376843085
46,33.78957140332027
24,35.83278242457894
40,37.51246205408522
33,41.10822055057403
51,28.470691132992037
13,16.425058800374185
34,41.45865521330019
22,37.01316110171489
74,56.30187037427783
74,45.80079743617856
20,43.60351336500984
15,37.1879441334451
20,30.610952397993856
19,31.62547738852551
43,43.57857731932473
62,45.2052887693243
32,33.148518204934106
39,34.7955520643439
60,45.90381049697053
58,45.44832371151536
40,39.569528981285345
11,22.262136497777195
44,50.688885850581926
36,35.87469527257146
22,25.482094419341447
18,29.04500278763536
41,41.93589207163996
24,27.202096230566823
26,43.69893603335719
36,42.282599169718466
37,40.70715439431897
63,37.741684936259276
33,39.425327689039776
44,45.35501333291301
25,26.869007893841744
43,57.19798616290135
40,37.706255434379166
48,41.245169342309936
29,37.01361212429776
32,37.52353012451908
17,38.37260343010345
53,45.4317222600409
50,42.75463389472438
48,29.060694835672148
42,44.81088942916251
21,33.034848630921985
22,47.14442542338166
34,35.65766237494122
50,38.54023236246413
76,54.39671061117976
19,31.33823339935292
65,56.55764562912139
41,37.249886816232454
60,34.167370355177084
22,21.400083377926844
33,42.26293296020578
53,41.490953038110526
50,51.654365796766804
61,38.67296188593711
24,46.748441167038244
31,31.935314238834767
14,32.455568660083884
69,39.91118316088957
23,45.52193288702987
39,39.90187034914282
35,37.33058827069557
53,36.02865060225311
44,46.60263844082792
10,41.24148413965764
29,39.36441162681811
60,42.36268806688111
20,33.24156430545061
25,36.73045952178522
36,40.43734682328292
46,44.565968232317324
29,36.290134937445806
22,32.78867507209688
65,34.679275739429215
52,52.46494666214917
49,43.667938656838096
36,41.84066553731652
55,36.70501748233471
88,50.89202576059627
39,41.29604663289166
55,49.95384157515664
35,35.51025910758473
74,53.15930200051223
53,52.759536068675416
76,43.13344723983407
65,47.06806131255306
39,40.89179594836413
56,53.0165845777173
35,39.15313084980814
32,47.80754882796518
50,36.01824429989399
25,42.65794113872007
23,37.835558795674956
29,33.01661079474557
14,28.318406676793597
40,40.305320597933004
28,37.997930887035416
73,47.45316366998627
22,40.16346462778936
59,47.848810655094255
20,18.306339495270382
58,38.50933027467488
21,25.0653324371452
30,42.21271946085151
16,35.168978897154254
71,33.37706198910339
40,60.05370029842099
33,44.210079250252676
44,42.03826859944905
36,42.7447164639079
22,35.490281431543984
37,49.41330587952699
18,34.11852222410936
18,41.28151476108165
24,39.08902144039279
66,44.51723155677421
34,35.48571502808997
36,34.53290531724595
62,47.28897051521792
59,43.70841938096493
47,48.010667949075696
81,43.93350332248606
15,34.6217613448793
44,44.189937632209386
30,30.645108113989966
52,32.5648647240937
42,52.33359006614296
45,36.487741420016874
21,33.50172102124166
60,43.30804490982983
50,43.90925274236087
39,44.19519634320965
21,23.75929156880261
51,46.04570450581225
71,45.43377972135909
48,44.37601045046205
18,26.670345270091776
23,35.49239008220726
53,42.724724225547746
16,38.84709845981334
60,43.67798686507936
17,17.327299396776837
35,25.076991793691562
23,37.39579579019839
48,30.381501773640515
63,44.10745858122092
19,46.45721434983077
37,40.50790872545356
32,35.32749514006559
61,50.859352042897605
21,41.10097987069046
33,43.13870884029623
48,41.09851876256649
56,41.33329189140099
53,40.30604491786271
18,31.733393802500363
11,19.536399344462005
47,50.32659658080322
20,24.29145077548013
65,44.04052836484332
17,23.146618181801635
46,47.121964038373946
40,36.09369295446268
21,32.82311254490227
33,48.59914148733132
20,35.52627859622307
14,16.31356479941558
24,36.53703816018461
21,19.654045409286656
30,35.460977193285245
55,47.540390487496644
15,28.999002276139354
39,48.84986470949526
40,44.17275420949305
29,38.02323157394573
43,42.65229369051444
28,26.44805535476165
49,39.28903728258986
46,40.9794274636892
57,34.74112315423066
72,48.400896805640116
58,41.87752557642743
25,32.93129336231012
26,30.726574011426536
46,43.46568218757935
23,42.081083243498306
52,38.58235202134931
30,39.398685463446284
59,25.905861650075018
36,44.261791752856645
21,37.21882631535942
28,40.353943305310665
53,44.25611536282112
49,51.11111676837589
50,43.2434556567674
26,27.14938036117366
26,46.68541670324983
45,34.48547657872527
44,28.376749726291386
56,45.4385933726076
18,29.131561010364116
26,24.156568989080696
34,34.55069577448908
61,38.327260734186524
30,37.89827737059109
27,27.182503583955913
27,31.393596044011495
15,38.254631721984715
82,51.348026334847965
10,41.364566429326025
70,47.40138387070353
59,48.761519836215115
71,51.49632107870019
47,41.84294767791841
24,25.278205626289424
15,27.059428224801167
10,26.196711534670285
58,38.03722170171082
51,45.311055744620646
32,43.688195388459405
19,35.06817930449462
55,38.7984483519931
31,37.92887175253546
50,38.12336185716908
32,37.259510321343775
27,38.11062051212754
63,42.973061426991336
18,16.885883837922016
53,32.14888824632714
74,48.12725959579903
49,43.4254871986543
36,21.98175966701209
25,28.781494580677755
52,49.994194312797234
13,19.9268402881472
31,45.66840716029229
59,27.990496004284445
38,44.52597842285352
70,50.51230961860681
49,40.55141173557246
47,52.43862682744391
50,45.55509915690702
21,27.996233716024047
31,37.43843171192507
32,38.373332471858724
37,44.066407231969926
69,46.96335248435097
28,35.0663280285396
25,41.591364879305694
44,40.23574703281862
41,32.745309176558436
40,41.90219302119665
36,50.75104084170946
44,41.33097864585512
46,44.766001794017065
45,48.24921999006032
35,43.02587711184714
31,36.733978283461624
22,28.161691826628374
19,45.16004498436494
46,38.757496438857316
58,43.91929015542971
47,45.38500476915706
18,41.30024563787608
58,44.066925232234844
40,45.077896781862755
28,39.91627103283734
40,34.52468462097746
19,35.61799000054537
67,46.70475749263189
41,44.85233549284451
63,41.6703651454758
64,40.13461072598428
70,44.168413982046715
54,26.251206154556517
68,54.13036722424265
44,46.62842489187375
23,35.270441350207214
21,31.389874056889536
37,46.613294416599814
48,54.14368934932608
50,41.13900151542319
36,51.13894005001769
41,40.43124947516751
56,39.53512406793474
54,45.70336937593276
33,34.46551851353501
25,23.11690338462943
42,39.86298756162306
38,36.56456774828187
48,44.450612834981285
60,43.51633301354845
36,44.301082611220416
51,45.96106228641686
52,37.377490999149416
59,43.81300798765404
61,48.79648333415655
21,42.54183232353251
20,22.622625450241713
34,33.29722007105064
53,37.93859833926454
29,37.53329274280298
24,36.18522980790501
20,33.74443571318657
31,51.024651400204505
67,47.07931287266127
49,40.88706963631209
42,48.080970590937824
17,37.983498212562935
35,31.63868568464461
11,22.7658515860131
68,62.52746634673845
33,39.63918711038846
46,38.08444281563629
49,33.7484746797378
17,38.795324755093844
22,35.139932154862365
31,39.84455992455423
21,48.47193979788978
53,36.4240092798202
43,43.475412635170635
63,49.36754269916924
41,41.42718430457824
43,40.14976331184966
65,49.72465945046546
65,50.22100651169807
45,45.1947207619999
58,39.451103336597704
30,29.960055149495293
19,46.89883272809753
40,42.839948884191074
10,20.916798461680226
23,38.15702050381467
21,30.913440347774845
18,35.19568454691993
42,40.876687915203405
16,29.204506271161655
11,41.942003836835895
22,26.943041890657636
57,40.28190709619448
56,38.962546500271415
21,39.509775101674194
38,37.87886060366997
21,15.711318673535366
58,52.129203311976916
57,39.07323346536849
30,33.25574218050561
49,43.801077146559784
40,48.09440257168157
24,35.238768708341475
42,58.85887533060628
18,26.88899001233294
78,40.30959464569522
82,58.07876586908281
10,17.123215683534937
51,37.721436967080045
32,35.59680041722838
63,55.298931409991866
16,22.33806001568273
46,37.477716084854464
44,34.46072649854439
48,43.23480611506408
89,42.530301206812325
65,39.19533121712021
12,36.311025755405446
27,25.661453849843788
16,34.533714006754465
77,47.37868162904209
26,39.05782878892682
40,39.08637125345367
52,42.50971266164162
35,35.77519165560962
10,31.315099771802032
46,45.10027017358171
20,20.22727320198366
49,26.82784522119456
16,21.70182826777082
40,35.69944336890498
70,47.28788563648533
25,36.26524037540013
24,30.68527245526504
80,39.91651166740724
26,31.945173061500526
21,33.283949581924155
60,45.720914913226
48,41.47440485819354
39,33.272055378227016
42,48.60420340926865
22,30.145360113111597
49,39.88087749699307
37,40.435312365372425
71,48.34355485788826
52,35.40674231783104
46,49.30524959237349
37,35.362405866148954
48,46.65276848870777
37,44.730911773005694
29,38.02574651536477
39,47.98403847087158
37,43.008229151888635
43,46.17254789015558
57,36.65909061464218
11,33.92500026860141
27,41.62047824767274
18,50.9603979371101
23,37.7017460292129
62,42.026614579129856
24,34.6872318214178
65,45.63576945269957
13,23.535622226720783
80,50.08377630577333
38,37.85603266656497
49,33.304723258968075
25,42.4400769820606
17,38.02212592701137
46,35.41697196387943
37,39.025568884489694
59,31.65748061199239
48,47.54773347541723
18,50.34591213875023
66,48.73174008326332
63,35.24123235723512
40,30.6593445224763
33,54.513151494977976
34,38.518962252995195
66,44.87658714502196
21,22.216394419570797
41,47.20988369504775
69,63.12846380880937
62,46.54787965884565
43,42.62775427814346
18,26.247171990559895
13,32.79067976254584
21,31.1101864601016
49,49.75063393287738
49,43.86268485016915
20,37.38272549760374
29,40.23089051995121
50,38.416777104144195
20,37.183797746456996
31,27.20095434323064
39,42.291127720293716
53,38.34817422216067
63,46.09669110396883
32,43.69723758217168
37,42.434345274070665
49,50.4042816971289
37,36.20131445434521
48,41.721991547616256
41,32.1924728407126
57,43.395688695884985
17,34.73869627152765
62,47.61642075386606
77,45.98183954244941
38,36.18373968344274
22,30.718107609386053
43,40.33194970025332
41,48.080584614013645
21,44.969438415477335
40,47.23229261301389
14,21.67957721006183
48,52.44312950177907
29,40.6180001483399
57,40.63124807587666
43,48.81904355342869
24,32.62065693640513
48,50.65331875766453
37,41.90428471378338
72,44.93073908697475
38,41.240964598792864
25,31.412362083574564
11,23.3614497098249
53,37.41102247331865
35,37.22718696457082
28,41.93946351621285
22,30.48112265981518
36,40.98351112583194
48,48.188435072817086
52,36.01530543890722
27,38.42444028579086
21,26.736430050098424
43,44.08893292531121
63,40.76861652263477
40,43.87901602027641
45,44.34699262031976
43,23.651911409109577
62,41.006619863787485
45,40.78718046167015
40,35.08286878328195
36,46.41732762732113
35,46.494017430653365
38,44.58379478495069
14,35.357405515243556
15,35.481243094329386
54,43.94326562356026
11,20.641148620187053
52,41.41123583414736
62,59.44415321949786
43,38.69365011193998
63,46.53073651894521
25,36.37245266580346
71,52.6713481725916
64,46.95274289016458
38,27.39376731717737
36,44.242782834909015
44,41.508710342110845
18,19.938288382859643
34,50.66525573562128
25,39.857981819190414
75,43.91239021381928
27,30.20544199991345
14,40.38034473677355
25,39.71065942308908
26,32.738786981827346
21,40.08332988936362
19,31.14720950398472
32,40.991414925575945
64,40.41157909186929
53,49.26082864606985
32,40.19457345233076
19,26.111045679178165
37,49.68670770956774
37,48.0421513503054
60,46.047723927215046
65,35.51589846547189
28,35.928776088015304
62,43.57085392614346
39,31.893342128933735
50,35.877638951199856
44,42.6754260189216
42,37.50208612651663
56,47.49531964527794
19,20.76812071267836
64,52.15510534769187
23,28.51783072214982
24,44.50365565576304
41,42.58868538247273
14,19.708212758438847
54,40.02025919374422
77,48.67575400328269
20,24.023595858706898
24,21.92637459727502
11,13.782998673224899
23,24.185946671482384
39,42.52990076374838
41,41.36205146973223
52,20.070437209223204
60,45.895010521480216
45,41.69069226428367
69,42.81913525461534
40,47.818160372643234
20,43.41130472826773
74,42.592294279705
35,42.90377705101151
25,26.746151123590366
27,29.091310308196103
51,52.43822834615075
24,35.747727507502034
52,30.568696252769005
30,38.688244852661626
62,49.24908928170544
21,24.843992753030502
67,60.30712731064085
28,23.420759168913364
29,40.31905150510059
43,40.868423910134226
25,39.975277314638944
11,35.56447595461489
20,24.340458873781348
31,52.55655790337163
64,50.638885748082856
49,49.63974510035009
40,43.32766114076637
23,32.65122352911565
57,40.113735377839305
32,40.349372911515275
62,33.22529558112276
54,50.453630438635585
33,39.92336185135068
18,33.542575880725934
23,41.65362862181812
19,43.91224384751049
51,43.421482561745464
33,37.25096150150617
40,39.171141771864235
32,41.47637327859102
23,38.786431561851145
13,35.030134912314224
12,34.38399387805541
58,46.23158254078115
45,36.029591576895214
86,49.34784596930854
49,44.271416068833815
29,46.61004533911675
40,42.84477141186718
30,43.60457290165784
55,51.468763382040635
60,47.15918385714047
54,47.052883839123545
24,31.686302626506368
78,47.49217515778997
52,35.82197408162293
24,33.8092969746674
47,42.11958716268086
22,43.16371603641224
14,36.159501521939944
27,40.3982446795282
46,40.45375979534164
40,43.82722970016282
36,42.57750669673985
22,26.06682179339417
20,40.921734297023505
59,53.802457679301135
58,44.72014838253748
32,37.259519576786786
42,43.82100892002872
22,39.34382359180819
21,28.856198789648136
34,59.878735117581854
40,36.96125776207557
20,25.506806582822733
49,44.3193843859263
57,37.69845978481561
38,39.51243618830413
40,43.05829759858391
45,43.18705793021663
62,32.235537475793166
52,33.83924693277128
28,43.38839277670338
46,43.432953172974365
60,44.76660052341195
45,40.70940511657798
36,42.875120266895145
22,44.58510651382202
75,62.65797731838316
22,27.247412713116876
24,38.871773378326246
60,40.017251514813886
41,43.25583367972984
54,46.65406737859141
28,38.93407851758613
30,18.82056678459238
21,33.93374983957275
19,32.54932236498292
29,36.40026975814193
24,38.29566197846178
19,35.61579729132327
55,35.82566548416905
18,33.28317271695676
61,60.933815445656066
63,32.239716001633724
37,45.67541420457885
26,37.751682300590204
57,45.085321277120855
34,46.68876973345723
52,49.15180587473038
50,49.75581211667366
43,47.34284387420292
10,31.70477622418087
21,41.08507162191313
68,44.438748134560846
46,33.38761404019943
43,43.42427942262852
23,39.26925486656139
12,21.824697575350307
27,41.022007370953695
20,42.403487751037034
39,34.40032176002059
66,44.09233584578569
33,36.34462419840528
24,22.86152764147106
42,23.895273882379787
38,40.40999187835795
55,37.86928174009992
40,45.73811964438378
18,33.39769327647018
44,41.0508921340509
67,44.083086288833364
50,46.63039642939053
21,40.18123372773983
27,39.31058538798534
25,41.94684827905741
67,53.25119475899321
65,42.52597537800199
51,30.6777825828609
57,54.38077746269009
22,26.890961923567062
16,36.50046486729423
27,26.601493831707952
39,43.14835051260615
24,29.609883597431722
21,40.7015909067881
24,42.15766139657339
30,36.05568269429366
22,24.490175347417306
26,26.45632591160393
81,50.41540020775956
17,23.53962790033238
29,48.08532927121749
48,37.005079859560084
66,60.42319333068707
15,19.31596790508094
49,39.01384985809977
55,44.92127893309711
19,37.10895653900284
23,34.969822639192614
27,40.08210400749537
33,34.06032975103434
56,38.55604605993755
21,26.489947622726987
45,33.952253444427775
52,27.717694472973225
65,52.82547477459194
40,37.85314679369267
60,39.49587790526117
41,34.40542356518317
55,42.38572090699586
47,38.711963565475116
13,25.032481635304084
58,45.093383041090384
19,44.32409631266784
66,41.90956684721439
51,38.99323708417159
41,42.0993392077271
63,39.08868067489496
43,42.36449570416361
21,35.89431899628852
18,28.572578871492066
18,45.394765144222454
48,23.390935686795647
32,42.31612132754925
33,40.634025919174206
46,30.71145322690204
48,45.17171370020329
26,42.826087793072844
26,39.58099704850241
70,49.419871454933165
24,38.24989973658828
38,44.81872402327064
29,24.568620645599076
53,42.162331651943305
18,22.5627699341465
33,35.31828809922728
47,35.653235175612004
24,37.61205181517482
65,64.10312955848815
21,44.539568863713356
32,44.99221552980527
80,40.838478530889816
20,45.77742362622841
23,34.554773472345516
28,31.53209390992454
47,45.61148187507446
21,40.53021698141621
25,43.65323817063616
54,41.226187960971565
26,35.96500670529736
47,53.80683700479395
67,29.126575972867354
20,29.77386620962373
17,19.664627032165537
57,48.41585260194427
46,49.656493325806984
58,44.72706902438465
18,36.09550752670233
33,42.17904079902482
44,40.73031073375788
34,42.861609577769165
27,35.04149339689956
40,44.025644315294066
57,47.940332739787806
58,43.51174388116108
46,22.878724816958186
22,46.71476595583932
49,43.23413530126934
42,48.154873692290685
16,39.219574814345854
77,39.765735236999205
27,41.67098904461717
44,49.26740259498324
13,15.711407837776257
19,29.164292955778386
19,34.35564371433949
17,30.738503709108127
28,34.154091453045154
62,36.99500326901466
76,50.021266512257135
63,44.5604022373729
32,27.046930839468896
84,45.40051163957088
42,35.227936507936505
10,34.90428010831696
12,33.61249592014775
35,42.08254668616442
65,30.61094151882367
43,37.447562795225906
65,54.97181148952681
44,30.641016849323414
19,25.13481674002129
49,35.289036371081245
20,23.280736054977243
53,46.578173187750544
74,42.15514509124857
22,23.134287634504787
39,36.77748378359092
55,51.469474275504915
19,29.40521795494729
42,41.11024902974457
59,48.39591845506405
71,47.38618503492051
62,33.16351986359266
60,47.7288145024758
35,40.19004527983799
31,31.20887335110616
83,41.708732660095684
41,42.30371538968918
51,51.642844817422784
22,30.448420043569442
30,39.96927530777173
52,45.36608765402133
19,28.94959650439966
20,35.497988979036066
83,52.42928549826254
52,43.54347128723742
46,48.22584867118621
40,43.827003717900446
19,42.76359469286112
28,43.958264775413
60,47.61110185031486
33,36.439843792162385
17,43.17958674279079
44,47.69050704194984
68,27.995386282753667
66,42.81995625247078
47,44.292349233978946
52,46.75501002655246
80,52.024091947862864
18,36.022039394368335
11,46.96504623573297
27,29.678003701218337
46,27.568283479306213
10,30.17586490262965
70,62.78757200993385
49,42.71850620763974
63,53.17779072517098
60,41.010023660179144
40,50.835685315191924
47,43.543417557291484
11,31.53628929976095
25,41.314623179345254
47,40.92662533550651
25,38.08618942538469
72,41.17574883516139
48,41.55688360294364
31,41.64940782475258
26,40.81831620491973
68,39.81175160880167
51,44.77273753563097
47,42.639416769800626
42,45.50673102211977
44,48.916006592357206
36,30.892941234258814
27,45.156819119145055
46,49.78010457728286
34,47.79703697428363
44,51.75052999870246
71,45.28273682507377
26,32.821762343753946
16,26.36911547977073
37,35.92994678331784
54,40.331771802459684
86,41.24322932700618
43,41.56565643564134
11,33.243793018586636
25,38.152117505880256
63,44.474308381305924
51,44.91079706803302
38,42.21675318523373
26,41.437341685406345
39,43.82320809588562
21,27.228090783505873
59,51.07455872982066
55,40.61831905303194
30,36.42166485296404
28,42.118966179528954
67,40.771164995256456
49,43.3958630857582
44,42.038165817506105
28,25.200371943006004
27,34.413489601768454
42,39.30707241487664
43,43.16089123678638
36,39.375680559328394
26,35.90334403090082
28,38.32136611309605
24,39.65784660807821
22,25.463669660419225
44,47.275098489261055
16,30.641985090097233
25,38.55508888125755
59,52.98676959598087
23,38.41451724935704
52,38.65678341065462
33,36.498669461684855
30,42.488003980754975
39,41.46291579238551
41,35.2577498201571
78,49.48770963078364
43,42.92078846625778
74,50.84926559054874
11,14.726872277323425
19,20.73674512073163
58,41.41242682165272
37,46.04945541795698
64,47.16945114122037
11,18.67354528430643
39,38.707671313792055
40,50.88835005016885
22,29.128534835134605
41,42.6794544043472
13,21.022936791514784
40,38.40713092597935
18,32.89986836332221
62,43.76476485764261
37,39.09602337455835
65,41.24423171716356
53,45.208393408523754
27,35.90306198937431
32,32.82925761216537
67,42.85514198899702
65,46.01955810841588
53,51.76643804778224
45,36.327795894980135
25,27.753411863912316
35,36.67009898679954
26,24.094263759980933
58,46.94509694716469
55,46.46373745953019
18,22.291877711366894
44,49.0523327566047
31,35.36366208969203
72,37.33412322113615
13,17.882898335965198
44,44.09154573808359
51,36.25900250377527
25,36.426771100268205
34,39.1415852072546
41,38.47030323267363
19,41.445532777090186
11,34.15295130794549
50,39.994811064853145
46,46.44618678195206
50,50.46663909161702
17,18.878887876586028
46,42.28322962817633
23,29.133192729419452
29,38.399660785248635
19,32.90674367957847
43,42.78971720320603
45,38.74421136772275
57,45.77829399444945
45,44.716427271400725
10,37.74399853160403
54,44.59209275469525
40,48.27696988083203
60,43.1325238352264
45,41.500229974592415
33,46.12593794977407
25,32.00137184159687
26,39.6217027260003
22,30.000054089305955
49,29.76497028759707
22,41.8444421933066
43,41.21244925218307
45,35.987847382460025
37,42.224986451072844
18,30.2336050357968
36,42.79846248816691
42,34.28319936745364
34,43.07221531689859
65,41.82944287792727
25,39.84158298733756
47,51.54256721024522
43,44.22154261819284
21,39.50662806681111
65,54.7025981001641
26,37.103384358607876
33,46.402522610553724
31,45.658857467274245
41,36.562069529912726
47,52.06252772526175
45,38.06837723158434
53,35.35811540547936
24,32.98652636314202
35,46.957062733052105
47,37.87096719112179
22,38.42281744439761
39,38.22850210002405
85,43.05297720507385
28,39.00984956543869
66,41.54705714905762
24,29.733749813555736
15,20.019033067283573
25,24.47814016246483
56,43.208607409056974
47,36.51565646383278
34,33.40936618032301
23,30.73121941053789
31,31.50228138244888
44,34.83520411159799
24,31.51964665986835
46,46.69191078562786
26,23.467288402597873
28,47.75281279911138
49,42.954586658555364
22,34.615108074539755
40,41.95311965247538
58,49.33188895604362
58,34.0105331576757
34,46.428806114655806
51,49.35631986722816
56,46.783539464154366
24,34.58614415416937
63,39.74789732819787
72,45.34010918195372
18,23.139971696151726
49,25.842934726840028
68,49.546122839029984
23,31.14999311470284
38,40.371138756507655
18,27.872113241644353
38,44.03286969231353
19,29.278424402392456
50,43.760543662129976
62,45.819335784459746
54,48.96733591477038
50,47.66872932706678
64,51.91876318200427
40,52.62013740243327
23,30.48117960764548
48,41.472222249086556
44,44.23981790943991
15,24.98223229181113
22,34.82332890116041
17,20.926536979597035
37,34.69172756278362
72,41.030128067401705
51,41.49873617516745
26,30.474893618221177
16,40.149248983465185
44,46.252008751861396
49,32.08503863302323
43,41.8697672592415
47,41.36876743651917
45,41.591642391824315
18,34.11397010948969
26,34.139497361006356
23,40.89566253491586
37,46.977466685357214
49,40.38082198050783
23,45.244121410311784
41,41.3850570329748
30,37.41612097417529
48,32.51376347335742
54,36.13082037198901
36,41.16648324237127
23,34.32795783629428
41,44.005978441607155
16,26.47322052359319
23,39.173841460111426
54,28.971049548629047
60,44.82765327981414
37,43.141775397513754
48,38.027172624495506
33,42.74324088219428
75,56.30517257513676
47,44.10022088293457
54,48.66842408227648
36,38.22219035161224
36,47.09936937217365
54,44.79304194226263
23,37.79651771796228
52,43.197511277762736
60,48.788951195463554
77,52.240338217229436
52,45.719040927817595
29,40.00586391466865
48,43.8998148541603
12,17.144539384827464
44,39.16257140989112
55,35.11074477143248
54,36.840951062603295
19,38.91461328039349
45,49.85223375751325
21,41.64725092946385
46,41.313168011979336
24,31.20905954251411
40,40.39876489406655
35,50.18754288799224
25,37.635852405399135
71,54.52429447704785
68,39.86009254300823
24,27.68631810287075
23,29.036784981995115
63,48.64119764441985
27,22.453043182759384
60,42.87428782300158
59,49.774050738077946
41,22.872284000460812
35,38.88555223197542
50,38.413878104031156
68,51.55184938950963
42,39.69609661615893
45,45.437910654460076
32,50.47224778424474
50,44.28363620064699
41,41.651501057804346
29,33.742263974160785
56,32.07404385095489
28,46.06051268126494
54,39.85686464918847
34,38.06417856587534
22,32.33070684358339
38,36.14760824022217
32,45.2873512844138
23,36.04373191984213
63,49.00466099048166
35,37.3181590806854
40,40.553596339570895
26,32.87778939636883
25,31.45935057817616
30,26.89597416709395
26,43.49151118431062
46,42.71793603360223
39,43.15416071432684
45,49.44281189817914
26,26.082614099164537
62,51.27050171391952
23,47.81368486609394
28,42.65522753795804
37,38.005413276528024
67,40.83441864053139
60,41.5425537669205
20,30.881729770352603
17,28.08052015324383
59,46.4282332908179
46,46.01979636029582
29,39.8965573756114
33,46.91845531593595
16,31.699244767599442
21,34.729715435462865
22,34.96552668201525
31,45.8234784473472
24,50.27408340364806
29,44.63618077605096
39,41.96122609804914
21,22.339481507385177
42,41.252018996524555
24,42.05907234030523
20,22.410617996847133
24,47.49472977507827
33,34.158553117950966
23,27.53782076006675
71,42.98377135066512
43,39.678931600593515
46,41.28729678698047
27,43.797448063462845
25,36.01541964177677
58,42.22788888464443
17,44.67720444885266
10,20.392702167256775
23,34.809909742392094
22,39.49670947996619
52,42.76957197608333
32,36.20150192706554
44,43.95912001001402
60,42.6280812530069
29,37.62258158461741
60,52.658557689009704
21,27.84382964083134
41,34.709719130953765
67,53.20452397560468
18,23.59660530488215
47,48.66990151384012
38,48.15054275634245
38,46.962765181481885
46,33.19236713611412
11,25.213261607280593
33,46.339403455640614
62,42.241676342645505
55,44.872940513398305
13,36.5619390525457
44,44.988221283561614
21,24.121477978078815
30,37.61401705230194
46,43.64233992757642
11,21.917860537008767
21,43.20427131018978
64,39.235473525092274
23,32.8937888139833
28,39.43287969335954
27,43.35081405801001
46,46.0692498591489
28,40.715635417188054
58,48.77015202845696
54,31.529556742031346
72,39.256536222830825
24,26.347463552017924
21,25.427045646835435
40,36.55709696255175
19,21.035640978721986
24,52.00434100417445
48,42.38312728862161
29,45.77050362827547
29,32.1623814051499
30,44.576803753088804
13,21.70108351018138
49,40.27777071861206
48,39.4349419862578
34,40.02071386310589
30,26.156754454800627
25,23.18782338945872
46,42.891670077614016
50,50.83145888998154
37,51.053476391466056
16,36.032207009968054
37,44.57646764408429
41,41.579618325962635
17,38.39654505152317
24,33.53669524096387
62,46.59380265275483
51,44.754359896453295
52,47.79557673538747
43,28.537355860883327
21,28.92680162671669
40,42.40462825919469
50,44.3199469332761
18,24.21199706154427
19,26.724502999184768
22,39.08622605046467
27,36.121037229697166
30,35.850605719512394
60,51.34890594170336
56,52.623192046842654
41,31.884590326787364
23,23.23932842618573
23,43.33970580446967
49,28.802645571201687
49,44.52451030325921
41,44.50420079018063
26,39.63959871577594
43,32.733623440046586
45,41.49661282265503
75,52.9422191032815
52,38.80178427637086
40,44.587836819502336
41,40.88647132758549
46,43.57293324255463
22,29.021604893467444
20,32.62479612007482
49,40.96389683970538
19,21.98990211953214
17,39.282661923635786
25,31.52226651176285
34,44.62277143716285
45,35.90443334361535
41,32.25754315863855
38,39.137918343326625
59,47.43799743397216
71,47.80990344027866
47,45.856172334689035
87,46.12965964422107
53,50.212660019795095
49,32.70038767467758
16,35.070675999297116
41,40.87225279364798
41,40.173064200923264
25,35.89297328976196
58,50.26598452487718
26,44.48038029671038
17,43.54565209463161
64,52.21597335813862
47,47.08602472768784
11,23.33848312151503
29,31.406128188074817
17,33.008395069135304
85,45.56285410318528
29,20.929316682857237
32,43.92830023965543
46,47.39211887030475
25,32.04913620042145
77,40.75114824837519
26,33.038517136772114
21,30.184254971185233
37,40.17805480293816
56,48.17576662131035
52,42.98654821633968
26,32.27616692271875
25,45.567935572080266
61,29.17412147179501
19,32.938555191272286
21,28.509952940367867
56,39.9952240126523
37,37.09890417162083
37,37.728541752675056
50,46.2732280253558
30,39.44579910531438
64,39.65406408441737
53,34.37806316035814
28,26.070834886372168
61,41.37976899058991
36,46.84715726219943
11,25.668445318585913
47,47.82238644770403
41,34.54017024323762
74,48.02438058702313
37,35.7691025084464
26,45.23942323499084
41,43.938234947130965
23,27.85189166680285
23,41.620067874244185
67,42.22805387967689
45,42.16214672268663
36,41.52992361298729
64,45.54450417138674
33,41.26195292949268
10,20.9738367751257
24,36.68185488770532
19,31.00349826776836
37,42.58381407744491
15,29.780916081532354
72,44.15834980377106
21,41.440180284145356
33,41.02006610523281
50,42.742407353918054
54,30.410782707639605
14,24.30996005234311
20,47.11541552231934
68,51.45954164365703
15,31.826258345790574
36,40.887229847908685
57,43.64724556649084
78,45.541436946334514
75,52.33826094434053
45,25.040899181608367
25,48.57643440672285
24,41.69413810034347
39,40.04674840536119
23,45.616238042983476
35,43.44715720994869
73,46.44034958529288
23,21.47142613805745
47,46.266988622121914
44,40.694428074561316
44,45.04642122306784
66,58.69786482544591
30,48.55396242621275
26,40.094161391940936
55,43.32546196327384
20,35.49743835032691
25,41.78449283120448
36,42.41944300708578
20,45.88457914129481
21,43.726816802720926
44,42.52327238707453
16,43.56368020895129
45,41.13309005250939
71,46.9106742252532
40,33.239415016961615
63,56.907098517681405
47,45.50517539500623
37,39.018426900223
11,28.067598954803497
14,15.088553445467719
21,35.85947939203989
20,30.630584232902187
38,45.010173829944286
17,36.8669831640376
51,42.90628541635729
59,51.1187966955617
42,43.3684443633286
12,33.34399692384596
19,47.254627678657435
43,25.580963763767496
43,27.376123848759857
22,36.16402627902334
35,40.39475534180337
20,24.77691431936046
40,42.01204086745305
48,49.17116480740781
66,49.570580118215666
42,35.467236749166325
44,41.53272176065461
17,26.76932159361075
33,44.381773625925334
49,46.304772240905834
45,43.08232652799296
16,19.903080061413757
40,42.65043902052489
12,14.689627946127946
56,54.31879630151774
62,50.49095802615315
23,42.97990226699831
65,54.23701422268439
78,49.50209794545429
31,37.46424136416198
18,31.47989323752305
58,43.13343824408801
54,55.592681977169896
54,52.475785810119014
26,39.00886703073285
49,42.260186983231755
43,42.58301202356415
63,44.50242374060141
27,44.316830521002785
22,23.140738756003223
46,37.76920594164639
52,41.07669689108258
41,41.573017502878905
50,45.96545540010125
49,41.292228440522074
65,37.035390307993815
68,41.100963869754835
68,49.85417566231885
36,40.47864089951134
22,41.50595771615687
66,37.944996330376654
32,36.281513194353685
54,32.51870704253826
68,36.21717121983062
43,27.154967281369146
64,46.62565173632912
42,30.8685527461651
41,34.994123448188155
15,36.873576767185384
35,44.429334266045515
19,40.00523958249077
63,51.43773267944686
85,45.41729542836649
25,28.924034323531302
68,27.987363413267094
44,32.69102864739805
45,48.33308047641839
42,41.68876994559598
49,36.482190089613304
39,45.18688902911328
53,39.3313438358449
12,32.46233974919494
48,39.82037824634432
78,42.66403957410068
48,48.43951510625539
17,27.887680771403453
48,41.62356954140259
52,47.00912757578216
55,41.569248314591114
21,36.39535317800089
23,33.039157048222656
26,49.64494473548282
33,41.74163152190755
48,47.45087096553127
18,34.19839835217789
50,32.48742704425608
62,44.33630313138474
57,52.87535985261891
32,38.11826074321557
21,21.587120340000553
40,42.91979220059031
28,40.475972088373545
28,42.69180198132796
37,41.90301796517941
18,25.351338820071213
43,46.985408648821114
63,45.468564540825
23,32.02466070741187
52,44.11253303637067
40,48.62707087912532
63,49.79257326302687
20,39.263792964489525
40,28.45556781300521
20,34.66841988813103
49,55.38609002444824
31,33.648031228511044
52,39.57243391439105
27,40.182191530366126
47,30.12591331342485
26,22.58028488691431
26,39.41309157061149
50,37.45915010278751
88,57.387398221846645
23,41.24996122361284
34,47.60731827240956
24,31.059433774930323
40,40.27377689491375
52,38.89751693414725
41,39.72379065493127
37,42.92545429073249
48,47.262041203645076
46,40.98606577254558
55,37.66254156467309
20,35.24660959218557
10,17.827518978428444
34,42.22462893943085
24,41.2344670113435
24,25.464379906375175
41,40.836492922617566
83,39.11452008761041
31,44.13484087588663
49,33.56361110107924
38,42.02690795843933
24,44.89757254413611
62,41.25883315658698
63,46.35974126024084
43,47.07156151780111
34,33.59973154869934
42,40.36759185869397
21,37.57315009489505
61,35.903410271107276
58,47.9739160392361
48,40.748162085882974
29,36.7180700447701
46,42.34464161253511
35,38.069595170656584
71,47.926073366565234
56,42.194350007387605
26,38.97854830422448
20,29.491147242480082
50,46.19526533784469
40,42.345813526957215
30,44.04580705959632
37,40.32614004870112
65,61.308094061901514
27,25.667952573076537
14,31.90746206235584
64,45.66981407468579
33,37.72220057677677
31,36.19568789286055
32,43.2831945994553
26,26.137371952444646
49,30.207467199853856
35,32.45210127919943
39,43.898835707522984
56,31.46567851602934
50,47.93382337214402
49,48.50980261268182
56,31.2936253754688
27,26.961233281419968
22,49.901936439812246
22,31.164159028770868
21,33.74742882805669
17,26.346413459946586
50,44.491841292504404
33,47.62804928640764
27,34.34660909664588
33,47.43129842666813
19,20.83336189663726
27,34.49076966182283
30,32.80467704231239
32,35.689487407546245
37,39.55622003058288
49,37.158460034906746
57,39.807367938479786
25,29.191274790474385
64,47.10147308740091
37,39.83231653458519
26,39.554329304957584
27,43.81367479279909
51,42.11997156320471
65,49.35255229785883
40,37.700416015998236
27,41.11916443696021
53,44.14554979692977
23,26.188808464905904
39,43.092379217113546
10,32.816643119524215
22,42.46729279797313
78,45.6958689206832
25,26.499018584498216
53,41.961321152262265
49,30.363978076000304
66,27.11578029901221
41,47.050608339894154
61,41.16181010620036
19,43.41876196896872
25,39.40523080277887
41,39.45824738149924
47,44.62671153932615
60,57.57390059655811
28,40.08497152090853
62,50.16125972454788
50,34.95984134178047
51,41.097862611132186
36,38.262825473188826
32,43.37150102714816
59,49.35972006750822
43,44.220044575487506
53,33.570844907186846
66,45.46522695778471
33,33.797379739647994
31,39.50595618569469
16,33.13777740257393
42,29.739605563801625
21,40.399635982261564
43,42.926352724908405
25,43.14121535009128
11,32.73261346915858
30,46.94145352101261
24,30.649448894678613
24,31.99577706771395
46,48.078411430710965
25,27.97533592696876
47,31.909037045576092
37,38.41237591323881
20,41.856429898097666
22,37.75606892345634
60,48.616914459845596
42,36.210458486994476
30,42.97650840319632
37,38.40333470415407
12,40.18326692553922
20,24.453900055379542
22,31.09164969277522
36,41.67738318269299
41,41.43793095580038
35,41.39653843866503
17,23.029921784901095
52,33.389980150354475
77,50.07517445111485
35,32.59445644951136
47,45.42881045617814
26,38.271431036313444
11,23.76976028991711
72,47.07464023275531
40,33.486935249623336
20,30.76895959308968
22,37.975860466262745
50,41.576030672007825
39,44.767653550089086
40,49.246330445025876
11,38.48277628921745
59,45.880680814641885
50,28.821120260508504
44,41.64068186347822
37,35.6146717581098
37,34.35748660363397
20,29.28518871680872
33,35.449420203027174
26,37.19620042859207
62,46.47198643605426
44,43.417306272685686
54,51.99041712464294
11,33.06874185472565
51,44.239636331522235
37,35.5523948446553
22,42.331182127208
42,46.394814066631035
43,44.13790969899665
59,48.13242386713065
53,47.88970137712756
24,40.0035382568082
82,49.226089856673504
56,55.28763478851355
24,28.478297106820477
39,41.39838574532555
17,27.127252522729723
62,46.999066467666125
27,41.30159384654084
34,42.203203643810596
21,28.30489829464909
51,39.53384682822832
75,46.13472564685809
28,25.76657877044227
24,23.574021573434024
32,36.97198311615972
45,43.28028518514976
20,48.20891982992059
49,35.299741025953324
32,30.244613442573144
53,36.79170202408134
54,50.778222995994
26,36.82737419776695
54,44.3881440217761
39,43.53780381427122
11,29.18357593090805
17,37.02684672819427
28,13.711917520010706
24,34.37020213112994
75,35.415087220373415
27,34.53561949138627
24,33.18935943053307
20,22.570216732707653
70,44.17144688325882
27,31.64326911605416
39,46.043625393639786
15,43.23551210932722
70,46.23008252142794
21,27.224836010438498
23,42.97045222270158
25,33.0895957786701
21,33.80010684071424
61,41.40035497716972
48,53.538628776169965
20,41.93236316080511
30,41.46879047980528
59,41.723724800547956
61,46.17449577518855
26,39.01843750311992
62,34.14628946559909
21,45.6687797619908
52,42.42274705124868
38,44.18826439340799
53,33.91021991012431
18,30.29044683636216
40,42.69170715487361
33,31.019632757663956
28,34.98563495509763
47,53.477946048734026
47,39.81622527768596
33,37.02653296373019
49,45.591180351005626
22,34.45485488320893
60,40.126542913332734
37,24.644238387374365
18,29.88127761685008
48,43.89625700880288
87,46.264866350895566
40,36.3395624395099
21,25.907655333303737
19,27.476809491415775
51,37.22047899377093
53,37.53336007123391
12,28.78442430879608
23,33.225982961744904
65,51.28494805194805
24,38.55906340515108
71,46.130135756767956
20,45.64830090553703
48,45.61426326613841
26,31.078253063714886
39,41.1401288461803
12,34.06420282612889
49,43.683444969909516
34,48.478672238037205
22,24.263000779636872
58,49.262173676113335
21,39.28381555841979
19,30.180573992627824
34,32.20022058546847
26,35.518916242428176
52,44.4818350255737
34,42.1314775820781
30,42.7769354875777
65,41.59720097148348
55,47.18112600723462
61,44.52194059316457
25,32.585865953378615
64,39.92392017733885
40,39.512648471146335
64,46.99987131288514
44,41.87725324311021
42,43.47067862996651
68,54.29178628824057
29,41.4325802640321
10,27.580392215365702
60,33.026534897605444
47,36.89563082970539
51,37.97891659776448
19,21.445929891956748
26,31.84738754055465
40,45.402695264836964
39,36.9436355889608
13,29.27762998288904
43,42.08416900944755
43,46.36270232058339
57,42.953215099999255
19,26.25690055828411
23,32.3708122262893
39,44.787472592404185
49,48.15233019981965
49,28.682557504207423
63,51.458789328766855
22,36.06983047864903
30,39.55716662064088
74,50.86697461854376
18,26.43694281031605
30,48.724030010085706
47,38.9605696274839
55,35.955887226609406
10,32.844189617328794
28,29.022078365601143
49,43.85925157187446
14,14.935477170808877
34,41.44586698940176
41,43.75507292351596
20,29.420449050157682
53,47.76392893139987
19,22.93560577378439
24,45.12331729029295
39,41.022212760842585
80,43.75609363542274
70,46.23021327459398
38,48.70252605824236
40,39.75519753070421
22,46.38181256488801
18,25.806579024185847
50,39.96752859819463
17,35.90397340390797
33,38.64296403205152
70,43.77398414937723
19,36.10064128561768
45,38.271803354811915
46,44.56597104142724
41,36.627122402455505
41,38.84814536245164
53,45.62300547304215
26,34.41404411995976
22,37.79267355680432
47,50.64927612800373
43,34.69085213706443
26,43.263327992013295
27,37.3557152782831
23,47.598272108023785
33,43.61220389927806
66,53.582770658185
60,49.73878214858095
12,19.129608449935013
30,39.6328185455797
36,41.46983891157147
11,34.105871480764705
35,43.16399642711335
35,45.16138550750953
59,46.81145360243191
10,15.907900321762993
18,24.462069536646403
42,39.77044058292411
37,43.78789240681765
39,36.934007998056046
56,44.94789295271058
57,39.02549092297668
45,50.42635018417613
73,50.8065375371595
18,28.568783403889668
61,45.53745157807966
26,41.20657572757279
38,47.331228701164484
31,18.654726223298802
37,38.562927608105326
45,29.036931216486934
45,43.34247188246077
37,42.27363587138231
49,35.65903936015938
25,22.58047889875563
52,36.37175104192605
22,41.544527835373565
39,38.927035141761856
56,43.61696005053804
48,40.03250040730571
19,47.00526287440093
45,45.222751954594145
39,46.52302936956821
21,22.56551767312017
32,35.48575616006881
37,43.503977328157745
23,38.574558701396654
31,44.05494371788913
23,24.9909963729317
20,38.05459847025897
69,51.16406518862821
23,32.2394326675196
44,42.80924568353967
41,32.62036062878644
50,36.90599556294468
21,22.36929669107016
36,32.63152151012273
39,37.60962177360332
53,35.064477938368526
43,40.463766741687024
46,44.14174799886277
55,52.225434197096746
39,41.710896273808956
37,49.759614515722525
62,46.873567867037494
62,35.429915470389545
45,50.59383685184601
76,38.00816080161046
55,45.40475792462206
61,53.85748425226828
18,26.549680922645184
20,32.04941234157599
58,51.805932988546964
22,35.860082459833144
45,42.50966082167529
21,33.13289945404406
34,41.07841287001296
60,46.55164068349415
44,36.22431235248165
27,42.179262714199716
22,39.65385373657988
21,23.027341191401955
56,48.31244360444283
20,29.447443950380716
49,34.999947938286475
60,35.686168499850936
58,46.4211944868126
49,43.629806625660194
13,40.44738550706518
29,36.96242397814247
57,40.46740512404341
27,33.69466710931644
17,31.52722080265291
16,36.117683569258865
56,40.4911244211765
30,35.32715635825466
22,28.550619805156025
64,42.113210162113646
44,41.376012663165554
34,36.53681955906077
38,42.03079418124364
35,46.88997568546825
55,52.19058711691862
39,42.37707145481018
41,48.12327794719452
33,41.53278360973594
43,45.32548495189709
28,36.761184491544384
44,43.626100093488965
17,38.2779277490282
52,45.62989485375991
63,46.38031166616737
59,48.67878426062456
49,31.758453035542967
24,37.62224511210028
53,42.47067544276839
38,50.288170908152026
55,32.93165590476749
43,38.63498188206241
22,22.479883340742518
60,43.104816604911036
27,35.13320618879314
25,35.17131850884157
56,33.49351202423873
45,47.78030478806444
18,32.36579224763749
23,39.228057073756055
37,37.59665658584423
49,37.23667088047592
41,22.885690039514564
30,42.62117431880936
26,28.393107982090083
30,39.31151009735502
54,45.773412142011885
28,38.42208330803839
65,51.659101733498034
23,43.591674546491475
24,44.30877653016938
34,35.08173541275967
43,35.05732454687076
28,33.53115510108569
27,44.764626602660194
30,35.09539073887957
44,35.163855911056324
20,34.014914630828414
56,51.08156525412339
19,32.567617020307004
37,41.49526846245535
41,44.5671379731874
21,31.326806511061147
67,39.74185084261217
20,48.989762164623244
36,44.09464270413712
21,24.381511272425058
21,35.40427203462844
55,48.36282163250534
38,37.52166746087394
23,28.650243660965415
27,33.81938316516963
47,43.720792415608145
49,44.485978169896434
25,26.683892293071054
24,29.882404948239618
54,44.693691351571296
62,47.56967929579724
57,23.49993330619702
37,42.13082691901263
67,64.94124967981597
44,30.961570529824602
65,45.303366617827415
11,30.423000646663336
54,46.02024936759446
35,37.19966243351786
21,28.34582473322213
58,52.7317498793322
35,41.873706829221284
48,44.707378848266934
43,45.250408513366985
35,43.374106566739805
46,42.02301246400764
38,36.50744119970824
47,43.02263596978224
11,38.55603925366011
44,49.0699581358778
48,42.66419260549222
47,40.82968246669554
25,21.337410386977286
47,39.63374875644142
58,45.684448814943615
35,32.21880744425636
18,23.810261484679376
26,43.742351255832034
21,32.954582927927305
46,38.818419235164214
52,38.937317176004456
62,56.87595873086432
37,42.10824193547794
52,39.90713843933572
30,45.50088782253284
64,44.183410250211544
34,35.372173879100664
23,21.719358865731184
29,26.385753698088187
56,38.99895218087802
29,42.13664557556028
34,50.233980207164876
38,39.85646801357239
39,31.412731378313598
50,43.472759917327
24,30.27150716574568
41,40.33843749787457
50,33.20246081968803
79,41.90887400113831
29,34.745472849248294
39,45.715129862406314
48,49.35478694835309
41,39.380819099373504
69,54.53607955808038
22,31.13181742073659
36,40.77342064899878
39,35.92919601792169
35,46.29835853523952
46,36.039030897976566
67,29.780407096262966
55,43.50496503220742
30,34.865258097118286
31,45.337250115199176
35,39.95146908755136
34,49.26023946628092
23,39.58771612515454
58,41.61005598396237
63,39.35537710543196
40,46.12918264972307
43,44.133717260743154
57,39.47985608249474
33,29.843954373005605
69,39.08670915948099
18,24.848168787555064
42,38.40124430961232
54,45.95080091710069
42,43.07440388160356
60,48.90096523751079
54,49.01464870459923
68,26.275175663948414
50,52.949570671879435
43,44.17382441781757
18,14.276147927363931
19,43.23904661412443
20,27.911860876641573
19,30.852402755894587
29,38.08641056765265
34,29.789127538257222
10,35.39982967327568
12,37.882894673395
37,43.41178660803491
32,27.00642866135101
21,29.99144908344354
39,42.95789977900595
22,25.6690040298301
47,37.60584257967261
23,24.88089775361519
20,25.308637765714074
46,48.73837907395744
23,36.03252346087112
40,37.60764909886461
39,41.02496787986101
28,34.92456072082119
18,35.25282843008999
35,31.260724796412827
24,41.371477960469996
48,50.301526502711894
50,36.26866447312009
59,36.32932017920914
37,38.569917930036766
30,43.57639244631714
48,35.208347698688044
32,40.065799007560216
72,42.41995579309039
11,28.337299304939553
19,35.55725783824773
59,42.32628839133408
89,50.95132383091325
10,36.90996032462838
21,30.070511136867463
60,42.38760462876101
41,34.52982495406794
41,41.812698176064096
60,40.49808074138237
48,43.099935832760366
43,46.330825597138634
45,39.63461127483623
21,27.88255034141795
59,35.06632483395561
65,40.58688376504999
31,46.94373693056212
45,42.36586789429705
39,42.11668742529371
36,53.74718918699503
25,22.935588803911173
54,43.08436529640487
37,38.22905989324669
66,56.50937752334636
37,39.54019931450635
61,42.249481839051825
44,29.92015485259573
48,37.86529544859413
12,25.08080105535249
22,43.104486442607396
47,42.531490652031316
34,37.47204252961294
59,51.50056492210879
39,27.552924072576676
72,50.57649332271246
48,46.95204848173401
20,36.25412234523089
55,40.264589993338106
51,46.4382786286816
25,36.99284360500409
30,37.00159382403469
28,30.72596109326009
67,40.65658057237948
54,46.696185037229625
58,33.72265137088944
63,41.87969488106326
32,39.476591223424386
51,33.94844612964773
21,26.020165732172906
73,45.77531500432694
55,33.69905112545398
49,44.38468685004791
20,35.85353413192338
21,40.55038704075074
61,46.61584471716108
28,38.72500675855202
32,34.2385539621488
42,42.20976722426889
17,21.747720256509492
24,41.10187940077466
38,42.40734563193277
37,45.685687745405154
23,40.63724498933039
29,43.125776634505485
45,37.031629694237466
46,42.592394215253805
34,48.124687463433254
71,42.023918638650066
42,50.391203632494374
64,45.91645284082745
18,43.272579563953215
26,38.514238519251265
51,39.4290752197512
60,62.0501895055357
41,42.31719582491744
51,30.729344677685887
35,39.84879441961291
14,16.57219153566522
20,28.83677994356158
16,29.149018621955562
22,28.1379574255909
51,50.6978047727579
22,31.788667293694672
40,48.724957009575206
29,46.55890223082199
17,23.33050790260706
24,28.615019214258606
43,48.32780497872529
66,49.14568614337684
33,36.22532553351052
45,46.249081778999525
20,29.25362604102271
16,37.21538001376087
28,40.95145501871283
33,42.61128753100821
60,47.67601662966536
22,36.651112072973454
35,46.24064845610727
25,26.53413465114811
31,21.12416161068206
19,42.2243358478708
44,45.339233409351074
22,45.45975598787374
41,40.0739030824191
31,40.51647820273471
32,36.11633713759187
35,36.19651087400227
19,27.844573830281618
67,50.88041624965129
42,42.10085246839317
72,42.475883728143614
43,44.94132859046057
56,45.09641797588119
52,53.34767699267013
21,25.365925278098256
58,42.105524203232136
14,40.658526613010146
74,52.335370882721534
42,39.16263689163068
40,38.271011478425415
41,38.12829613654475
46,43.673784973181846
23,28.985655223398126
26,25.71638493525167
57,47.05957227826709
41,26.789606822268947
44,42.14522740841628
30,39.847303365077344
46,43.86118319234211
28,41.52987241554767
53,45.74483549778152
38,44.35837064597136
65,41.60942311673566
23,36.27950203936503
47,43.23410700801537
42,38.09440910048822
32,41.85437986892984
75,44.93865673484247
28,37.68258693017925
50,44.91000013619252
52,38.9755208314933
28,41.46875894439999
51,41.34937850130411
52,46.64858270633505
48,45.70974643313269
44,37.80100140899894
41,25.324453376229357
47,42.31775831050957
21,31.2668760732148
15,32.56303048764948
38,40.62216845431222
44,43.24800374720412
83,48.41931762425518
62,46.83741939983207
21,45.08318461089782
42,41.32265690172003
39,33.930947278786704
71,40.12619341723331
44,45.67249037545922
51,36.15560871815475
52,37.573459941077445
23,39.60063526090593
29,38.92351314386897
31,34.75553397893883
20,35.08511657978973
21,18.571103786305756
37,47.11070081336798
33,39.06558911781658
20,39.02984875948952
42,54.50144636843798
59,40.95977212073065
44,51.3032641758319
32,29.104872598939178
23,33.44585109457847
17,23.94579207093521
34,34.61353099762885
64,34.323569387850604
19,45.15533182297976
55,41.87605661523158
17,18.989032531223828
16,17.546572684064696
46,35.399017967570146
41,49.26004204174231
53,50.73316467627588
22,36.526230304847665
49,49.35923244330557
64,44.50419878178629
74,43.76090803451491
39,43.416111474111766
44,46.45065879658766
19,44.377197845826366
26,43.325991547907115
62,32.427941626805975
21,33.25636258328131
33,38.436469874354145
36,49.98117157760674
29,35.85106965344742
42,36.396829881818995
13,28.112145374395546
37,37.963550436477455
34,41.47826374628651
43,35.019872296510336
55,52.44475726566651
65,42.440987672118766
28,30.289340374157128
41,37.76379335997752
43,40.30690125984713
50,46.90119857648482
40,45.88171917538435
51,44.33960612668153
53,49.86893879354442
22,45.4587475925396
45,53.91226627888317
31,44.72150856832773
24,37.90307068044763
46,41.557513607040256
10,39.51414796555816
20,25.108880947362678
29,37.55633337863026
23,41.154513650399075
39,34.6539923198899
20,19.16012723748109
45,42.261660238064906
63,40.661443837984166
25,33.62242178429434
64,37.23377947298885
34,36.34718221330913
47,33.45901940639151
26,42.60578039943548
50,44.98715439096584
85,49.09538630817626
23,40.213724187035304
60,52.188127142670936
23,38.49637319933445
20,33.77629414681562
34,43.48172729991339
32,38.717122018673265
29,43.92612244101164
61,33.37061688344763
63,43.30935247251793
40,43.00596761267121
25,30.766645507539987
51,36.04190342952615
22,39.22846517871437
23,33.132187418301584
33,40.34793131250642
43,47.61887725511579
17,41.97507471762473
65,56.74846419316668
63,42.44608369303686
33,23.38814457160234
24,35.605009270481354
41,37.7381520513569
79,50.22699376040159
54,41.72367942994635
55,47.99708550426003
38,46.94567192276761
77,35.64625761097589
55,47.82731705250666
22,38.75642318129475
28,41.61606447090153
49,48.535274230074165
24,46.26431224613478
50,40.4745342746558
18,29.45962789212079
63,45.919079995882264
50,31.913811778238987
41,33.17077241492267
19,20.4237997975297
28,39.77878042374082
33,41.01146558691429
22,30.422626137549013
47,42.73172547949968
33,33.05289674999328
40,47.22867338074232
42,50.77213383793047
49,35.548475476762
37,41.218214106542625
52,43.32692614414631
37,43.660056434548075
16,29.604221053519087
39,44.238356303934076
67,47.34334446976971
22,36.23116322751059
24,37.30297792007656
20,40.08647661589702
30,49.81058950679375
20,29.591864669014285
57,45.79616140769801
42,38.25098743742135
49,40.422964401529605
22,32.71990525023156
39,46.40389871402425
16,38.816630324251946
37,46.09507691737139
53,45.53364473267183
56,38.96323805210398
24,22.70093109683304
39,46.496791230143316
24,41.60555448432979
22,46.52217893725029
48,42.7681715800249
22,27.35013052975962
46,45.782963978188405
52,42.438057019374945
38,39.229513623307405
53,54.680753553942886
20,22.130300061125983
26,42.67706047156341
25,34.63962434510791
57,50.85640277247883
41,40.76120795700178
36,30.480755765830413
33,48.218880530189324
40,39.976268631419515
71,46.178667140642645
40,40.82934433307101
19,31.40525922219576
29,42.530191918719936
56,41.65104348583418
23,27.31465712834894
11,37.5573867364379
23,32.82797793645236
76,48.67384323267649
40,41.65210387154943
54,41.8265099993308
65,45.11986020686758
13,32.91168380056959
55,42.408764217989095
57,37.31971189710601
65,43.80803501836369
15,44.44101040979077
52,38.19907699470751
41,43.75123575278107
37,51.89713959657778
53,43.73658351117865
23,34.478580530346626
23,46.41687391695768
43,44.17047662703664
26,41.49518679491539
74,54.24586167983888
58,23.73662963594573
23,37.73041332999154
33,29.5224674602929
26,25.010279907052645
25,34.620951015015905
49,41.35352167290701
24,42.81425002269468
33,42.09872606422131
48,49.572565854241724
39,41.28729710313263
20,38.347039492214854
40,39.81626137637016
52,40.65980051567958
15,36.779093889360134
17,37.24111100474906
80,45.123305310573436
42,25.281535202426795
21,32.30507956277785
22,24.325387987932274
23,40.74558870839005
27,44.90448618087751
41,33.36585572185953
27,26.586749813020994
44,39.932725236816616
43,25.876177894514512
20,33.849196931826185
63,37.29844134396782
30,40.25891063296189
13,27.484279338876267
36,38.79834770973905
47,47.77138903414253
12,20.48379715708704
65,42.67639110441609
21,34.77595983951544
53,58.6833659042441
38,42.47682680512096
63,63.1966812556009
23,31.778984378828955
19,20.199126478269317
21,31.709436075257468
28,33.771770638298634
53,34.913214039845414
19,36.07233243846051
57,38.096238032050195
60,39.77553332838879
29,28.75647661237133
21,33.627927479269054
29,43.34642950343353
46,43.17964759278078
61,44.646811264126725
17,30.248268407342735
26,49.82396168120208
34,47.233374790920486
41,32.1924457524265
17,25.507699099157115
19,33.44621687842586
53,41.70127900237988
42,37.550247968221804
36,33.58276832890503
49,42.096786238021735
52,30.066111150601223
12,38.86291680358535
37,34.44166178238294
42,35.05378120535042
16,22.069990276476055
15,32.712448647834165
28,39.495745720608326
74,47.73402732138188
32,39.99834395738932
20,33.53976220366311
26,36.253917610087676
49,43.983182915246736
24,35.00717139096233
84,46.045029773786766
16,19.78015806408327
18,36.0820633343763
26,40.75092111324147
36,42.980088016543675
39,42.018310035147344
29,50.83336597816462
59,43.90527848848772
38,39.75097290307695
66,45.90381049697053
47,44.338880752558325
29,40.40324083808604
46,44.52687339503558
42,43.240190412736546
43,33.107974796907676
66,51.592083806702604
18,40.92952785963073
34,41.37014292106662
23,21.88935848652209
61,44.80192202485031
46,35.0784257368701
64,50.31208568262491
28,27.919296564381515
39,46.41301737399066
32,35.99168378508775
58,42.58691164657472
59,41.55443992809865
11,35.64445091534168
45,30.895559285065882
43,20.084528109479372
60,39.932499091304386
57,43.8070015053672
57,37.726297810012056
51,46.48558960251987
42,27.795685037867955
21,42.851675811727816
37,34.64185620264861
29,44.59085061694451
26,40.28593806859684
34,39.72811842316156
29,41.36724784906473
46,47.086239683991764
42,42.2253500672009
38,40.06855907230879
50,34.540581522911864
40,49.624250006056435
56,44.187111423707584
74,47.35355918090259
21,29.147165194635384
50,38.93029662398507
10,34.25018278151705
75,32.62670349302395
13,23.991874160491367
43,48.268398379070135
21,44.216297746932206
20,35.22127854083614
63,43.6830579789289
47,27.73715744029018
33,48.00734188140882
66,27.411039608593672
60,43.87359913972152
40,41.8437641130852
30,43.97513379675516
32,39.97446697224027
36,43.79554367221986
56,38.06174071679904
65,41.26163396227991
24,32.39346730718417
60,51.0863628514003
30,50.50751802685341
33,36.122963752107296
21,40.295510958713265
59,55.30974022099082
60,58.61670904076605
26,40.58673578193123
24,32.237605307153096
37,39.725129782242675
13,22.43641572382291
43,43.74994060905246
23,48.536720909570874
47,35.210271434446156
22,50.07641626132038
39,40.56609328436772
48,46.104136414742925
30,39.10662011302913
53,41.818830671859466
47,55.49171514008808
32,42.405462445726414
25,45.533912036608335
36,39.49613755639091
51,41.71756382939524
20,42.600112993298424
42,43.591572571631616
24,36.70207197107779
50,45.68923092245532
52,48.94110229026638
22,46.42127010915564
44,43.96133583117151
47,39.96784962592594
31,33.349077891161755
27,37.723862747405256
40,26.185610820298713
54,50.05856898787029
51,38.02090673792966
61,34.16313208611432
11,21.121894077494073
34,39.68648719628445
62,58.79655786564631
52,49.1732485448247
54,43.62750770043551
91,50.38925616100418
20,41.762814496150185
30,34.550523945378245
28,40.564525997595894
14,34.31310181692906
42,41.55722158309713
32,41.92684794765114
18,33.85976848487388
40,37.49790688116905
10,28.434931918548386
44,44.260682401193655
54,55.540438265735105
27,21.940854127023073
14,29.661118505875542
59,43.61532154476425
22,23.568738541633294
48,41.505269776997324
12,38.069316664736945
20,32.22911854751665
45,48.339468894132594
69,42.85179535521856
45,49.043664017838495
41,39.72940540971547
29,34.51772574478025
42,40.14811752193574
23,32.975597830419126
42,44.869457074196404
26,35.21707671489523
34,20.569381057327714
24,45.07590675549739
69,48.859933719561724
60,39.617593790496905
55,30.864135456892264
61,24.000760280297317
46,41.756110023939115
32,42.17636118102191
26,37.30290470433741
33,28.421852154275385
36,51.43070429060527
17,29.80201174741319
46,37.328519741797486
71,46.51679960716797
27,47.894138897568766
50,44.00296154059863
18,27.447948742851462
41,45.34442290897163
47,41.968041096348415
32,39.500512879273295
42,46.2038999176084
50,49.17781438032801
25,27.045477714422113
51,43.45580809344951
18,40.25833109411572
36,31.386869302950377
12,20.358472906403943
31,40.20765252665377
35,35.66921187469168
35,35.58936296811461
11,40.310004607430876
35,39.675028701713494
18,37.67325000665478
12,37.979703832364656
42,41.817827701625674
35,47.229636191571934
17,25.68861218716896
15,36.14281433311783
31,38.82688123278454
14,35.70138712529999
22,41.23917071314726
32,42.63792567180262
19,32.40260524366395
47,38.7270106912084
30,31.910483332440435
75,40.63886403323792
42,38.99140796686906
66,45.41843063248423
67,40.01923345300853
24,24.730376832751535
15,27.22022374390008
23,32.10538741230697
22,25.78167481212842
49,43.04744819164472
54,54.90439133449491
56,65.45406009798961
23,33.78563314156404
22,40.87895889909393
25,39.38090286290485
11,31.939714142017724
62,41.459140460291664
13,34.067269048463416
10,30.77407863538734
84,39.19025591228799
22,27.761730880641107
36,35.98232118875601
46,41.80972831547817
47,38.71417901018763
21,36.808649700195105
48,37.44100893770154
52,50.82811783925179
11,31.073802385435915
45,41.31632830686479
16,31.81959133778203
60,54.87204216768068
57,38.23262228518343
39,41.571912691040346
21,41.95997186669537
54,35.55640205896655
26,37.97313664590555
38,40.73066010232652
48,36.26957456204571
37,38.499468639813614
32,41.21092830876822
44,45.27327508385481
20,32.97926311935256
17,31.937145366529567
52,38.50259083994967
37,42.28457568637728
19,43.083172360841864
24,43.99150754416664
19,37.11647944351133
31,37.67648619550215
64,33.320029273213656
19,32.67925399705729
19,40.02422842187575
59,35.145317167100764
18,21.31193291124074
45,39.861358908592
69,41.33948588444309
28,42.56445894983472
24,28.500174332147534
27,46.08330803896085
73,40.32660184026322
47,49.3055384544903
20,41.542279851591374
45,41.31916864806381
25,44.00249077263802
42,41.88255274190954
60,49.135843150226954
21,29.508070500295062
38,39.675120627066754
23,28.778505057128463
55,36.24047268747975
42,45.411683935290924
65,40.20671793537556
24,35.62596777821252
20,23.449345778413026
36,36.926049535553254
76,55.31311126532501
62,51.84616780800027
39,37.50356545604457
52,50.99072450913648
33,36.800391090083075
38,48.94752717207732
12,28.73368626486894
46,50.53847617097898
25,48.14458179278051
25,39.97271113870953
39,35.1410726729429
19,29.983143779099272
48,32.06176266952555
29,39.86077919763661
46,43.55597936948072
12,29.191630719761957
26,34.82136934936761
52,50.76128093448284
18,29.84612723810106
44,46.62948264270214
55,45.56173667849518
40,40.07391567346899
44,45.28497543748641
62,41.95699685982205
19,21.626471687412295
30,41.08162843629433
31,42.22165806253445
41,42.52866420938728
62,46.4398924674424
58,45.259054757800406
44,42.23952508073979
26,23.438732651280684
59,45.11973129754926
46,46.15394891587344
22,36.93156853724491
34,47.03961405349079
51,42.01192770422728
29,35.56962321008101
37,48.56424080572899
18,37.647048724066956
17,20.588966032243906
37,41.45919968776901
18,36.02310495021431
64,37.64611762474095
42,40.4471758293998
49,46.72094586609959
78,48.77122246322531
38,34.940911460786026
43,32.93913474909789
22,30.790882056088094
38,45.03936879756524
53,49.32127000661921
16,21.915357304019597
50,45.016782892314
23,24.413232689503744
52,35.36403601796842
54,41.122869793544936
16,27.505275962816754
48,30.16704897128219
43,27.920639826150722
23,38.37162667315466
17,36.25094269551829
63,45.4199154942131
23,34.11988809101356
17,16.254489266144912
22,26.095330620095638
16,32.19746211116874
19,23.175846397703626
27,48.820357295969636
45,44.287370517549135
51,28.57613916938669
75,48.869601487576794
62,42.13581746822683
52,43.016501710122384
20,52.772379625157754
67,56.07682118132564
24,37.80311187318702
25,24.359131770371047
44,45.6600256344192
19,18.334415957645263
22,31.819417729871216
63,48.122225288482475
21,41.68442068001965
35,42.86265419983771
65,47.99891733984272
13,28.188485424416193
11,37.31751956798084
24,33.3037194627701
20,22.90040250319264
52,41.306712893166605
46,43.53880837087923
41,41.04977588522212
57,45.06947636431256
59,24.145002553233958
15,37.59632937827315
16,26.026910183685064
19,43.968838633474704
44,44.398470960222994
30,43.42963947857568
36,44.40188746553012
38,45.060623670097655
45,39.09261832222905
57,41.63157536501584
21,36.01034706327388
38,42.443643881263206
66,49.702139717456795
40,41.865864871320944
45,40.56518713967578
39,42.25211879272892
36,44.87245403971626
10,33.09433480222895
53,47.94360195419868
18,32.095591017549985
19,35.16764852984767
77,41.34756924588036
43,39.750466680765996
70,50.21321217979838
33,40.59335068112673
53,38.71834623051646
69,42.63675062649878
73,45.11977132078325
27,39.481442233992595
72,34.078029597792245
46,42.570205441321576
62,51.87251893107768
33,40.57987919104526
42,44.87497058261429
36,37.86187457690636
14,35.48046510153491
31,37.9383724275283
21,26.62588137173594
75,44.68303372747443
29,40.255841525407355
17,32.18530997903092
42,44.36091670549221
28,40.079923503672994
47,37.55712623276666
51,50.688720107303716
30,41.781073056543484
46,38.89434722093951
23,26.34158760342451
18,30.44814330465674
26,33.57431574579254
58,48.25722733474585
59,47.64644295608355
12,30.74649253209663
38,46.844721081814114
19,40.47973451457924
25,29.827698142280795
10,35.70678005474691
34,41.58049009742296
32,43.52002638015061
32,47.9443354143139
51,38.21380276960538
14,36.3148808243284
22,48.84069803072744
49,31.85844506772289
30,45.10507890011883
42,39.92558694246973
11,25.630871346852423
31,44.998935623473145
34,35.765697119413986
20,49.17158974966499
50,51.53710366888124
31,34.02710328885326
66,50.22802833336821
41,34.80602431492828
39,41.015894754726716
61,53.540139425146215
28,39.875557072589764
19,25.226446964082534
35,39.21215381528171
18,36.295804311387066
26,40.95770356130831
21,44.0074575916807
53,45.04724060634368
59,56.07064986943251
50,41.6903388323452
25,43.41915285014475
25,37.75413090754631
48,45.630036215716416
56,53.424479868539436
56,28.726134787193764
36,41.99886305067279
21,27.469954248195226
27,21.835919709130295
32,36.06032748774568
53,45.68075653304822
49,45.685758997045724
17,37.02094220410666
54,30.233319254520694
35,36.26287686815706
33,41.30987151065571
34,40.03558112900491
50,46.1078611516239
18,30.713813259159533
21,36.456410320263046
27,25.732623187674445
31,36.46793667920041
37,37.64911348179569
28,33.88754257179613
41,43.487831136932236
63,47.40514162703415
61,49.35086608684507
82,34.69208784375542
15,32.16179286841906
64,47.323618402436935
47,31.92500157774556
51,51.10224838861131
17,23.426369638966698
54,45.03141426022539
20,28.019385986354887
74,47.41831020968715
34,41.76671900796867
25,40.23017980481123
48,47.86207794004281
47,42.03877643560099
56,41.49210725973456
23,33.25725884341946
55,35.342047866885785
37,52.70916257670252
30,37.25035052517134
45,40.60929833185188
22,30.47394510238611
21,38.22197351072945
48,45.12291384045429
42,40.495354582232714
23,46.88290516934645
29,48.23636702871877
55,33.312392706585015
43,42.567506392724816
45,49.46794518009224
41,36.312586268331685
39,40.76225108361927
85,41.493511835493216
12,13.916887756617053
48,41.51933601388692
45,50.1368293339919
16,34.27021380558901
27,43.362074450155305
14,23.869448575539483
39,43.39526717967243
32,26.482402819812606
16,13.05966359516798
59,40.825658379258186
26,32.32184323987535
54,45.08037886332629
66,50.09920124474738
50,41.672296829258784
31,36.431756633316446
47,40.25390675949176
62,35.938718961062214
35,39.29189972343644
65,48.41472225889782
12,22.910762122377974
34,44.403433321853896
54,43.43280285627847
56,39.49336133129575
42,35.144276139540565
27,40.445223844639436
44,39.69387411620085
74,47.08360459302756
36,48.20845152734071
37,43.73501374345179
29,52.5807948198305
41,44.41774142760843
36,37.548267545808336
32,41.80808153293762
57,41.129462339688054
15,20.71197918115142
44,46.006854464236376
22,28.74720156067807
20,49.191225028552864
43,38.41843337016823
67,38.638679995420496
30,36.44303394627918
52,43.76416089298713
52,38.10073152779088
25,41.41400274377812
38,37.37546708230989
25,38.45076859198594
58,45.68416600029212
43,37.66149792031218
41,44.89438475710037
23,35.023626688195094
23,42.939257970424876
43,42.55594646595271
21,30.969613449379263
74,45.132279552141206
38,34.22388954553635
51,30.10826448153989
50,49.65276711063777
11,34.66611588060974
47,31.99991521349935
27,30.891249028937587
26,37.23286273009507
38,44.6451683494557
64,49.354530107236435
51,43.26914967845408
49,42.463504427141835
55,44.272904607876065
45,43.52072966609493
33,35.095670697216164
57,46.347481934922754
28,40.16659781158988
35,41.652349326279406
52,40.621462268123224
38,49.24568577089265
17,32.204962921592454
21,42.252025493994324
83,48.58287917435383
54,40.36255336903046
20,44.676368865191414
15,23.349469354454964
21,29.397628054645057
17,32.9156092634121
34,40.94318038691662
36,41.27174952762542
28,49.68976820101147
73,38.03907398990492
25,35.010904631123154
18,26.394349739084543
12,25.168947360024394
55,42.02082456474327
45,54.163554116576385
30,42.55743505664689
58,33.01817196677739
61,26.409336422950954
20,21.53453805484534
16,21.626933752957076
20,22.63473215508424
18,31.3036359764195
13,29.53426071880019
23,47.83358453230332
43,39.712514504281096
65,41.96999009237443
44,42.627226469463075
48,44.81264216736568
20,30.020113201231176
37,46.925481476838065
23,45.93253685403689
15,22.030931012303604
53,48.26156736249433
31,37.31642961122464
51,41.511354025251364
47,40.91082961395947
20,33.51797765204844
65,36.2534421664614
61,40.33081827481191
66,44.98115529074866
65,43.188395138876565
52,48.71823371284486
46,29.363664002699853
38,46.97824599868039
45,38.177521023828916
37,41.72292208672341
24,44.73672258866402
54,42.453142150302526
34,41.49753568676246
50,42.37899143146028
63,50.25248484209133
42,47.32349894471113
28,49.00264666032695
37,42.761263360328236
26,35.80703207611806
37,40.194484611012214
37,33.80623329856465
51,41.68207162418457
20,36.51349578174631
36,26.700328553177645
47,29.159102109782616
30,40.26232566376849
65,46.11160375238325
32,42.43021872170345
23,42.25200098060084
24,41.94859498064719
26,49.96034741437737
55,23.82780344162081
43,51.01711004714831
41,42.44807763259534
12,27.291455668198086
66,44.885090042826405
49,47.903715056169105
27,34.58928502154381
48,44.85059586588756
17,29.158519662740872
60,44.471522065425546
46,44.01949862446807
40,46.14676494218156
13,46.100274638817474
60,47.86130141468442
19,43.75486858537117
58,46.99694687742621
71,45.71680458278012
30,41.507543226458296
18,29.322562523758947
68,48.942271117482576
37,36.570682671197126
67,52.643658413175324
48,45.85608734258427
41,39.917716565169556
54,42.11310774589275
30,42.55824589889832
78,48.420406157410305
22,22.487018409410897
32,38.742769894886266
51,41.19021219291912
40,46.59186873246114
37,41.73685273175007
12,33.0384268165865
71,46.88245023400945
56,41.4352153636311
35,38.697021680347234
10,28.883366785387537
79,52.81376735131922
42,34.72521813170248
19,30.137655599449896
53,47.42673261802415
38,37.75392942775903
56,39.14826027625979
36,42.183270582619635
25,34.15209314070438
30,47.86957815200728
50,52.44810889507524
68,45.40906897640757
21,38.17757504043841
48,37.72818588448067
52,51.202358830878296
45,42.14031661091534
24,41.8707148639933
26,35.37089858130242
56,48.40319771632196
23,30.247740429562036
23,34.61441594576644
12,25.459628061674117
23,49.10905492835479
41,44.01776665167133
25,42.316579003387396
61,39.537448339760005
34,33.3405002209484
24,37.85379648048395
18,32.029825773863834
19,33.3709007038807
55,29.643321804574356
52,31.573686649225856
25,23.394474281716608
20,40.946717171478575
18,38.29553787302511
38,38.69591226920593
37,45.0632007289232
58,30.22786120006164
17,18.6379451477054
62,47.698107234533474
43,40.49313909864974
43,43.46736562470056
64,56.394111050032635
69,45.78355280138454
11,29.32538281063907
41,38.98375043184196
13,22.500269078169126
69,45.97360804673585
62,43.351100046688316
61,36.69028980846985
58,54.88735287535688
40,44.74728456217632
31,31.671400308551647
20,38.18059898064508
22,34.924710622269785
63,47.53038471516945
60,47.084023706583785
70,45.539111711402846
34,41.78119792184552
47,54.01940386510117
29,26.544803299714616
39,42.023587896933606
21,35.12368188009452
21,42.485691145987865
28,42.365616156470836
25,22.202595683608322
44,42.41599362382763
43,39.45566142869913
23,24.08549720677477
10,36.19131426178038
43,41.068050755114825
56,43.602225617880215
13,29.157889175692954
23,39.62962876264246
19,39.80468278291891
35,44.93109723581921
34,32.83648910916176
44,41.08416025864039
53,44.652245053361185
27,43.7827827683771
21,43.72844825464219
48,30.134696511412596
55,39.46262237607304
10,27.526030231125024
20,27.014498410338476
34,36.381723910737726
54,47.347122994228066
18,34.128116620511015
45,44.00714496221861
24,38.61654068381926
14,48.663599816958396
38,41.51533171758264
47,42.45271445180545
57,46.150468144750484
41,48.699095263423615
15,22.447684551086255
22,30.689164132078044
18,25.86841796951939
37,34.599631011240376
31,35.68585831176464
46,42.91488992275783
66,41.918752753662154
18,32.161817847291715
67,51.297537510301915
59,36.544699549939935
51,50.65005608530006
38,32.79317096819862
15,28.540486468986643
36,34.12689416149192
50,45.57688271836085
37,39.85976005949125
53,33.231375461241306
56,40.785453016864636
10,38.2592402710996
16,18.300062584245932
43,60.58528581325198
61,45.580580397127484
18,36.252395698135985
52,36.82918479436318
22,32.57156695774234
38,43.13832496649697
27,42.24122943253636
57,42.272132653866336
69,50.83145888998154
45,46.85722087981181
49,30.815875599012916
39,42.51141557004385
57,39.04349189341075
58,49.91747670036329
30,33.10286139884708
45,34.98114158856217
31,48.08353254135347
58,49.403400778551465
39,45.72690865248956
67,40.434213397728605
43,37.499629569348684
57,40.82139857802037
23,23.56740778275983
63,53.3559134810449
34,39.70783903466899
39,46.647905477265006
58,49.29241923182394
39,42.05270583886564
44,44.78223514178794
25,22.770291432364367
53,46.68385743663647
55,42.98349971343519
47,47.12455202907252
43,44.00852404205635
59,37.42040002353265
26,32.74576804675011
13,39.0046041840757
48,37.46025202216277
53,37.94651849983665
20,25.363510292370897
56,48.55649763309052
50,47.79667430058122
23,30.194590377803134
58,54.19007142470932
47,41.833997664653765
21,40.86177942362603
50,42.083621525574316
60,43.72147845176966
10,25.221142266127117
55,51.73092461215123
36,38.813058364986425
79,45.29805836444375
15,40.654473072008194
29,28.45920284715658
36,39.05775244819039
24,36.059092972452156
41,41.614322572498885
42,43.58048009260273
10,28.299337828842216
55,38.506315798192965
46,41.091554906285
17,41.088620739473654
31,44.20894240288709
52,41.14015019691283
53,42.73076784658088
30,40.56604561194042
27,42.59643033804657
22,50.09947604923867
18,31.62615394793253
42,33.52932859759475
44,50.54355388487268
43,53.88600152972572
37,37.05905237914628
24,26.725779784424468
33,39.49354284784251
48,41.77687347921406
13,18.51884083110022
29,24.80588600003484
13,34.96492716364121
42,51.87501833343075
66,45.35065069230417
59,43.62490767164144
42,40.85483449907455
36,48.1677999439212
10,33.99106774305656
55,41.90630021824982
38,22.986282807580633
48,43.61130745487289
41,42.68916078265573
12,27.202881471762545
41,39.22070532055816
46,28.76783414953703
33,37.396789912491506
57,47.22935174292056
25,34.49475370919501
54,39.124698437313576
22,44.74312648653505
45,43.705444383947544
24,29.676091008576964
22,47.81652480848759
38,35.97061198361027
23,43.62705521522412
21,37.71590241075846
31,42.980798967958734
17,28.29400184350378
60,56.26935172862217
21,44.982940144670586
39,39.75303936472828
48,43.95516246874352
17,26.385225074902028
39,36.38138503602659
53,30.876082252967937
10,46.24072050306946
28,38.472126041060726
29,44.073802825362776
28,38.81080095590769
41,43.59145330524505
53,39.671092852878544
32,38.30325581088742
20,40.71206787097225
39,44.92261185204497
66,46.631952763506426
23,29.780887608508493
17,42.71081926787864
55,52.46062761013163
19,35.30957364747457
47,49.33312464498584
65,47.528289678912955
13,27.945354451726057
33,47.41442311332903
10,21.350695030062383
11,14.737040108821066
37,37.69026136839673
22,37.43540338649202
57,51.36211354141723
51,44.36922627581306
15,30.626980911374275
24,22.190597436043536
52,34.18701915066579
26,22.799694312234006
24,44.12643805431433
53,36.68527038745647
30,47.59558987212963
32,25.502376882258226
14,21.41977815383089
42,44.26177296869136
37,37.08643320845709
53,41.852873786624635
23,35.02246809439221
18,25.953047017924938
35,41.89465615972686
24,44.73108219805327
32,29.22798193454222
53,46.02581762998313
41,46.08521852226226
12,32.5878459350191
58,39.88257254894395
28,38.71195903678479
26,28.982357147357142
70,56.412192895321596
52,36.876957345795105
54,53.805804394730906
12,29.158442668966924
20,32.20028687664377
21,35.048095581349386
71,54.92581443416893
75,45.689164567806976
46,50.289539267082795
58,37.2366331683012
24,26.206911360611972
33,45.667917581416525
24,28.916966952392617
26,37.51168281610232
26,36.82293529852129
76,51.302916533039664
32,37.501352220611814
39,37.268627783443556
38,22.405803031063137
46,41.710992606832626
56,35.3917870981335
33,43.87496980439962
53,47.118247941758845
71,45.796886232597636
47,42.87259814561275
64,48.952338452130064
53,47.81993518349109
17,33.680606083849746
23,30.02079913447619
54,37.66016171297109
55,44.60331948419114
21,44.130378765296385
21,33.58161593672713
42,44.647982728035366
60,45.69765310218585
49,41.95167180109856
58,43.71464353718797
17,38.950444277073295
43,53.87037132620935
19,19.846114523400402
46,40.658612835470365
33,37.35725248630831
33,37.5624952759041
38,44.74695831490496
34,41.070588394324304
33,32.508462100773315
45,42.618664491085475
65,47.242671218958115
39,44.9077501596632
30,35.00518221524545
21,29.90791206495958
16,44.28647698331912
79,48.4189061892926
38,43.0500934133871
48,46.63013899858437
65,49.43785195314411
42,42.667569802259415
23,47.0117858798233
45,36.65565681569588
73,40.79503263813192
67,40.756931046809314
21,27.251815532032673
63,48.71294476554316
34,28.73315099680332
47,43.89904874599727
40,42.313091424602526
27,31.795151853577543
18,37.4254191603466
16,17.361030728820978
19,28.065846949902085
63,45.54644106546382
44,46.51978869699241
26,28.611422900528282
18,55.12598337010908
13,44.453107520540755
42,29.076102289630214
42,41.666322822570955
31,39.18725595025469
18,22.254425182822597
74,46.57297351923384
71,46.31991466074341
40,42.8662429438695
17,22.478944786502524
51,48.55482867984431
62,61.49557117850843
68,53.33543712197481
37,37.063607050345325
67,47.8206062530693
10,28.74895252486726
27,37.334987405663654
63,42.01601779927615
34,44.006152996726726
19,18.79014556434932
21,23.98246564079358
15,25.21408862483859
64,41.31639582779768
42,40.083508666279734
28,36.05169533290993
20,36.854083487263914
55,46.049998449162885
45,41.07212125279243
35,41.977010599785615
38,39.80061404832865
27,42.54432297590468
27,38.25545439125809
54,48.42949262402509
32,38.25361287185133
18,22.73681704471156
48,49.453990804977664
10,37.365380237790546
82,42.2548608464675
63,45.70514899596651
52,50.11993638775867
65,47.96927813167962
21,35.405069745790904
23,49.27717615765417
35,43.524435498707646
56,23.73578475070406
40,39.483177947216724
77,47.32834078669303
22,40.71152957056907
40,49.809860398592406
16,19.773938805861242
43,46.73788237386919
46,41.03872466786632
54,43.81578735037741
54,52.35282366326238
35,45.01011143616802
47,38.35040358130176
66,44.97748200611999
63,43.88509547975937
56,41.45043720258121
29,31.430368167545407
10,20.97076040018378
22,22.60769012732304
43,23.277755403541445
37,43.743521996837615
36,46.25642408553383
43,36.48254950912897
27,28.70140253796334
28,40.118501720946334
36,33.886087932526294
38,35.47196127789415
20,29.87666930801624
14,15.961233177757434
18,49.241468115043375
52,40.357737763118195
58,53.824138790081825
68,33.2003840474643
72,40.947871107396296
17,20.75346365253191
28,27.42378046910264
21,39.063182145099105
33,34.514296749819266
17,18.78442370170696
51,45.967991496142446
76,53.188211174182534
18,37.531217802849305
31,25.762440882985928
28,36.68528086620713
25,32.004163219664775
49,32.209944090710444
75,26.162702919229282
23,39.54384678732455
32,31.675310938104023
32,37.636013527117
24,34.57040455722754
48,39.487007338215456
27,37.52609176851075
45,38.30845076214052
40,45.937040134081265
27,43.31929844187
65,54.99797529993778
62,30.931837347417773
23,36.7116305682073
20,22.739199130574683
54,45.41411464380992
52,55.29008304393417
65,50.4842440686685
73,40.595264547914624
51,34.38635286327626
56,43.68188272225238
23,35.789121500397584
23,25.887162883386488
10,40.58684426616839
22,28.93479025532107
35,39.67436498330678
48,48.623533010531176
72,37.18488900226583
55,48.37095817168928
58,40.91551783088012
31,27.077222028529636
64,40.79951777061401
16,26.4852846018826
23,29.847929506678597
23,44.06886393693795
45,46.76211296644975
24,35.89027691138193
10,26.666383993673197
61,55.2624388683963
50,34.57353284021866
27,37.332569672284905
41,42.14832675870379
59,44.53549831582483
13,15.403684034374049
21,17.582415816914764
15,18.626073583363194
30,41.91768791383827
61,40.888416328353706
22,26.557951090788382
14,25.60051861357532
50,27.92049973087745
20,22.644078873637262
47,42.51294146511259
10,38.194439549442635
36,40.485146992410826
67,44.790525652744584
52,38.03522414671927
44,40.12179081052373
31,45.75738835684796
58,39.855463597626226
61,44.32845525542248
36,40.889434548224536
54,46.45019366714219
18,37.00911940952822
14,18.56852501279691
18,18.209246939238607
50,40.39436851785578
53,34.43069349721357
12,49.292888010987205
43,44.08176330149474
34,43.71402711644793
47,32.26690733690089
23,43.14347005800947
59,45.61870468769419
32,37.35686412065634
53,33.58812877041592
24,36.514529705884534
35,34.20241470609582
58,51.77294912911351
42,30.89267899491762
64,40.07660081601467
58,49.99920596115182
62,34.636829149899
74,38.270952926540204
21,23.860739717915347
20,50.418379424586064
50,52.06240433616033
76,46.076354275530846
25,30.15539139642653
53,58.26526991190353
56,48.11189012598913
19,25.113070558459835
23,45.076911373068555
22,29.447801628426333
47,43.06698333909071
11,34.08106174716534
40,36.01123912683245
47,54.224708293339845
14,35.23703244030104
19,38.94704540145705
41,41.769185066649015
35,36.902984880233895
47,37.52873900462964
25,40.99270042414824
55,31.996381565502745
30,47.25424607730417
52,46.48162751238031
35,41.4064538944215
31,34.804553280087006
23,30.956858607055615
41,42.373285570932985
57,41.4959224486877
66,44.77239817780524
21,37.38738985746305
43,39.98839007324483
20,35.24961152937807
21,17.506794405750306
66,44.61314775826012
44,39.488562857621616
17,35.633311624169394
20,29.129311605490287
24,45.0005170634845
16,35.37990278435738
43,31.40426049107441
15,23.287521009734782
12,27.094799146584556
31,41.029214781383054
57,60.59238907008115
70,41.5801430071838
17,20.326281945205643
17,20.03631987730742
39,39.694480255549195
52,44.516833460443266
23,18.326358472201186
68,49.34666891112576
40,38.072729165613346
82,47.466122424132955
24,45.465979136027784
37,40.10344274051297
19,37.392889317767306
52,36.99519914266746
46,50.14939778772051
63,47.472784447919295
32,35.423021556507045
41,41.04732969448267
25,44.76910296963189
21,21.639593188956542
34,27.230045146046113
10,36.73461555056286
63,52.95630356940997
49,34.23177238810259
34,41.91128873450521
31,34.346667699892095
47,41.8712868229222
61,29.731870858571387
73,54.77357612929122
32,58.72699539337025
26,27.658727467390598
58,42.17098010153986
60,45.54217372221544
39,47.28432399846236
20,35.45655124643543
51,50.880418125568255
40,42.74150662837559
17,27.358223374586263
50,35.94861284969245
47,50.53126164435982
25,41.89798169340115
26,44.47681628845473
28,27.229470587767217
48,40.0064793612657
29,45.40457695183618
26,38.84183139208792
56,27.29340546234996
39,40.59814731370485
24,22.26775931361653
53,41.649901111507354
17,34.194775202341795
58,44.581692812400846
22,29.005566181440894
56,42.11511635909098
74,47.00718820214418
66,47.48990330930734
15,43.4597053365256
37,42.49279548008894
29,30.559038401039174
53,53.780637532581935
41,43.050616029641645
45,39.26488812635831
18,41.508589789257094
21,36.83650602108137
17,32.95278756885621
62,42.57755763607598
52,45.05217336573442
76,41.495913686380334
60,45.66460182771799
32,35.23865316578865
14,22.152346651932206
57,49.180055353869946
10,27.17604960805671
29,27.017595810870862
21,33.95480841391857
21,44.74028349110413
36,39.604771449545176
42,38.84016413734687
33,35.306006126318806
59,37.770443392760086
35,28.286966219216396
20,39.255102850356
59,39.66919544604947
34,54.734169341767135
45,43.104486442607396
20,30.770400187579302
12,28.161114706523666
30,39.27044666699069
10,32.6329689592804
52,42.1465529184435
40,46.97857626555996
21,22.022800980329535
59,40.577047459326245
15,38.990299500059514
54,42.25553485987422
26,31.62642259777903
39,43.3209414203316
46,48.48742649705965
49,39.62032084649847
48,43.96252324871517
21,30.190721484483234
65,42.737114806896095
16,39.601810597599574
38,41.75259882069787
18,45.67489142299532
29,37.42543713583536
33,46.54938340164199
19,30.057182575658256
17,39.22930988057678
30,39.9695468056265
21,46.81015607492023
29,47.379785514380686
40,31.58509244959857
50,43.717375924894775
57,49.74290008486653
25,24.124162768715713
18,36.34058824323264
64,54.722726259757174
20,31.700288263793713
62,40.44665061167693
57,49.423454713598154
26,42.4703533377989
16,14.889726303489695
39,36.91581342304116
11,40.78609189098694
26,28.368716207333545
56,32.407302522022704
29,45.04347408347341
28,34.78459502612825
21,31.18954739440656
23,32.105093075501266
18,29.21716691331911
27,46.97767722513122
48,34.941685306845955
56,44.08208482920796
28,33.93350640946567
43,39.487676467106105
62,40.66774720441512
36,39.60794304148513
14,15.32629082627189
28,38.334662352378885
21,34.2787315087131
87,51.866069836066046
54,44.3723607254258
45,48.19369497328748
16,23.7875
30,43.040020247043714
44,38.14085404785141
35,37.19561415623154
16,25.973114026448247
58,45.932984773973345
35,34.42716322710671
43,38.72640431214365
11,35.52671841562206
40,43.9404511834534
29,39.86294500558773
43,40.97414064479725
38,41.14032854289868
31,40.97208835863094
22,36.44293332821929
44,29.506664035472372
48,50.23752120868873
24,40.87860265019335
41,30.76615339529479
48,52.97301616083866
54,36.82904062388592
48,43.2022931021384
20,40.745622419902865
31,41.728707249752496
41,46.820369657105424
14,34.005265420489394
17,49.36816624440331
36,33.752499993425296
28,25.109343559304733
37,33.837618977771996
37,47.752824700972205
15,26.916542250348265
29,40.99136785037542
20,25.31928493194391
28,38.28827394105283
25,37.602306607066645
33,31.483647983146923
59,46.30611740545883
31,36.00871459886589
65,50.482860396596855
15,38.50215419804878
40,41.013396135507065
11,37.26127537217322
59,30.713088031882467
45,35.20013824893274
30,36.980310405850815
42,33.8659627948181
65,48.68544312118976
48,31.59197060943083
50,31.502583959651247
22,37.29983022273619
48,45.28771805413835
16,33.82992087987266
57,41.38235009382717
49,42.52260080910159
25,28.977065752380135
62,44.62163518729673
58,50.62866963386804
38,42.64499222780237
16,31.082028031352987
78,43.62837368943936
52,48.35694619848283
61,41.892358347362816
71,42.08493405844543
21,37.23273795529259
79,44.17591984268317
24,34.34772324103793
45,46.142645946334405
49,41.05956489065379
21,39.546197118289854
43,35.597002996078004
19,36.55013352595085
26,34.4459769304268
72,50.34030553516999
30,29.38020320046619
50,44.18694701918609
33,37.01334415892662
37,30.488502337734335
49,46.61134975142677
21,20.84707559731471
30,36.7263834784387
20,24.4113785374641
43,43.323263031112695
21,33.45536937094514
46,45.75996355073634
60,36.50937792639873
23,27.107690678189247
38,43.33200882568712
27,37.90775480127358
50,44.36542354775119
58,42.26330464393589
26,31.46219544506752
40,41.37558213914168
57,42.49237993806023
24,24.464150095251952
25,39.62109146635132
45,48.21940004646331
44,49.389281405745606
43,45.87592738396337
26,44.030578126157245
47,38.19176468509729
28,44.471015074284985
18,43.375855184687026
26,37.99255504804985
43,41.4977378620553
23,32.664555810820346
37,34.41964461800015
33,45.46255687854127
60,36.06322465346574
72,42.186935482354095
49,33.40337203402566
51,37.194667388347426
37,38.220645854900724
52,41.70614102185258
49,30.820909966592108
32,39.860253063481366
43,44.061567226792924
24,27.171800171968
60,49.47678321072989
54,38.99093982301249
69,51.1815335772671
64,51.85561806733982
16,27.019203954580604
46,41.53661252460867
35,24.676195627405107
39,39.73142044786512
29,35.46967126499213
40,30.061898226047102
41,40.87924091163293
50,43.5680599223402
41,43.902346624626816
18,43.189098685411146
31,27.276948781442815
31,43.323140818231074
23,38.88326670570131
27,39.11975309355849
80,50.753354986199795
13,23.41128985482446
20,41.88840890161133
47,19.90292612092881
56,57.56655052927863
65,48.54100426922777
52,37.82843844661699
30,39.47179700896806
37,37.09452310277367
68,33.56565725929247
30,37.59845285344419
23,42.187880702706224
64,46.0408390486011
45,38.081376388257425
16,40.07932182990056
51,40.951784153688024
55,44.04469350376416
39,44.83217524694981
61,45.18112434006573
39,41.36475907596046
70,42.78307382074811
11,25.974112879392557
33,39.973115132876096
71,49.95082694629141
29,42.74970773218524
28,51.92755318176606
60,53.9305198931087
22,29.829894117226623
44,45.26465196978444
54,46.791719993334866
32,39.5525520438909
78,46.03385891674725
51,36.509230802951336
79,44.73311680447004
39,40.22291120298229
39,41.43652203372735
43,39.61808439732094
11,13.163216176297272
25,44.74696764829251
53,37.96401302468988
18,18.115335738175535
45,44.7701703834085
28,35.31141321377433
40,45.001717029650905
11,33.78260726349584
16,24.427600274117914
56,47.75574183858947
57,41.832818707222856
44,42.0794641494143
50,42.64927597163306
10,23.2785150099548
13,15.005194132335387
45,35.686071298670754
48,44.58068022123558
56,37.8191137885814
36,52.30758226464137
31,31.79739851326327
32,43.365316241445925
65,49.50372463485804
23,34.32363762964943
49,37.909360371042105
25,34.844000673774445
12,18.14072440996162
42,41.79000505356543
43,31.605269317511326
54,45.72973716415854
27,36.29722279083596
40,42.63241983831961
23,28.389303919463604
47,42.48781584324794
54,48.83703196111887
57,43.04430582418223
21,32.09325064446391
49,47.673065513861545
45,47.54173704399146
35,28.37152719157556
57,45.966180082296276
56,41.86119890263076
58,47.2678564998969
30,40.48409921310876
43,44.04079684155031
30,39.24076636693291
62,50.4284376699768
47,29.234486154541013
46,35.309714201950094
17,28.805114122147693
21,26.872255238529984
34,39.94509152059403
51,43.88013381897733
56,47.84432070477479
47,47.59610408547637
18,39.70009588225832
33,44.232662688838715
21,25.898533401550594
33,35.3547149846213
12,18.33244313610993
37,29.09969829082562
54,49.78726377913341
17,33.91625287157075
37,41.08464908950965
20,34.62555334592047
44,44.045217057646276
45,40.8641314904027
24,50.38626659599295
35,50.30103647355801
52,46.35154383369955
37,46.27715742180928
46,50.964307907591184
22,22.290567113916794
43,42.90969453179611
50,39.97577840934626
17,24.686964670534376
24,39.05342462235321
15,45.71546967219404
32,38.455659274758844
32,41.41884249545503
49,43.229406403037146
52,40.95175728965203
45,41.32262834268389
53,47.40660296388417
67,42.38721677670219
34,39.495354473601026
28,33.18873875329308
66,42.83518349891807
38,40.81318270316104
17,26.080969072784132
29,33.697870583829925
58,42.10089412277458
45,56.34898761068663
31,44.497155254680436
67,43.42586312591099
25,44.31696166959039
46,41.21549716966455
75,53.447121195761746
42,43.94691417182913
54,43.327397058217585
44,44.21357300921346
29,41.175658826340594
38,44.06012611540044
28,44.55820773024903
57,42.89286686218239
28,38.20957545474327
30,41.28363131185939
70,52.34220541627056
64,37.703111703591865
53,44.431613664027076
27,30.314386510667383
48,37.19080459009193
61,52.52337640142294
28,41.650113950847434
23,30.10349421999065
44,48.76011884086311
16,26.216896478170632
23,25.02414616914648
51,46.6282805242698
15,50.601813827753446
36,44.259206024473954
37,30.757443209495676
20,37.05383015722351
32,43.2571437536133
44,46.10448687429105
63,44.52676218950994
35,45.62872180583135
27,31.688310787988435
23,43.43416782118271
18,29.86624094483575
43,51.041242918416295
44,43.27762559192304
32,44.45620594963329
53,33.70721699145559
43,39.103946264574
58,45.55595008246058
58,39.60556106340181
34,38.93357142668101
71,45.6723811872036
40,31.170684917828357
48,46.72939184922956
43,39.84534201710631
37,41.10776711133665
77,42.95025071095905
27,25.98617552297032
41,45.95113373902693
44,35.86289992690292
45,46.93250799620968
45,42.01417906290434
49,43.47074736279689
62,45.43003946597011
58,54.24670608729274
65,40.48247498871263
23,24.00639111809703
68,47.462127878029314
39,40.58134761301552
39,42.105873175497315
75,39.390082090687585
18,20.930192184502722
13,22.356638765676294
60,47.45287183866998
45,39.45824738149924
40,43.79990867563596
75,50.70620962377104
22,19.251178308474515
42,50.1957008394612
60,42.1716919664746
62,39.96212853565046
10,27.439201403122397
37,47.26306570532577
68,35.78661832413102
45,46.86780744770045
29,34.65949616002552
36,39.20522861727939
28,51.201637919377774
39,45.90874656580662
20,46.59491062613656
59,43.53301888450151
34,44.021038447656146
20,44.28942262194857
49,32.58440016583536
61,45.73433757224573
28,31.508933984375382
32,35.30472310368648
30,39.92852967130587
38,35.87059936712284
58,42.047511670757586
41,57.32678074583956
58,43.97815803983417
22,30.693186780396537
17,35.31997230949239
20,34.462666393050874
12,13.679307129463163
24,22.29681714447676
39,42.439759265095915
19,36.75786082911008
43,42.71441022337584
45,27.845611188407265
36,47.12079381167058
32,37.99976434366802
48,47.46696801260168
21,38.47935054684462
16,23.12082973166704
52,38.00116129797058
35,40.08117822859547
33,41.09568095652783
60,38.09293240624406
60,62.17811094350817
22,31.26191361079899
54,49.06104063517495
53,46.18049005186859
37,43.67488738043542
23,47.30813884017723
70,36.218493142439314
33,36.22017316111017
37,37.85581780867965
59,41.69842059659585
20,29.004534387475456
49,43.599415935671324
68,56.25239239235043
52,47.3380820079363
71,42.50501852174706
73,36.20578991746924
12,28.611143990197103
21,42.02230782358052
56,50.86561796117484
42,38.18550474182177
35,41.074121437457734
27,29.660579922443887
62,57.52866405564971
39,42.563055671521134
36,34.88319111765301
45,42.082874543119345
44,32.71597484549476
48,25.36144609283087
52,43.76656975461582
61,37.17227361290729
47,27.066383813709304
52,35.37661643234419
48,47.00849531933522
54,45.41471395605851
35,35.85767999548417
65,42.90462029258776
21,30.58119636990737
36,44.645727786313465
35,25.913675920444927
75,41.65860640748285
60,26.53812178045488
34,39.46826962283831
38,45.1674978788717
22,31.025362463188145
10,25.870205437454246
42,49.551129944903835
38,42.934687022788765
27,32.30087837441655
55,47.51436119650703
20,35.947702051654176
16,22.068374139262268
51,41.719797593502754
41,41.077191552012536
61,44.10970418138221
47,51.82302467597521
51,45.1792028629353
32,40.101259261494896
41,44.1985130420704
44,42.1812451702269
20,21.896631591077835
25,39.58755623587355
59,45.43881041226864
23,36.03739428942691
15,23.508382198738055
29,48.38046144377435
57,55.25699954499394
50,37.29927270594569
47,50.47526392167501
44,42.40917796434834
22,41.91622434722669
40,32.88266945410873
43,42.04405749219035
34,33.21226092279673
37,37.316045087716084
31,34.89314812715753
46,45.81719934775943
60,50.56111884444197
70,50.624656009709994
39,39.38158102696911
74,37.99167564119521
26,35.744720328287826
45,42.746837810176245
45,42.02424956768697
24,35.85352063144718
36,45.57940568811181
55,42.817322894660805
48,46.169503100446235
26,40.107603964731936
27,44.85559546993345
21,33.27093398782642
59,47.726961767982594
41,43.76051294815007
57,45.710948354653844
22,39.480647694286446
27,37.06174347937932
29,36.471126992309244
30,33.86023093822293
30,34.560597606337325
18,26.54255326087202
20,38.27780889727904
36,36.00114167026533
21,42.22301152396029
64,36.28560294272824
26,32.86316101140899
31,46.118107379467055
56,45.903982161493325
25,32.173144463283876
21,32.05339399223774
31,44.69260955663381
37,33.872133355686174
21,46.39656790086389
44,31.975999476962524
40,36.72983169021377
24,22.66295700510485
44,29.354458337905715
11,14.223170821539581
24,44.126603948748944
35,38.92222518425684
37,17.22416586306621
41,39.31436018021932
18,25.567556703468068
22,37.912099242144464
35,44.55912852898671
35,50.18389414096247
53,38.40852968078338
43,39.519394576053486
41,49.55176268054658
49,50.67390486981658
22,51.242080832974004
12,33.99736754323376
40,39.06051552975194
66,42.92815362803572
58,43.318034723549815
47,40.32373104187552
20,27.83670330595237
22,21.64497473230258
50,38.16716799469304
55,49.7020236826432
43,46.66108618546702
57,43.927418214107156
24,24.631928507104167
51,43.47951343447393
20,28.11877084275795
61,51.08518494986645
16,34.79984856951867
60,34.95812826693948
13,22.72216437486982
27,36.971201927671515
48,44.57367932404709
28,24.665936734017166
45,42.07300035662262
43,41.01693270807829
45,46.98625177947636
45,36.96054717518315
24,46.50830100218911
66,50.27707510097579
32,37.40197956904481
59,42.28897388190266
31,44.54462814509123
25,18.218471647931814
55,43.41065089703504
53,35.28952136196967
18,19.928066822085317
60,47.93032605329762
40,42.64402009582167
46,43.367822759739994
46,30.12700591973494
34,40.97017408626322
37,43.732322524522054
59,37.59350308326502
56,46.056875228103216
11,25.23115104782466
61,33.77110680855695
26,34.42173379979813
23,29.102660684376588
64,52.40262057633471
52,42.20383974129007
72,47.01908386749967
76,46.0124459320063
37,46.35015956613218
45,40.25697347869306
13,32.31755144933145
32,39.53588457322073
52,37.110273386209066
37,35.489486639457645
62,53.687430447769074
38,48.099169121654626
25,41.886311871804466
20,31.837285801309008
21,42.00320586865191
20,28.430771647348664
34,37.76337834858401
40,39.23606966748103
44,39.413445695203535
24,28.076333339782323
17,45.944730814704855
15,14.213309303759024
59,44.33709320855792
24,35.303573495937
20,31.307822205080654
34,25.590719702278328
56,47.54213761858267
32,25.429843908527666
31,32.668659039793326
31,41.03192244176933
58,45.69784015469431
26,34.944945511144226
23,22.61025999770564
27,36.13813524587768
24,36.343080706872996
25,34.95989686952327
14,24.060215771032812
39,28.999306211417984
20,41.13885137770887
49,40.329399432851915
24,34.406031749909644
75,38.771942108001056
35,43.387780922915034
19,25.934472129185416
27,27.206643536250276
52,40.794260114853515
21,21.841042998577045
26,47.18007800677311
22,41.423307495550006
33,42.50346813433609
29,29.833589866934805
62,38.830095365762446
40,45.743504387054
46,48.946626455913226
53,50.29768098026228
31,51.671580406466745
30,41.57055970262183
43,41.53881811539079
42,41.455566515782465
47,40.65782292080267
44,43.31565349856993
58,43.74896749681547
15,31.006506984096475
41,41.83020975497119
39,40.27040358573473
22,22.504658945775937
55,36.61434202635391
50,42.59018594526996
30,51.083629482012114
17,26.952882064556317
21,33.35503952804943
44,31.17657996463637
38,36.89551346792548
75,52.94196980264425
30,34.34291739742374
44,48.37828762388196
49,51.728327200042095
40,42.927086884737065
20,27.39004161974003
21,39.17833083741482
56,51.890841992255375
43,41.13861368624723
60,50.96125046126576
31,53.933183793454425
36,34.92232717983426
40,42.79448997552935
22,43.240221051943905
38,46.05252692143254
34,37.367795107524394
56,36.46537538153234
24,29.997411031351707
24,44.91492654854276
21,39.65826308868598
22,23.3917766299682
67,42.342263878016865
24,26.33845888814925
21,33.291428697662056
55,45.189536506956735
56,42.18507552913128
33,41.42479701619992
59,41.53710479482025
22,32.71194526058924
45,45.02432511725583
44,35.17192217973849
25,41.33108937049312
19,30.31329176114601
45,31.25466712213113
38,45.36271885783665
53,43.47885720499529
61,46.63688069407576
13,38.56024865108594
57,36.27643969964257
18,25.927591455950523
50,40.45669712183395
16,22.376900770620296
33,36.969707577354846
42,44.6771634757388
18,33.256438965083106
27,36.45378697242571
58,37.78786919054743
75,51.430197746963884
54,46.41240708986652
37,38.82156371129553
29,33.175672298449534
33,44.41725207287862
42,37.47526016336315
16,38.41373097678146
17,28.892305030324852
44,34.79974714466193
80,45.058674732192856
32,47.48968262507517
39,44.61263704489724
19,19.27730146177915
33,48.385667393046695
13,15.833295865349166
45,42.56918845073679
69,50.39124076155111
56,47.36482230497866
27,38.091274688739894
52,40.4167456040359
57,46.39253335791503
59,50.28865961672116
60,42.276202469750025
33,40.9378779003248
24,41.46510884011316
55,50.318650294444254
35,30.440626597113056
47,40.82760808713382
20,48.46210339928569
22,30.73010797332463
19,28.005049331264605
52,41.077890162626616
33,44.081604978439735
33,45.561049627423735
70,44.3516349987135
18,25.921405787347616
53,43.138700666537645
67,44.97693969875611
45,46.379957974550464
26,23.61224682012655
28,37.69653356530144
21,24.148617698593167
37,34.57666429983093
24,31.28133923888109
19,37.114743502485375
14,40.059535013056355
38,39.31903042871838
54,48.02213289079801
23,37.49645281053916
56,48.81314036317779
46,44.048097497370456
51,38.865526341471686
19,30.964026951665524
24,28.391187707200753
64,43.178705956281625
73,32.92779184469195
37,34.65567287653669
45,36.890752497105744
47,47.911637622073975
34,30.968777533194906
25,45.05126613670671
17,40.42983300662647
42,32.49187415842321
50,45.66614466079642
40,41.0988455951604
17,30.53492783700467
22,39.156487052288355
71,42.29703068634362
38,43.746858258733276
57,43.06712420100767
50,51.223613227875354
17,27.105553920703837
74,40.46578088814615
56,45.1169188486647
80,50.96724491555931
55,38.70741972744262
21,35.2000857037403
49,44.78157706641903
40,37.700410761087376
21,23.20399928382557
19,24.856103639193208
80,52.10558560298906
18,41.63791933069969
40,36.971526830917675
25,26.48781769514771
19,26.229028158105145
21,33.3976343353602
15,33.86372693207446
19,30.363815869345103
27,35.979575789898874
58,50.32412552827932
64,44.08529515881471
42,42.73407944635837
35,41.46997147747233
29,26.74296502006839
39,43.22217820002544
50,24.621189622266662
39,36.48417655280675
75,40.689789818832715
62,47.12832668333474
53,54.8906805824965
51,47.457274879054864
67,61.28008804901618
48,32.4707714270543
56,40.31522756411023
75,46.640890067247526
22,39.25030627880061
13,14.467609483597144
44,39.400713748982895
21,14.15566101267649
32,46.442482591748536
15,26.27852735131778
26,47.997095405091706
34,48.95579610581742
20,19.464675019425016
71,49.75975861062685
29,32.705450074644546
43,45.65420446386969
43,41.069512756146935
60,41.90233706948135
21,29.460261949440195
23,30.113419187833948
41,45.303225568408706
41,41.26965509927084
51,41.47732254694456
34,44.35082005151827
23,47.08338783963122
36,41.24104272791967
59,51.27365548640004
62,61.08969184849685
34,28.80818841941917
30,41.709027519424474
27,26.812473418043073
20,40.48155866042939
29,39.67432125085055
53,30.367492964920757
43,39.84246261991254
44,43.711612145324835
61,53.25104226753031
44,42.98574380736447
49,51.95697105934468
23,37.24628622866152
23,44.78802561056058
17,37.35120195614196
25,36.22646133312351
19,34.70687363252795
21,41.32860733216126
43,38.982904273289016
38,41.192927810124154
27,23.065725965864416
28,36.55332763892432
65,45.054024539331905
42,33.22186969814432
44,44.49794865614538
71,48.88579323402762
28,43.89519615439498
26,29.385262854094044
29,39.406413514093536
61,45.232275841162654
45,41.20534774858367
50,45.89600836119932
51,39.46132920496764
47,46.054473321611674
38,46.5603320410603
47,35.00109398633805
24,43.65285447449025
23,32.436922236623914
29,41.88034291339902
22,29.395354340792682
22,29.523890862100064
59,44.476408403058095
28,34.79634723289737
45,41.93921809024627
31,41.6425999531365
32,41.56777419734326
50,41.185315466349486
48,52.398582604839675
57,40.980106181140265
54,49.20072690727072
58,44.14109185750486
24,37.61623372667439
24,39.63729843620196
53,39.3547094783458
24,32.613255062236334
13,40.12233255354466
48,45.01162591245511
28,34.479635647460725
20,16.124648342992028
49,45.32613470102466
19,38.898918380760556
11,36.98248693346809
55,38.74011814089152
23,35.4461942445775
46,36.6816726845096
34,43.210602343255914
22,35.84911569961228
19,34.41352706420786
48,42.50020557726154
35,42.2379488227505
33,39.90011939014253
20,23.481854079052713
12,36.05978369044678
23,41.12692000002775
60,39.33927030092807
46,44.44560991616913
52,42.17638740930518
35,42.913412588171795
38,42.343236962595114
26,43.68570571178183
55,47.30798294105652
24,41.72102888185343
59,47.204308528883466
37,44.54990998526871
38,46.8978938223756
63,47.31836198279448
47,46.04391493393362
13,13.562546801082435
24,43.79763132135293
59,35.12648217752192
55,43.30462341990758
16,36.06444772588485
22,34.04394703744602
60,36.12504695768443
56,38.971279482787075
46,44.967975554356705
66,44.76406688089612
60,43.02498588179586
46,41.499359780371435
50,36.943193537846945
49,45.35290478432974
35,41.34608801604217
17,37.71560293100116
25,42.962400907506
19,29.97859730163274
17,30.245570722317098
55,43.60256029925868
28,38.63586697033392
34,35.753676226274685
23,28.027884143578653
45,37.46212954589609
39,44.84419532085458
44,41.399078197146416
24,19.623330500959142
34,40.482483353927734
57,39.07970947911881
36,42.04828220680728
52,27.24152740036613
67,39.0628663090882
35,42.03479022554903
22,23.801371455020902
53,45.33420049919517
40,35.381496746260524
19,40.43427499625289
58,52.62015713756108
40,42.92831392437295
40,41.70801103956468
24,31.497215828170646
45,50.819636024434615
12,34.2881969047851
20,30.95102678493043
16,28.23562382941563
53,45.93011810447762
41,41.33717393341298
39,39.826563208994294
67,41.9109174148285
19,32.886138912549285
70,45.12418299611578
62,28.5114827037994
36,34.90969422969253
47,45.603895382934645
25,36.2100858530622
55,50.50565505482064
18,35.98542609472217
41,40.74272301204367
43,36.5310135903277
59,35.913598641127535
31,34.406186609010945
39,31.723649410121425
49,38.76894923359246
61,36.51781327240075
58,33.77190676085571
39,43.548212998794945
35,42.21763339385387
28,36.58221136114486
56,45.15399256969419
20,37.381057081932276
37,43.65947935023541
46,32.0858700818313
72,49.36740477830846
32,36.68488775762195
14,26.65877041840498
19,38.277006183382184
24,29.406049420535087
30,41.64633029705607
61,39.8815746374474
23,27.108145570646816
11,37.0544733977045
31,43.55907320728627
50,32.99641360378783
54,49.12773184274033
61,43.85772198761407
67,32.70788177704946
36,41.11350645224764
56,40.01766193590024
68,53.25009972260498
43,40.33963488056873
21,35.127715582632185
43,43.00858652408404
66,44.81245951439266
34,42.66901080868872
20,22.308589084172727
11,33.81739033644186
45,40.17729862227881
33,24.83469752453034
38,41.58612385309694
44,31.19637703891906
89,46.66730210254088
60,53.1887863945439
21,29.84200658645078
11,39.95018159505591
37,45.095845255010964
57,45.94325832356446
54,52.15150975567372
57,28.82269735766926
65,58.5056724766415
28,18.834236500393533
59,51.92114719935875
35,43.89258588285307
19,26.99184735455456
47,39.932258346596676
32,39.42428601433664
25,28.634060299048656
59,39.72661380350302
22,39.65769772825202
26,46.18782874163821
56,47.68160832112289
22,25.403398987560873
46,43.4792024595347
28,41.06397995288538
28,30.440979293543684
18,25.678757968323353
36,38.64610522201585
57,55.77676180999271
23,29.33647472047497
21,33.60574154694168
67,50.77914731521171
22,29.293899788070018
37,40.01063807905665
42,43.789174665032576
38,43.7155554412168
61,40.82838308153352
36,22.25335464303562
25,23.968936573760402
19,28.536680811121126
34,45.846244539933714
23,43.950158188861785
64,46.27974858258136
20,31.640641207953355
50,46.659046712489555
51,46.5781373538041
25,26.375545830110465
18,35.26026056286894
51,41.86678482254852
25,37.692296680769886
27,40.51287634282518
45,40.92519782739918
30,23.248546206421324
12,23.78421200642612
60,46.73697026354792
71,48.98684636455788
35,35.06050265869897
37,34.4990789913909
20,13.72014979680931
58,41.37920304619387
40,41.12619660263559
58,41.9783318429688
59,47.831137347958936
38,43.66947839326355
43,43.642661471204846
27,26.092536333177495
23,26.644554305912617
47,44.994045327040205
20,32.714419482030046
38,42.90394716550311
22,44.201676835391126
41,37.43985719226332
32,39.265763151718524
15,39.4347758242844
16,43.75027905732383
72,42.16329336930391
34,37.08262911051371
58,41.46231586689793
54,30.14388752705128
34,51.65904099474615
65,52.45023961770147
35,41.02401863736466
47,46.49818188599447
63,42.61918962198888
31,47.10873482733337
56,37.506656007516455
53,32.881346101149965
60,37.6296571983591
45,47.193610164440706
37,42.3066818955431
65,52.024133857881765
51,43.19135203362797
46,42.48766344817162
21,38.18425307147409
22,22.059064236221914
63,47.75356850969044
39,35.90261232171995
59,41.774745609156504
20,44.198276709511696
33,38.10888953681865
20,34.419756122307255
55,39.82066660474131
18,34.89711431569489
22,45.54346197598498
56,40.601163204017844
28,40.03461862003141
27,43.4884454111402
24,44.823528003838504
28,40.3437372452093
38,33.72228639113836
39,43.74960975774491
35,39.59581235974845
51,37.21544080349167
25,41.78014891327779
24,25.515789939494198
17,27.025500882005744
35,39.979672066980534
11,36.47680493148762
23,37.93479210405218
46,46.67434157747667
60,32.760999105223334
27,39.09659829845314
41,35.13550110182614
29,40.781954646894555
19,19.88280050956961
56,44.358191197289955
37,50.33227673019203
63,44.65117238098953
43,31.455421535829814
23,37.99494063335804
40,39.15965953796322
42,39.24861805760181
47,60.697411032138625
58,39.585987379551945
21,36.42409374277639
38,47.66366265945368
39,48.81448989518766
13,28.49641991547856
25,30.642089052123055
10,42.47313286307428
23,34.78797264834564
22,28.18982782394599
55,36.03462200201071
46,29.408144825407607
17,33.72567682254019
73,46.631091819790505
60,43.66915951860446
35,38.225359911212934
28,40.18564446293795
41,40.79586932399566
19,33.749706764104474
13,30.586883173642168
45,48.50432950340096
23,33.67422482541794
47,53.131512622653275
19,30.194681418894127
63,45.72664975811066
36,53.06954753501781
18,42.73117113833706
57,36.607143808141664
31,38.41934121833206
10,41.233104524563224
25,35.7496398785506
60,46.91038767769725
48,39.91462644443239
27,38.02158070785617
34,43.009281315816416
27,38.191384238991716
47,35.037188704560705
26,43.83688197405493
42,45.002379356655055
54,49.251948980665
26,32.920979269102816
20,41.673417174556036
38,38.844080531255855
71,53.98019182111999
43,42.46724572649573
44,47.21788751722502
31,41.34982284118942
19,45.44090370362086
39,42.80940522047386
61,46.14007662107486
43,46.92812583839055
82,41.36066002098931
25,39.467119025663116
41,38.11586136893702
50,48.00774318953313
29,41.19920162796174
14,18.269553026487863
49,39.23204517322192
23,40.24854266777687
20,33.74425395947982
26,27.834393470670257
48,42.649747314484
74,44.37616319500515
74,43.322712148619495
53,49.01213271636927
24,48.311879041160644
54,44.212269917793876
21,49.63087282278018
36,42.538455635796744
21,38.51548752976387
30,48.20687286164083
22,35.092411330708636
56,42.776613019205186
23,38.80708624036664
22,26.874594843255217
36,31.541408403900007
48,46.02788973370571
20,37.61303462593074
29,33.98344493800492
84,44.06531871096539
58,39.671969323732576
38,45.76776069679746
59,31.519982892554857
24,25.097971195103405
28,43.580522656742595
28,40.94900788710334
26,29.54204399028111
51,38.33390582181167
30,42.52671561089349
30,42.44131038055707
48,45.123701249802565
24,39.57674904239791
15,25.520161056816814
26,50.45852970287593
64,45.45570535235853
24,29.65914189815234
48,45.46423484064823
16,22.513423753609374
45,28.749184387082067
52,22.928882359567957
10,35.27700631172787
56,46.916355220630024
27,38.84241281965067
47,37.036436766720506
13,17.52349362505853
58,44.09725320107971
56,40.71656881764256
26,27.825962202609972
76,51.29598716755977
56,37.8612757128495
33,41.10985116513414
23,33.63447567649182
36,39.39770272714564
22,47.80276313728992
21,20.599660049829893
27,40.455910837254216
22,28.29618799814044
33,44.298931213084145
26,38.18410334024085
39,42.51395447120824
17,46.53037305846198
61,50.816631476679404
36,42.868566986940195
39,48.424161534059074
73,46.190334387306194
20,32.510596554518116
42,40.130669431781946
60,48.43426038065662
51,49.41629912487506
41,45.714816550825745
48,33.436597771638155
13,15.856121557025938
60,48.616891871909026
61,41.67535819537612
55,42.90110424808142
35,42.77398071847016
29,42.43334129646193
19,33.92910303657764
28,41.6404888634694
56,45.56341377473606
30,39.23949735484107
23,15.81230177240886
46,40.283743648031574
44,46.21347571880605
53,43.94025027011535
26,41.724108157094996
42,48.90918523591287
36,35.687416050330064
56,51.90566354432121
63,46.21183900315831
11,33.98079947568347
34,33.38705188869008
35,38.430570667494656
57,43.874247156737866
33,32.35104632656581
62,49.919068192706
50,50.149356557893505
21,37.363206095585845
45,45.11854674366453
46,54.72821762079518
48,43.012784888231906
21,42.13612646545582
43,39.628334858818405
27,44.78156079677644
49,42.15004090154382
54,41.38621483239978
62,47.29559451845956
50,27.683009024947946
47,47.33986522909308
24,21.89367174085099
15,22.822273887748658
21,34.35952702929344
53,38.09006654297394
59,33.73201397036493
26,45.79669347317456
14,26.56485144925484
52,42.60481180524821
39,25.57789113485019
49,47.71651296119322
20,35.592743509479426
64,54.749911091999145
21,24.833837136924917
72,48.67192173280309
41,50.81671531946577
44,50.15170290315498
30,39.52010360772009
20,31.728396324872186
33,39.00067539597043
22,42.945828792739086
16,19.066274246460214
28,41.040991444088064
37,29.344135343372983
15,28.4908771916001
63,38.22695294256813
74,50.2484744671664
65,40.593254134103866
58,42.85824666691619
52,45.80817292409868
52,44.92469764736345
37,37.54861291779555
42,39.67143703711006
26,38.86897299626934
37,37.57834125287346
44,33.74225406418089
43,45.62376989028544
22,34.11036894152056
56,42.77423745159942
47,51.798126207128014
33,37.640535607947996
41,49.387945498947275
51,38.72868061729386
32,41.93570879868392
43,40.301272893615845
39,44.764033199440526
41,51.07023743108866
52,46.37848730826323
50,43.08511546484459
42,55.178936389819036
38,43.6801624440747
40,41.90839585395922
39,38.064280322926194
21,31.77153311066921
33,45.818205776633455
25,35.29352374187317
58,43.840294015613225
16,38.89297200490092
29,46.19323300684805
55,28.613553855573514
34,42.3912957927399
71,46.62774106749017
48,39.32570373806218
33,26.207007252809216
26,39.02356978741432
55,35.50881924931916
48,40.75074126431061
49,32.09033850112682
65,45.87436706602296
28,33.59474840837736
23,30.369283026125895
37,46.73194713721516
44,42.205834195247924
68,50.42577847011693
40,46.781376915738235
22,42.51486152712879
78,44.84498569754098
24,47.4529823320934
31,40.30167752466381
38,41.82513225330848
61,47.71972900175631
46,44.59010549094211
25,35.19219205481844
21,49.153414307683214
49,43.387393374721015
51,44.47299199646855
39,29.807806014516483
35,34.42823687034142
70,51.18506002068296
27,38.07845628126925
53,35.60894157067249
51,32.109291677391724
21,25.266119313696628
46,43.34638330919419
48,53.053178422838535
24,46.09366106560215
26,37.174785751180664
18,30.032714263711327
17,21.301621590207013
22,42.21353500198345
25,36.69081012658284
39,35.779410456013515
22,51.60668425929227
47,30.133786857515464
48,40.14327364598775
20,22.680958533149962
17,29.01347350191367
27,41.83075937272235
22,38.76378922441529
26,45.4685079478429
56,46.60111704367266
33,35.43743705367994
24,30.899847837402913
21,38.72182000635303
11,30.634360610298298
34,40.44113337453392
53,49.06497859432382
75,42.44257077127746
14,37.549907935040316
53,31.748712343161646
16,16.641867988793187
76,45.911758723490394
37,42.28219971316463
32,42.251996271912276
27,45.263065722678924
49,44.24174039836062
18,30.7958985754322
39,41.1147080260529
42,38.487832453145955
46,36.41843750780414
29,39.58345545362925
52,45.085989749501685
17,23.681142104581042
52,45.92933921148873
59,52.227729427305114
39,42.65287893593371
27,34.79031120484465
29,40.65150784138587
42,32.59802664591409
20,29.814409657841722
24,29.428775657035352
45,32.68574244729703
42,33.06358537983786
49,41.368582709317245
40,33.41542335907393
20,35.472777367878734
52,47.699595683166315
16,27.10416660263119
29,26.660898692808257
18,37.297120317431826
26,36.33460789242933
46,28.20550078708015
37,42.575217660765695
44,42.29463014422241
45,47.56321796049007
26,41.10101810360656
20,39.47286484265479
47,50.75436270730421
33,41.62957121809878
22,40.10100173835973
36,40.18310911337917
36,36.58992681322199
41,38.292202096728126
14,22.320043656321822
55,43.98684564877097
47,50.369871794200066
33,41.40743913295256
43,47.03363488139202
32,38.359430165774214
53,44.92312828272465
12,29.693916905224487
46,40.80527629002751
50,28.35886036135033
19,27.546007705463413
46,44.033186085715805
56,37.097065236095744
18,42.580535573260306
52,27.642293829797268
51,49.892442468698
59,47.619019881424165
52,41.10605983276401
51,44.764135906825
36,40.52192080462452
78,56.67511160819217
78,53.461289179374326
48,47.862626876909815
62,46.92433174644664
51,42.025237113566526
53,40.52892546171645
54,35.765506796331714
13,20.665043041097114
33,42.33628200320344
63,48.6768604227779
41,46.22504225194617
75,48.044751106746865
23,30.537567117010266
46,36.678811502391
57,44.597538339962355
29,34.15222268854511
65,39.94085612426864
21,27.434986067604612
40,43.42539876671075
16,30.898792036716635
62,48.56467601939311
69,44.50787128196064
22,35.830949705981965
25,40.09889073320535
67,51.19988513955894
27,40.78798985552745
42,44.776166980317505
61,38.852942304119445
77,48.91471671349999
56,49.404751583171894
32,42.012550951690066
47,42.51494747219468
52,43.61565957557744
46,41.65152411972736
52,34.909713234216376
33,31.67888832416949
30,38.17341107825375
26,34.51559735319563
21,27.810301030669688
55,51.274396124037985
55,39.14166067398061
22,42.74483638201638
43,42.9973044877606
44,35.951882922278244
40,44.262138882625194
52,39.68529882753968
54,45.62300547304215
11,32.232699379497696
10,30.09628144285452
25,36.89138364225928
47,33.293955596380755
22,28.34664043969758
43,35.39820867700614
45,45.805099520662125
53,39.755069266262346
34,33.50676234584323
38,33.24232532953174
53,39.12429345513641
39,46.712936574183395
28,25.36960606375239
46,46.42206697808504
30,43.76957204265176
17,32.07476562172981
28,41.21188635952845
52,41.7495086144107
31,35.999828892282466
47,29.972805517244637
48,43.21693922982904
18,31.321702221618885
43,38.18006985162075
66,43.70158764929316
52,38.009047165452074
64,50.9583547927772
55,39.83403814460017
46,36.739488369198924
16,34.414653816851136
20,42.34582815439433
50,43.48307770121417
32,40.47645797116004
23,28.437491480579347
32,32.77306435914679
40,35.16648003055723
25,34.291107898416065
22,40.407616167810126
23,44.380580282353264
21,40.600402024632174
49,43.63691775513164
35,38.41317318933332
21,22.569976718530096
76,37.672757831153575
24,28.785577845962607
66,55.01105689336666
30,35.73158914958528
17,25.897499355168225
19,27.692766016469495
44,42.367573118132505
29,44.83420721819989
43,42.195909984312436
10,37.13989576668551
48,47.92625057309923
50,45.650405002897
29,34.28532994318657
46,39.11306034351501
41,28.551786967330454
30,40.52313349342509
67,46.21951571966574
40,41.707929748426395
61,48.53755739957055
47,42.58296307266057
39,44.061326352621364
21,22.991406635906444
13,32.446174283581094
59,36.34366022692803
41,35.71586525296469
22,32.40706237125157
28,40.02142792624874
49,39.33614484731398
77,42.72702529993038
43,36.09642077389179
17,18.800197862009583
47,40.20425280192664
26,39.74370813584235
13,20.27015938705285
42,33.81215086338902
21,33.01443658229582
52,45.164965435631295
40,42.24547043381751
26,27.806669919809487
23,21.07887560972539
24,43.52641705504172
48,39.536043110076065
56,41.98446634130566
26,30.989530528195203
13,12.385061428943176
27,31.57460836609144
18,21.34267214360842
28,43.93139443475291
12,26.050582474923814
43,43.29697781688807
61,26.210646113319616
56,43.19889837610548
29,43.760344508057976
29,41.483955350747344
69,49.786712698380626
37,40.94644782947875
76,42.1415701963244
45,30.425721844453104
43,40.039071692226265
29,44.74971802277598
53,39.452406437523784
43,33.49524312497583
22,44.2121706834119
74,50.7769158948579
61,55.32603236750889
38,29.605793673238985
47,42.36320247865677
31,47.170402037452334
65,56.72502955995415
57,45.18511706969544
25,42.09816551768335
20,36.87931061102583
41,42.01714813851166
68,36.49219846503578
49,40.59132533002176
29,43.60609344686564
30,36.153011166155665
12,34.05918694333409
58,47.812996553384636
31,33.673184403173835
47,40.779211813807166
21,49.085317927170884
21,44.197986958847466
61,39.28398348074074
16,38.31806567236575
34,42.24256455740751
34,41.97830858840307
25,21.632216695717265
67,25.43593607517637
15,21.839137075237645
21,46.7576958422196
41,40.6607275467765
27,32.87530697153519
17,22.965049496938576
30,44.156875224939824
66,45.79573364598955
41,40.20095030314272
31,47.075598707313254
58,47.968741656406635
45,36.9086442846997
24,32.14527657812585
43,38.610553884130084
16,33.81435169519726
70,47.203388972909444
23,34.71286144348986
34,32.78219057059066
16,41.16108398386381
38,40.212798085934175
28,24.38288065585131
52,38.918535817207214
22,29.28304326169765
27,51.5087218849347
38,39.15809295192458
61,43.140191096772526
22,22.084606985126506
50,41.41668581571473
63,37.85150797966341
64,59.48957336903409
56,45.173080347055475
22,21.959495001448236
52,43.62837368943936
26,44.01703247137107
21,33.40345836056258
41,43.593437867917594
42,35.69639682422744
18,24.735886469054453
58,36.53258976626264
31,39.993881484906304
57,48.751829321458096
55,27.970892971626252
43,35.11496485630558
44,29.497559975501808
56,47.55972973840663
47,37.975694412675395
34,35.168967484375614
26,40.53635413062689
70,59.506972547182706
20,31.057382525215193
18,48.38446899192458
43,49.232832951277445
24,38.50978215664045
63,48.18872601253332
56,47.33935834756792
22,41.198065600385256
45,35.89583089670255
40,43.770969383834625
10,23.19401980573642
59,41.18011435503296
28,42.586967798295035
20,32.80869401566159
15,32.35407957228062
39,43.14540507736848
26,40.740771547135495
19,25.9113127964558
47,43.325429053399404
25,34.937326512016085
21,24.77150028215195
22,38.83534740467549
33,42.71812088974852
13,29.426440412362002
43,46.63747600606714
22,22.3536952577849
59,42.34631943908178
25,35.06767560089288
35,46.5355224483703
57,45.72342866565325
38,47.94775225081831
22,22.402719653842247
65,39.965921920937554
47,43.405265925758705
68,45.32780689550107
29,31.47129972446801
37,35.429056332322865
54,38.78872012583754
28,37.67621735022295
67,49.03749356732888
20,36.02418731675408
24,41.48204407875435
22,44.71411180683392
20,35.422498095664075
49,50.790837923730784
59,41.878496540650914
17,24.028866579009335
27,47.211856741183595
23,47.551486474432906
10,25.807881278094875
69,43.17159964970918
19,35.28590534590292
55,41.90741281567598
69,44.73497241237233
18,35.78157234210191
23,40.76790611011144
39,42.2320153463051
71,49.88931260356137
19,24.14020198002313
30,46.519224477973594
28,39.198355771070155
18,29.85835542440728
23,27.784360290691975
14,37.005249597591245
28,33.436211615118
22,45.35703329182845
47,43.19172176740294
61,25.005912212497204
26,35.69205422558136
17,34.77160856441709
16,29.337592557619185
17,27.302050301068938
42,52.93314627827115
46,23.053315865406518
20,45.78252813752343
65,48.11905004491212
36,22.332829276696046
33,45.1938362011054
55,36.117321522700195
55,43.454795057670054
66,43.069341003950264
48,42.36710076353358
53,44.79340751292257
74,47.110345642989785
13,39.04001253297009
23,35.22352879814621
53,38.63500416765723
62,47.71480407084622
46,50.332002631745134
33,27.025249684694987
30,38.766765037483246
27,25.82111210032253
71,54.4254326279545
44,47.982092470908476
42,42.27787484840977
27,39.11346194847706
54,53.649027297765926
35,40.531637934957395
12,21.47597641564089
25,40.85444070940559
25,26.287638453866588
30,41.00122323414214
30,35.59668481005205
51,37.28691600814459
43,51.03216066861516
19,44.046417943833895
44,46.72189731960716
60,49.0917081716223
44,42.057305597154006
11,20.183410211630015
48,51.1288684167619
50,50.487610939962735
40,48.49813154394137
53,39.73226714628507
25,49.44059090762742
33,40.782074097764855
11,40.34880876126776
43,41.62959863358781
41,46.16167095910058
41,44.1954007030921
50,21.161290402643708
23,30.174008348613
65,47.44784878594014
21,43.33522663356874
38,44.959157869424686
26,33.30136547697835
54,37.16467981222009
32,32.24395631733206
17,27.34568524577513
44,48.726664541624125
24,33.31831386432925
14,39.137594629114176
30,36.17645230390555
54,45.54283885171507
37,37.83802655711992
74,39.92239242632855
20,26.853306601570992
27,23.603407539322824
66,44.219401717395925
36,47.536493983611784
56,40.844087821890255
21,30.82468464436082
36,42.676105862311516
38,45.12011671013489
35,44.441563712816766
11,37.575651226075735
21,37.97995136916448
25,40.64862356364797
16,21.3731898093514
28,35.40245765474153
12,29.15129775444674
42,31.847909852887156
38,43.93004027810493
24,45.64131666883867
44,41.95630279626607
26,31.601552627231804
43,41.31239881603304
63,51.17878968008793
23,32.05133828652574
61,41.79026345255081
50,38.196052717281084
44,40.37536935536211
58,47.88746893950727
25,40.94133865175156
57,61.321269254129646
31,40.86670950302575
55,28.65289341393316
31,43.35642324311809
51,43.343549241080034
67,43.503836891179
17,36.75769432505571
32,34.76623323676795
44,27.33936776440207
58,36.38569961289235
48,40.783991278280475
10,33.92375967150837
15,24.468339680912706
58,62.96536677777687
67,55.36926591823401
36,37.18152942543211
20,24.429858904700435
26,41.8440848232739
24,40.17669457103174
61,39.858156625526185
24,48.61453318863983
46,53.947069340348364
29,32.111157437039225
58,43.94746255085669
62,52.084117735158344
29,38.69343568064739
23,32.99896685788621
20,41.771067167898906
58,40.55262808389727
34,38.574300830164354
28,39.92227663368682
39,45.05395167272807
59,41.635094154409316
19,32.95425559877806
42,41.42617953222752
23,43.07217050962374
14,41.90892343584518
32,46.86313595518918
10,30.793237973993797
57,45.83268583352792
36,32.424010323472096
22,43.95716442105817
23,41.707139968213866
42,36.75628924900316
20,25.15792300576369
53,41.38118100052753
26,37.85806208481537
40,38.343641748327315
46,44.973540381719516
22,33.23884343825303
39,43.41346847171686
39,40.95788312344858
18,22.699935929875583
26,34.27283657252325
32,34.78064285035279
22,42.74401097126809
34,44.0501195903264
50,49.25669729269068
58,40.14668384732567
47,45.474844507557584
59,40.4133965064745
20,23.653695179793168
17,22.15203760326503
24,50.70666910729339
30,33.93633613378467
44,29.65363552078523
20,34.207142462835456
39,42.225640164189564
62,50.18493900075435
44,23.28757352510356
24,42.03930197397075
43,35.75911243706724
51,45.909809368900405
52,36.19449736008687
18,30.211334509680228
66,37.810898344077806
58,52.7454353721188
15,20.59328264594749
20,38.675725141645806
26,53.065767841308244
45,38.50595495667536
37,36.14654186099026
64,49.41209544947965
35,39.478367416403906
17,26.005011299798568
28,25.45490859858231
44,42.64377311193639
43,41.367104628307814
28,36.462515218618094
40,30.800112978207807
38,31.461099419356287
40,36.520141989118514
46,44.52161455007803
60,43.696882919366224
23,45.24374365294255
37,34.729909718394126
62,44.33611308905003
38,40.68449982703257
25,43.491660185357
30,42.71665316413968
71,52.63222775743984
19,38.14434103495472
71,42.47537248060531
24,37.477896491442266
63,55.79068926908424
74,41.52924885550443
37,46.7543149382755
57,42.15490691886858
41,45.948544280154564
32,30.66131947634078
30,47.229938881818335
55,34.10148731599822
42,39.72902183718701
56,52.61008327334094
33,45.83044841486563
22,39.48157711616446
38,34.82775318153125
22,18.281591330582327
34,39.83471681698489
42,32.875455808552125
25,41.749443556511615
29,36.954735994428084
33,40.07994047619047
53,52.22445726595516
16,45.90899572176457
24,22.76944229295053
22,33.27253123156596
45,28.79274615459945
64,42.41740345597819
63,45.94658736264744
58,35.84371222242917
31,32.51250553178513
31,39.27521772226585
62,42.52859614352603
33,49.081166840280105
26,40.77599745981548
23,38.94256509118407
22,24.850682753435184
48,46.01346529582766
38,43.87447765953767
54,39.05050998824557
26,38.40540139507398
59,60.474152351167675
44,48.86065097049904
18,28.781739625403716
40,42.536174245599156
40,44.34700588248691
56,33.89388873101573
19,30.29162534130165
34,42.30837269382298
29,41.817684727649365
36,35.878326803048246
20,34.24841658493217
35,37.121754092195495
30,38.6704811050295
36,32.99354154720856
64,49.822199029056904
66,38.017557972391934
40,41.232069568138265
34,41.448457633248196
44,37.76397462679899
84,41.665136188795984
13,28.705206331730746
39,40.8475963611886
23,45.039344040616534
37,33.491633008016144
17,36.96194443241438
21,21.966128609441675
52,33.94031851002211
49,48.45662443110826
39,44.25315210435536
51,36.574102118081385
19,23.145525132629317
30,39.52018790143309
42,43.58321246510246
59,41.09520742489533
29,34.54593530411448
69,38.601816790322886
29,24.52092752563791
45,45.493802452672355
56,32.870019535303406
43,54.59710529971271
53,43.78225408358208
44,37.22370756488188
40,42.17523038498267
30,34.39896461948439
37,40.67704825149769
23,23.686626692107442
24,36.39858176444657
71,55.70748597557279
27,34.28774018424573
42,47.13574547548884
26,42.2912249922906
19,28.015743109036485
21,37.91869386820737
33,45.13384577246551
42,41.07020671002474
49,34.75234509447325
64,37.461094810597245
25,24.26630900265652
25,40.445084023657934
66,46.28903327866887
48,45.62612030086789
27,43.855382098963844
37,33.87047222371547
24,37.75314597144428
69,45.53658121120667
28,39.93047343316361
57,44.565939384796856
30,39.208545969676564
61,44.4592808398803
38,39.4716996690216
46,36.80985480570148
61,47.26199309529895
16,37.30808224030896
42,48.06021322635204
32,39.1439789253248
38,50.24929689716554
25,25.546229784783225
58,32.121068445227564
66,53.4235242293566
18,41.84997988494645
43,23.761463010453184
23,36.10598593375691
21,38.979144392636655
46,48.469171882945865
56,36.62935925294546
33,40.64229028735595
20,39.978477222174746
37,43.89904874599727
54,45.74841927730431
60,27.80260485570926
60,44.18702781092144
20,26.492558051683446
28,41.45634727090928
30,22.264759422187094
57,52.604437293240856
44,41.34034298727731
36,41.29663980875106
42,40.55382748980789
39,46.078778664717895
32,38.58987430101605
36,41.478724695528015
48,44.631544270858676
37,32.900075287119755
19,28.818595666964047
13,40.34312357818795
65,42.84118992705655
44,33.8573889648764
68,49.17609830067775
50,51.41964624913264
59,61.252786302263715
17,38.52539056725382
53,45.21163160328956
20,30.2328849273907
49,44.89975057889137
29,40.58965283541832
25,24.802653242278346
44,46.39324780566688
29,40.15913221013335
26,39.09773633309177
37,52.0561977033339
52,37.47493490244643
47,29.772525861741645
77,54.402827864773535
32,35.95992214570946
28,26.430964670708004
24,41.22680292723151
40,45.56823750505065
20,24.269609490227726
24,39.186304679911366
46,42.725537847760336
50,37.95833507639915
56,41.705061479015285
15,27.621395654680573
61,36.48445317075789
63,47.605730937616826
56,40.48118131841632
53,47.62946205077862
42,50.29907850370418
24,45.19208080778474
42,40.8192334980989
45,39.11332571257527
50,45.297809798912056
12,33.34319239910722
51,42.5287599484925
20,25.97004994476536
59,36.256760511962945
45,45.68347423345842
22,32.30902444941458
37,48.95021296721163
46,35.94449194439961
43,37.07108238781049
24,48.51714864626402
31,36.01328536703087
67,31.697399792211968
42,39.55168990928277
17,23.730117961372443
17,26.02360800721488
28,44.48051810300807
17,26.21745295425852
20,34.22702207529273
39,39.037787393592815
19,26.45814903719248
23,28.128678185253204
41,51.04847651143742
52,40.63957835736169
16,24.893889529448348
22,27.144499449242634
13,36.13437719866581
58,43.373341544055485
21,27.28529468441133
18,30.686054630051768
52,41.470851906941036
46,44.14009453391294
64,33.565740156309246
53,43.786664366033
56,36.74978836258417
10,36.687389999259885
40,45.74832611565669
22,31.79925356961818
24,23.26323179257583
32,43.944332434883236
49,40.81998298344107
54,44.41392436173129
56,46.279275501846456
25,40.53107049828152
20,32.0681810549164
38,34.428401081469914
29,44.815441350275
21,36.74386582951766
72,37.81090675741898
24,33.39414684122804
55,37.05766979903268
34,39.92666744032567
56,38.46665188019189
36,45.157882690964726
29,45.53432158357765
35,45.55329369444985
20,46.781060437798466
19,42.28242196139367
28,36.64654299792138
29,36.69166720277902
72,48.771576948946446
20,49.168290515015876
36,43.801804637444654
35,39.99434590281597
38,35.074040430176154
40,36.18956978662449
16,24.868739044081753
38,35.6657764312724
41,41.62744367339347
57,46.34947241811366
60,41.756717314864055
42,39.70344149330331
18,30.708505036764493
18,26.88107044808446
42,41.45778405531181
22,27.270190683521715
30,41.917344390265136
19,31.22625378982527
38,32.21810137152895
25,33.39884401839042
81,46.72643331546097
21,36.90355396325897
48,47.960870765249275
12,18.02133710689525
31,38.343656688917406
23,22.248694453205466
27,36.82207624116651
30,39.75758509364129
22,50.65329065467216
12,33.25266832084563
22,29.47657711276745
64,39.86078303211914
43,36.58955859327503
62,49.761849007865486
24,41.71297711830998
56,37.9088565531473
35,40.84201184900627
42,43.902543211977125
63,56.92263859782202
29,41.32579183030949
28,39.76941449167035
45,42.1613722037233
20,26.78329314662956
22,28.693497762684448
49,43.473062307839776
16,34.61540117592475
48,36.3551201128998
29,39.712371036333224
19,30.13156936996255
41,37.345318947062694
55,40.70746297353744
22,25.573253961864083
21,22.208936479046464
22,29.509026903646976
44,44.74436383863574
42,41.263280998154734
22,32.87917295145176
26,28.157684129977795
27,46.46209561701705
65,30.397117699123918
25,33.466477016899645
18,24.85880355652609
73,48.946619601537876
20,26.040338910245005
53,35.646208873000774
20,29.136259611247066
36,38.68437784792081
58,52.64543027572497
51,40.706148553984534
20,35.404633996352516
48,21.112067091446796
61,41.248412782566994
45,47.543983817926744
26,41.12458644252238
10,36.893517515710336
49,26.156131707784795
39,38.575102316667966
23,25.79572521916236
27,48.25994300074466
48,43.25970060600949
36,40.97704048010612
46,37.426246085552116
50,39.92793564164173
55,44.76829001625323
21,21.9707688799249
29,37.97105329102597
19,34.48687223244471
19,26.89405877079851
39,43.8602763846482
31,41.91788729596643
23,36.73463574904724
36,38.36177669187554
19,25.794497311346007
26,36.58978302302367
36,43.90854502119944
36,26.308909836628473
26,30.163247666615575
23,32.189473738074334
65,47.695933206928665
55,28.95585216168713
22,27.33929951034585
45,44.33903930205157
67,30.138259228799928
20,28.031729877064404
24,39.68873854117826
43,44.84797916248716
17,27.969013939151502
20,25.848924056243792
44,20.899057689228677
36,43.570123643965275
28,42.154142958842215
23,40.706541159406015
21,21.16295231771354
19,18.5662400045266
48,38.85026156012295
20,34.71855599066385
25,41.17935792835141
46,40.05861313180823
20,23.228841786157
26,45.29997713255538
33,19.469510117221475
26,36.60179425633368
28,37.098117086619695
44,42.65523987965229
32,34.89975886766427
61,43.169923593850406
46,44.33873980368655
41,50.51863136547262
62,61.523813003257885
20,28.01089132241998
39,41.20275044696431
18,32.98536700254873
46,48.99246175658735
41,42.29381617031826
33,40.208639244765166
50,43.058390532343886
43,44.76041957756697
60,51.00139289939267
37,46.7401779026437
91,48.995689779504595
19,42.54638658706284
21,33.22715698338563
40,29.935906969127572
26,32.87646664747523
23,43.65435893700926
21,43.01122176165218
46,42.934678425959284
61,46.84604132208584
16,31.040886333263405
58,43.002484797771984
34,42.122092067435986
70,45.17802751259653
32,45.02133748339617
42,41.403332527955406
66,47.580403946336645
38,48.52608117140805
35,46.326081676758015
52,41.37796359166065
43,44.73343627776431
53,39.87197822153296
18,43.15970780092202
45,38.62981205215131
73,44.45393718052957
24,26.04680602271986
36,39.13710377578859
37,40.395294855177134
54,34.350982882289934
44,40.04202460928168
52,41.03359545096623
37,42.18421037477345
26,43.22404857317419
59,49.26103620066994
18,42.473466538342336
38,39.17539536279053
21,33.505882122692
47,42.378663512396386
36,39.19244264339562
22,30.659249852882613
37,40.437205318225494
32,44.25694689829354
32,37.786561057705505
58,48.12547699994888
49,50.29249315107288
36,40.35045865142476
16,22.901254288235982
34,37.98442282829988
28,34.52488858923835
29,42.46009410384083
35,46.21841280392297
38,43.41729086188428
48,38.85850866071364
59,38.280456563095065
48,37.10555464401702
39,40.91194258882408
37,40.75130803131211
44,48.873246894026906
51,28.76174818593212
26,29.252303510900173
17,34.90430352306658
50,45.830518553785325
30,41.54149606929273
24,30.577042164296234
65,49.319992097088345
16,22.860728210182753
57,40.651975332747995
44,47.76855482170589
38,45.63993749874024
25,33.81566826877625
32,42.55474117820183
54,46.044557372150585
19,26.071940106074567
77,40.68680613352608
10,34.165068885600256
37,43.46919284569441
31,30.524697228466607
41,40.5192460049988
22,30.853080745637488
24,35.31662397752443
56,45.943484416109
64,41.96299330622578
59,43.44949638135777
29,38.41868911775541
59,33.48906142677503
28,40.62939836489541
44,41.68252130905984
12,28.055240520609097
48,36.01685937581272
24,38.05100412250384
36,41.447613230166425
46,43.96364389402299
25,23.062764921540637
59,44.27776930537047
12,35.644168839358215
62,33.32470140353151
23,44.03106670046768
25,25.313012587169467
30,28.47247685510035
29,36.885614509220225
55,35.751135053499
19,47.40803412837164
21,25.046725371713077
53,43.717661558546716
48,47.97651066895624
54,29.587809884172984
54,29.83146275190414
18,36.857659411222755
23,23.728966147157145
44,34.46027313642523
43,38.52774228689345
60,39.29086410868456
74,48.50232840031123
54,36.37218057686878
47,44.37361922641594
52,36.671115339879854
44,40.83678771159621
62,50.194819680144064
47,43.72200805731834
45,37.0490995710183
18,30.71433545101847
56,48.082855686177965
19,22.930470929008308
16,29.276486944804084
29,34.5423623163211
48,50.076338126625075
61,44.36783822345721
40,40.68601499512853
33,40.546619818361634
29,43.594386056435525
22,25.837717943042648
52,51.53066032131394
46,36.06977368877878
27,42.21095105219245
27,42.29117721703667
58,43.30264312261984
71,51.96460343639373
27,36.70308112881063
22,23.328178300826288
28,41.42144330542058
39,40.24950990010637
29,28.641169500149818
55,45.66998168770133
18,22.0934653117082
45,36.554027748528796
45,50.720991045509734
42,29.215990722834476
19,27.562662515378864
44,37.890493699369465
44,30.465277979284778
63,49.50651854422959
20,40.05083472288463
27,41.931278924212485
10,20.97280023948686
50,51.34868880266225
43,31.319779679034838
28,39.56417324754952
39,44.41312140025738
23,34.40070582880422
35,42.543020817620885
16,24.390041545780978
16,37.7168983311096
62,53.85408475595087
44,35.07866753260504
29,46.00955935404451
52,38.58167427285888
54,46.79063920257763
10,34.31219227826095
75,42.05960173582185
18,26.78203207185449
47,43.88314465115979
58,44.955357918867186
52,32.924586003981936
27,38.23996917420672
40,39.77337360601425
39,35.59690794236604
45,24.78665573635148
57,48.27726637164256
32,40.63258216167958
49,42.27427066190493
39,41.97292276499297
38,43.62052192485314
38,46.69409722176164
28,43.0686791680634
38,48.06273108445999
48,36.73543679838012
20,40.79696301214196
23,27.141010429064007
22,38.72451425286107
66,53.36309758019505
76,48.199996456219324
62,42.48671317499362
21,37.242776394541856
33,40.32669066642161
43,46.67691292555437
23,44.752564868837126
17,42.38625176500088
46,46.86476329053055
18,20.757597018446894
26,30.72975102603115
46,43.61986920735149
37,39.0340756296811
10,37.852358878280086
10,28.811405398269812
31,42.95378441740665
43,28.16840785910901
18,43.69898098503009
59,53.46269655063295
13,36.137456497458274
30,34.11440371332466
34,43.5280827512324
20,28.556031557718494
50,47.703286704479176
53,42.47664331157111
64,52.86241472827503
55,47.50389028662244
61,35.5026516304269
13,25.392238483183988
20,38.76701291849676
46,45.019443142021686
19,41.93528412623673
26,33.89626125145465
14,22.23305954173113
56,48.93991506201627
67,38.99779113682955
43,26.47768741929428
43,44.75763791044605
50,44.703373313361055
24,27.947560676059506
50,46.36986963956769
53,50.53565986938815
67,49.66490872577684
66,47.96433708267598
80,49.27649116405038
15,44.48758113691642
36,40.4723959471495
44,34.05897856218766
48,41.77683616750512
47,48.04588704103182
36,40.584743875159475
53,40.024251858796354
52,46.812756339583785
11,25.13963629755004
35,32.71285337053589
21,33.48749377871725
46,58.39541083754027
48,43.155544352403965
37,49.98773819260132
26,45.146783821421
23,28.1050123642734
60,49.34596267361208
45,41.118056368275994
53,46.5442278863143
23,24.006874072602013
35,43.54345397324368
65,47.60101354234705
22,29.071526132544943
20,33.41924329666646
44,44.17587134897557
48,40.841918944772324
63,46.12502113549625
57,45.35372940736231
60,37.99077617211887
40,39.96560872939542
40,46.67958956403196
79,45.837732690237374
16,32.48176684800554
44,48.09971447943113
23,36.4974463092766
13,39.07930042213571
74,56.35729259280966
25,27.224836010438498
36,40.03913117816413
75,36.85040060028576
18,48.41668905802193
13,27.238393903139603
42,50.185204976328805
40,34.38921158262925
14,26.302498048516846
27,47.46803728128456
12,26.932588836052044
21,46.742812630721474
64,41.90080537336644
32,37.76920594164639
34,39.21170484496124
12,22.89053005817712
73,34.20770593408601
25,35.424302311799394
48,32.453841833647076
22,36.42367052783171
28,16.907851194741603
48,54.590030285333334
50,45.26102726110415
41,50.49049310504425
59,44.135687348912136
55,47.01980910603175
18,23.34838153369355
19,21.537178908478907
32,38.932552778949095
17,39.25861646860859
54,44.681714626804514
52,38.481841613555844
67,42.901654583037995
29,42.32982687494868
38,36.42929175162956
22,24.895551785324937
27,31.182552381591094
12,34.93064133732118
53,39.35326146224625
35,39.03681012054867
53,49.76949686994594
34,32.71182510630012
54,43.82651250239101
17,27.492750126727785
23,28.561371232485673
45,40.1050695049872
47,47.18854541948043
61,55.97623908143617
40,40.38093104726419
22,30.083976227429822
39,40.33496739500097
42,42.58427569009063
26,35.88493466439205
19,43.59595224954611
32,40.452507627560706
22,44.5982052571609
51,37.93016431831239
50,42.806825333646955
22,44.20008931202846
44,40.86898702301814
18,25.034792822886825
59,59.327325549956484
40,38.73920121956396
26,22.857474786860493
21,29.981583938351896
57,46.370357452462315
72,43.94017711483788
83,52.901499729805074
32,36.06730700013815
23,45.146075912256954
44,44.935121696379156
43,45.43164364483244
27,45.3754927160418
47,41.167704801091496
18,27.197849934686392
57,33.1233219157451
24,31.07766844552563
44,28.547682308095695
58,45.1132284701414
22,40.59152587871583
68,43.307155314997566
33,29.248107690539975
19,18.84517952805481
45,47.26267705278544
20,35.58345056557423
33,41.38553821835221
52,45.05910926241414
21,41.715384097438644
23,32.40311515500596
59,53.42693810382324
26,39.13048094680251
68,37.75039038180448
27,41.30457064299587
34,42.733086570638854
62,28.830169164168698
10,39.33152516976111
51,40.71055281766331
19,38.24130014014259
42,40.8596614856977
60,45.26109017117383
35,44.48214538145715
34,33.64565768011025
48,38.42303475178076
28,42.32473092107438
26,46.177258931234135
58,40.54538160101849
67,41.67083141349563
21,34.71725242597558
25,32.043072732476816
21,32.54116257394746
45,39.39706545872246
24,41.84166925009423
54,41.15763975559617
57,34.440700903051635
29,30.621429947481964
24,46.67787106248589
55,41.11765482484354
51,41.803402228523346
10,15.521130567014357
18,24.497069621255363
42,44.552387106960715
49,42.85618080042299
62,42.1640596058079
62,36.85854958836923
60,44.500278612133044
24,26.312819309321302
66,45.324346952505515
59,45.330448993721895
37,43.839641271267894
51,39.464114209395774
49,42.00144121790725
43,48.07558237996637
39,43.48085855323959
67,60.608225341552355
69,42.22600656408015
47,39.97642265671025
13,21.350930725746704
27,22.976172874482884
35,39.87960553153495
33,43.68603809502889
40,42.82538330319601
12,35.89888055731407
77,52.51879059904679
61,46.32341789405771
10,32.05655154598698
60,35.64207151877209
80,38.76286563497582
39,42.05886284623103
21,22.741970907911295
59,43.40023235380788
67,42.1356435390841
63,47.67316951182988
21,31.245455262865338
11,24.318786129984748
17,36.98471669338496
20,32.912193423163565
53,27.068783236736035
50,37.08733907730567
45,39.106009544510734
45,43.160529260906166
63,49.06291723110137
46,45.202954467127455
26,27.942707637627098
50,50.633121565710056
46,42.02655479603086
39,38.71834623051646
51,34.19475058763772
17,23.583954371073446
51,35.41532426542334
49,54.08520931333361
56,43.67552953726486
44,48.73283057854382
61,50.28528730708976
36,32.68058195872343
70,40.47904446172524
73,42.70946520796542
56,45.867194194134825
34,36.72067847992333
19,44.44816289649437
21,28.60349239910961
61,50.74201700272663
42,46.29979795869156
24,33.922755246873265
18,35.58311322980616
20,29.41971337577331
33,47.0838893989772
36,36.9906577924682
35,33.43867492324183
45,40.51682095355945
19,24.985299888262183
68,49.512671605958595
29,38.68718836580792
19,39.60486303846425
29,36.0635493067022
34,26.332184871583078
34,48.20149362487833
57,49.82323966020986
40,40.762091078111936
38,45.274924450739974
48,42.26368290038256
20,39.08555045250656
33,52.62382807785876
56,45.814908620313396
78,41.28324289317416
12,54.73851584353135
33,36.74429326902122
46,36.71296727096384
66,49.150770560112406
81,34.6453354792136
23,39.31616902083471
38,32.66832698917942
21,44.196082809981775
17,15.66899939746999
34,39.777234844030545
48,45.02562364302106
38,38.505516885697425
22,22.281810319804652
21,31.47681479321435
56,51.554789339265696
24,32.39947578015533
44,31.54149165267677
19,43.02429337336728
48,50.713394247380826
26,40.4232000709634
20,54.57394639214658
18,41.63711185906986
18,39.77104502260057
51,37.01461550801473
21,45.742167892474505
20,33.545033544178196
41,46.02587449359966
43,47.03172890656726
22,32.53567705304693
44,42.61839861883478
25,40.15332415052197
25,25.47472484720013
22,24.930410830092963
23,50.144305270575195
57,47.16443660015429
25,27.81351773068296
39,41.805371499201
30,38.11460851642688
15,25.31895670692937
76,39.666511146531896
11,26.97248428946567
46,48.63388157748622
17,31.409766164933334
46,41.013789430965296
28,40.62798792273739
36,43.76177002459615
26,33.895588329730984
52,39.219557762327675
18,42.075601529008665
27,39.71106487513498
22,24.373199646625764
31,20.389542847335207
63,47.810875161577435
53,45.15697245801918
47,34.93758370911543
64,42.59558274790428
23,38.59669853404521
52,27.98270408882144
57,37.82931650764957
62,49.35393048557573
57,51.49204814388762
21,25.37234997553252
58,46.814634667282725
46,45.52480942545614
42,43.25634165019418
12,29.452423893156773
19,32.32688208792108
39,43.955567741000166
45,43.01822816899512
16,23.138775589594214
65,40.35204588682301
21,31.478544364036065
26,48.96380469857994
53,43.06683181148897
60,48.756017599896325
17,37.20122750170849
38,48.10147566053863
35,48.54045470630311
27,24.561091811673577
41,43.8369741212814
43,41.21123725705135
73,38.1094344195371
26,28.373767797804994
39,39.959749068296794
55,45.2293290981275
49,39.54095756285764
12,31.8352255408011
57,48.92904526337799
66,47.229540679189334
65,46.826221467969816
22,40.55726706353641
57,45.829124809202256
43,43.093771672953466
58,35.976046299613856
45,41.39572067929375
50,45.9626333716495
61,39.60551962763919
28,28.61768145106558
71,38.87952007441558
59,41.63258346654061
35,28.6845111910793
26,40.55658664983771
21,22.028564502496053
59,42.480205978626806
17,38.402984787114
53,40.48437473222257
39,36.35859101708428
17,29.14137858729876
22,30.379179442082076
43,29.664962223405787
62,23.99502226073097
50,43.83332367773849
19,38.77648205551616
30,37.769831860438856
66,49.548295454493555
26,46.804165944544465
86,50.015030378047456
54,29.728042917668432
39,45.909455000430995
26,33.8745219935464
19,43.376943234065756
18,17.518849695509445
32,41.509316542437126
22,37.16721324095709
57,40.885786972197444
72,49.828002494437676
43,32.317705220181004
70,33.038309978186554
24,41.887439984614886
12,35.183663626987766
61,48.04917925072622
28,35.799807961841516
65,52.17889079448341
61,41.021649426371454
80,45.0086283100247
44,43.29709753250729
42,41.66979758731116
48,42.615616585457346
46,46.119509535613126
31,37.90259367695265
62,45.53417073476116
10,35.044515588470546
54,43.48568573460904
40,34.81197253701364
47,43.71534489396922
58,42.94967867975618
43,41.688467385076926
62,35.86426884831063
53,43.42965490949785
20,30.522663087630193
19,48.00188232603521
20,47.36652740775522
17,30.812633480213798
16,26.718518474718568
46,41.89451365174565
26,37.530435945532346
59,47.31630299543314
16,35.471747735883106
45,49.901302589167464
42,41.069675063894266
10,30.326071820672247
67,35.57814437762913
33,41.25960605074747
59,42.254039610614385
58,39.1235685376251
17,31.21752459498673
32,29.249934865079723
65,33.65607588738604
23,35.473592278614404
48,50.25752682857602
25,34.82469252479465
43,44.192732205565534
47,43.34677405425302
52,35.42339725421807
58,47.72623940903214
41,41.3560660516784
38,40.502936635694425
39,41.52088503844055
25,48.40308272661492
12,21.68976273148356
35,35.30264465454402
52,46.33768203504179
56,42.997854797084464
42,30.42085053472213
34,38.39193695378864
51,39.146225678762946
29,42.860913690373536
40,32.35916985464758
21,34.173285527588774
20,34.66622837945824
37,38.05079690352133
46,44.6725768137048
38,49.59867076298698
38,33.92284955559552
55,41.775133943481045
41,39.95193667950767
39,42.34580924141948
21,24.883515802026327
73,44.903998180327356
35,35.72610890105906
61,42.78606021091403
22,40.57640399761699
25,28.420254277416266
59,53.043935168858496
41,41.60220462431513
75,58.630767523045535
21,32.65818167521442
41,45.627926865200905
30,41.00640713288557
23,37.85541057536098
37,28.753172731979085
34,41.6683723385793
24,31.142205644863612
22,31.69331480071877
16,24.727156317406703
49,33.735798490542585
21,30.583557570315094
63,46.03396937623036
20,25.429584957716397
19,38.91258826274027
59,44.7046915326487
60,40.82609481662283
16,22.155064656177636
42,42.25427983554336
46,43.810669226755564
46,45.14182523847953
59,33.380175216483856
38,42.179606134577654
69,50.85621951694754
24,29.953349899301426
29,52.25460583320186
12,41.410109795364995
80,45.44464778378425
42,54.590030285333334
25,39.89819304063401
46,35.64620931330363
27,21.0997425390227
33,33.20284996405683
41,41.57577860085323
20,36.523700726532105
35,44.47353878149312
68,51.70691761022463
38,42.02547670573476
19,35.31428292609006
54,46.72648766508021
25,35.32052762121269
15,20.400633112316108
53,44.05662877887662
40,43.97104243005135
59,45.86567923263813
18,25.130269032215143
25,49.42978566768292
56,47.583467966082864
49,40.19368049912542
21,28.579940673789864
30,37.66725347703351
28,17.132722207797546
56,31.62989026302867
65,44.243980298170925
61,49.720740894794915
55,34.19620682898391
18,39.2191891680035
28,44.813467996494936
61,41.790776880828155
44,27.662491167706285
57,39.23459037148882
37,43.884193542792225
19,27.109331898936972
76,53.500337724145
23,33.64747802070317
64,33.555374127594966
75,32.547611777811234
39,42.363284370578185
31,41.419327759425485
22,34.537397170772415
27,29.855272157095968
34,50.0252873252667
48,54.147450646661554
48,42.725737499621886
42,45.776212171180106
24,42.175534958993964
35,46.01681667800438
65,50.26849905427561
28,37.286123673565285
64,50.6871912112717
69,54.656652678981615
27,20.37725372496345
34,44.11755330357124
35,39.64947438390936
36,51.50100081755106
61,50.314500104853
36,45.23566822980496
56,50.54506063903632
28,36.00026130563599
36,41.774751716194345
40,38.4060500612561
22,40.19707550911776
18,35.09374132658663
43,44.822102404795224
49,40.04751928382054
49,37.45925518427147
40,44.48402120487588
20,23.632755442111314
30,43.110457511245755
59,40.151886691220106
22,38.884132150618775
29,38.825480486644985
30,44.14601524932741
41,39.09044648502132
34,30.174218145423275
27,41.3621722592663
46,48.3837404281441
39,44.590174273230566
31,43.18729064765577
45,44.58621435933291
13,33.149266649267695
24,42.53904138436458
42,41.194815836841606
20,23.30244765834024
66,41.75918174092697
53,45.703305332433914
58,50.15357658740492
40,41.65636695439954
19,27.203254979099317
32,47.27692835876489
13,17.643261348870322
59,40.39179852810811
35,43.39102152803695
26,43.499181991961905
48,44.142521335086116
28,29.876537518031245
25,23.37576793375121
21,32.96993123456919
40,42.47806839446157
12,22.13520755509858
39,41.95654550025504
25,43.12440038697755
42,46.86853433892229
38,37.782204941392266
45,25.27153916966636
90,52.31194112693958
62,53.4530255929636
36,44.12120884967701
24,48.14690883784407
21,28.038930114882604
45,53.98720477604217
33,25.50913648689211
64,48.893966839637876
65,42.79338036629406
39,44.87895952549805
42,55.65816444824126
31,39.466530667282626
52,55.35798444027837
44,43.144839329398735
11,32.9310663904202
55,37.987687715835406
29,24.484354543435987
62,41.7157654081903
11,19.387318904320146
18,25.88364620729629
39,39.126397997410656
51,46.730677890960806
46,44.11005242120107
22,38.249106047569214
24,40.82695088395435
72,45.39783290731757
10,29.245897703779168
28,43.98224389559325
31,41.17996450591307
67,45.64409870958336
63,62.40832471019793
47,37.41474315650523
65,47.057594426732024
66,34.60736817225602
18,34.38369181775341
33,37.98292284130041
77,43.65251754619677
62,45.229144001570056
42,38.5320980624351
66,42.9637601841118
21,40.679010536681915
48,43.06096379069165
63,43.9184201993048
22,43.07627604209417
41,43.53459042316877
43,37.09591078817924
25,41.87941793958525
17,35.963631105593834
61,43.32036825924665
27,40.06535643434745
19,40.616173048982944
63,46.10240568963321
38,47.07029900228686
47,43.2418337659194
27,35.81242095440202
23,27.64904024524937
50,46.847590909657
50,34.50699199087271
34,34.087428811074346
37,29.267337909227795
44,28.430318397555762
59,42.182612587071496
63,36.489661470714566
29,41.83048376999215
39,41.422382257483605
31,39.85675809586278
19,30.788196939368824
61,43.88654032345407
35,35.78564992669637
24,40.27106181059171
23,30.0545522556609
37,36.920118529067196
40,45.06074452732305
21,33.80587436620262
56,49.68417873643173
24,33.39214169925102
48,47.43817412120046
20,31.24588910256729
53,28.743172490518088
24,47.20678073892719
55,49.1768749268949
74,50.9384028408364
60,37.133012064702726
37,41.92798248341206
13,14.831863631443712
24,23.38293280608646
44,39.876183970092185
41,40.52189654250652
50,22.47702849432824
41,40.136066340150435
16,22.785803079494613
21,42.29429189040841
32,50.886861251338196
51,37.93840780756016
40,47.48944476254097
47,35.257464077946985
69,42.34852877866504
57,32.31550863533025
57,41.288490082268844
29,34.32059682514693
10,19.720353336537425
10,21.340598669088028
61,42.725127248360394
62,45.720655380811685
24,35.97013382983607
56,39.199685314040806
24,43.93749953459476
25,47.21566844531396
43,39.178777775603834
32,33.28555795462609
55,29.043286019236216
44,42.37932530514443
25,22.77650330524024
45,35.770315390703225
61,50.98083790324802
51,34.42640052770007
17,34.85298942720809
16,30.14345170331023
22,21.832385863089765
75,31.255719896535005
58,40.61793152091647
16,41.0218566133745
50,33.29940218872541
12,21.078651409079697
17,26.53510084225604
34,45.7268759331957
20,21.939150275736814
23,24.600812939858017
29,37.817786462846726
27,27.74096790973895
27,32.53312146807164
18,33.333768506475025
78,52.66426136385903
46,42.803688090239476
33,35.85683695075878
78,52.076563971325605
48,46.399060538198555
57,44.204502513389855
53,42.776788390783985
38,41.463324291092704
64,51.89772921420062
73,48.32705482982531
29,36.94534688215152
50,43.85020432017002
71,42.46186188749769
45,32.2629657210265
20,34.497910533811734
34,36.04303152759975
22,35.74665340203601
23,42.136363158200446
48,45.53254510996364
51,43.015627139455816
22,48.58714997076339
18,21.371912042533495
32,42.36635167218058
26,36.81573469228463
45,40.27115453649381
53,46.710085218941586
23,29.027026174310805
49,45.41044781711028
44,44.077652089087586
71,43.40378093752393
31,41.775014648482056
18,37.46846758008213
44,41.87942914999374
42,47.95347696317197
40,54.56406645892348
38,44.19712016755156
54,44.8182927541981
33,39.96433261030054
50,18.705070967896766
20,33.17392233448395
54,42.78217370878777
54,31.979866890923727
43,49.37034204264916
49,49.496951596680425
49,45.77356428567874
43,41.77277493505995
36,38.389798374744636
12,26.82225956146018
54,49.49484219162677
45,50.1869965778471
58,28.16507880241272
46,51.284117450479606
43,50.6306107882839
37,43.239219267481715
39,38.01227222425231
27,17.334886993533477
14,15.484487414670996
49,40.8870047104445
36,33.155788183893655
22,43.73441973636717
37,43.61231088913048
56,51.587337033083905
22,42.42628008742703
54,55.913291013595455
23,37.28764682103466
33,33.57624452242454
23,31.04119024021647
35,40.089172522286965
19,43.623163815427624
21,25.326191477194342
29,31.67272037237925
17,31.162407268407534
46,40.728644512137734
51,32.65763773158308
14,21.08612676633597
45,35.533689028644744
38,25.518539179723252
35,42.84135117798636
35,43.88992254454842
27,38.454439330343895
22,30.53778833816453
18,36.10582398416455
12,52.020426511006065
22,23.07371063602392
43,54.76423898047677
56,43.97736316718966
44,47.98219436070517
50,42.91022865826636
55,35.840383587971736
47,50.20179961104484
57,47.52512511461902
52,40.40412483031051
27,36.76592335959384
34,41.37365306520419
42,42.19253131387988
45,47.03961405349079
59,43.42163440984319
41,36.65514552178363
15,36.7531030623473
10,28.604619666765373
27,34.9676127448748
60,47.41120999285577
47,38.6080627872272
21,45.60781112168789
22,27.680321521182393
47,49.99467732675712
56,45.17876539804907
41,46.38347546298794
16,25.83148663383978
58,50.87299105967867
28,19.192742977884457
25,44.904274751186314
19,39.05364757528082
63,31.94453239523287
42,43.31439113436656
30,34.12308307897934
52,29.406753845169714
29,37.115236599867664
23,32.957299088967716
53,44.39272060492107
35,45.10458983340982
38,42.155452520014606
19,29.339650287925988
54,47.577583950026344
39,40.33836732089684
75,35.57877608302515
24,26.435891576965304
52,39.08903727831369
22,31.709535501484147
60,42.91680207704286
39,43.268648513830364
16,17.953306693632875
38,51.91314954769595
38,40.78941013234871
26,34.94580258502388
36,35.91940604225134
38,45.13747883776561
45,41.27886928950835
20,19.001112838208645
57,39.337666892605604
13,48.160540194383486
57,46.37000695480736
12,17.005809921394597
49,38.42290835203962
53,42.925283284782346
16,26.744513081165692
63,35.037816521409574
39,42.429170343780314
60,41.56521520182416
53,39.8304891136589
42,46.112811474810535
42,38.21422619360539
75,41.253822075574426
72,44.305158271090775
54,44.55337020058235
44,44.418169475226314
41,45.43150715762344
16,28.724688297124555
17,22.50195875220927
26,30.117281661469324
63,44.33431780689291
24,31.00913530055082
41,41.34446575514167
35,38.514134141739596
49,40.91896553288224
17,29.127840060860215
70,45.66325106557577
26,41.201613222712524
63,54.743874702666446
56,42.09888566682591
28,44.72368478728512
49,42.645760687781696
16,24.263938769426144
41,42.17075382406861
49,42.907443857698965
91,58.289617396905705
68,39.49700915353545
32,21.889359558487136
57,42.33088474946331
27,42.662832503045735
48,39.42434867115671
31,40.55356332285398
13,14.635908978211532
30,45.29603122712356
55,48.879237098887586
14,32.898539143794494
55,35.35786578685641
30,53.60547508895842
33,41.48402686160487
19,37.40193954429506
35,32.92871920637177
22,20.115263878817178
21,26.223520966753686
35,39.67749636094143
50,48.71997201315141
10,49.41405969055803
19,33.9075626897434
44,34.88336690077634
53,47.918977677225584
30,31.076126886001397
61,45.74000847125489
71,27.22613215508241
11,39.320814049827355
47,38.13790874334481
66,50.06777953954045
70,48.072456407629495
36,44.25706055625648
25,39.886157086188234
23,28.85172610928813
27,37.69586546072945
52,44.371700822097544
11,36.829536641711435
15,44.935375241399754
27,41.34095946490477
74,30.794803213777115
22,27.013380214988068
36,40.92833527044923
32,40.35700668890573
20,18.591206957802363
14,28.486241408921387
16,40.8248587336711
37,44.46300248403356
16,25.81951792660563
32,44.94768142830555
60,44.595774584972226
26,43.96250965946393
30,41.09177919489213
44,37.194116353648894
35,39.13876387458147
51,32.64054638638006
56,40.904761325314134
23,41.154703390852255
59,44.35780545035556
30,42.23848207046132
22,25.802023516868253
60,47.96677691046739
42,39.58297294567376
22,38.57820163129043
35,21.54994859557338
65,38.52143364521062
45,32.219986681918485
26,45.173331957178455
44,41.5936670120442
17,43.879452530848795
79,50.29450935227374
68,45.39356039927952
28,36.75236671872418
22,43.773295928001396
49,47.82951625701058
46,47.93310324151805
49,33.22719512015076
57,38.64908686475139
42,36.611473100890585
66,51.15785392233581
49,39.275151432143026
63,45.880240992545325
22,30.318123031946342
35,46.667238417261224
32,28.493801494121904
42,39.06284026625668
39,38.38885377841354
28,46.45018916613715
59,36.06686078619393
28,35.78684335191993
43,42.19414720850587
58,38.675716627748216
47,46.28653372270796
23,25.495817011584126
40,37.28335720747752
26,26.117286399588114
45,18.326658167949198
38,41.401960959223416
32,38.0030690763844
19,42.97013274979454
58,29.677932722257896
47,50.845833858916166
32,38.000002764529704
36,37.694714598623484
35,37.04217003545688
21,41.38948871088831
13,33.430451802160285
22,25.336882667760573
66,41.41974466172078
52,34.1155875081189
56,41.20729528936281
20,21.474629532843792
24,42.90489903672486
29,46.17052242827319
78,48.469237511206465
52,45.76338050839835
65,50.84764107127622
41,41.52493137524906
47,30.800595750718504
44,42.507681378038335
54,45.94552547197458
18,26.166547450302893
53,39.83234238941459
35,37.892198761137166
46,40.446591783469906
22,34.51463379782554
43,42.24140393382386
75,43.1481774058861
32,39.417909190956564
20,34.80760012514923
21,28.225282003957773
50,44.59381837814972
40,44.64503399292666
29,42.49060247414014
25,34.096804357428475
21,26.925645157117618
10,40.47333818450624
38,39.250558098111384
10,34.49780523259552
51,48.62935627738585
36,48.01830554096735
55,40.89184044653914
59,46.863669915731286
38,39.19290739005131
25,40.49536895120418
26,25.507632022786154
62,49.56321688929398
39,40.03941988243505
54,39.16261871283975
35,46.609830264066616
43,38.94596902824171
44,42.6046115319769
39,50.97791938388238
44,51.92365627813267
24,37.93609453495417
52,32.78800684511069
37,48.05981423067364
36,35.78345501253106
37,44.67910375449678
51,47.94464579512184
47,30.436935179887158
64,50.228628347324765
31,41.54429991927552
41,38.84687903949764
35,42.94193646103345
10,34.736652670878335
42,41.50373935148397
40,28.061953274342986
43,43.40597289489242
35,38.66777403947602
69,45.907096230693796
38,41.821480003491594
25,24.227751051767815
53,46.6828131062471
34,37.32186517032519
57,34.467123445934234
75,44.033018249718786
25,44.238182185752656
31,36.5303627016681
13,20.780658372384945
29,32.147326269891295
42,44.12819129794896
26,34.448184516038644
58,44.28777704329101
67,40.57980990766372
17,20.154374566120836
13,31.680221698657178
31,34.973199653107564
38,44.86172662008627
70,44.1842994942748
27,44.492560651163615
49,50.82001019785953
42,39.758901222980626
70,50.27182773080075
60,52.73003647518389
47,47.62103359304544
40,40.10819763879744
36,43.29408226369404
60,42.082754423832164
41,27.690926921509536
53,40.9123229232304
42,45.18152647700977
59,27.273060824158144
54,52.05242710731123
19,39.829817523919566
46,44.47773306761395
67,49.19238247010489
43,41.93824673723039
22,22.47012717661235
45,41.718099542930275
24,33.96012533220985
24,40.520404060769145
42,39.90172607364588
35,44.98704781499057
52,50.78045878014822
10,24.872764060251157
48,43.11400327333626
37,43.704802905521184
39,40.98029848429437
20,23.323005846597734
12,15.220426990042151
32,26.41927806717064
18,22.213136898930134
34,31.57395071431598
26,46.65373708820879
59,20.697830041386595
16,23.153037987160346
33,46.48454898713623
59,51.26197649980113
78,42.253118451922646
44,42.540523011046886
55,49.523476507953134
29,32.32958522504671
56,23.49993330619702
32,37.604781705106355
48,51.15072947580493
33,32.16131425348189
50,40.98360160038669
25,47.40610366710913
22,45.82216872496793
24,49.09126390534837
48,39.7749279843791
66,42.08231837055211
21,22.459181981169376
26,38.063373841695686
32,31.244432919219253
52,35.45301362154118
22,44.36019541106469
46,49.73604548834731
12,23.177976268622164
39,42.40418690104022
29,39.79556811148266
22,31.21841136510808
21,38.63837950494762
35,42.40807705979299
14,39.122464170696745
45,46.52506757181751
44,41.261103314243854
43,47.044191392012536
60,41.129454460616536
55,39.211715367738385
55,38.91708196498357
51,45.951577452159306
46,40.769468544673984
43,48.81030177342375
37,45.86157118204228
29,23.85999472944889
21,28.369740891753363
54,47.45624691355318
50,55.48399655485742
22,38.677260348125
54,28.627623684467142
20,37.05707275226131
44,48.28717013623899
27,41.63671139294736
18,50.06355482337471
41,37.63957860433577
48,45.333714202446274
44,50.815343078953
42,47.33437729589651
63,44.72806840725554
16,38.42598905541822
58,41.01595805489338
40,38.097022503142696
27,31.096987933403046
20,33.57055924600069
44,42.14432021629061
21,44.866073998419424
51,48.69176107667717
63,35.289397815842904
30,33.397525049960976
31,42.90386206075312
19,42.333449507645874
49,45.01221194572998
46,46.01647041256697
60,34.502103906741695
28,40.66581219230787
38,43.710306172027025
38,39.92816250363999
58,30.05969949380182
47,41.20007583972691
32,29.70637230632456
51,41.39613583825695
17,32.32889269612144
53,35.1523436008085
33,40.71094602545207
36,41.638745452472584
34,21.18764114595548
31,40.67897518794235
37,43.479845633021604
23,40.331362044510705
45,38.68575219340436
42,41.83213586809321
33,30.07111556765684
54,39.24879339026183
53,36.89156513674893
20,17.167690027634922
41,43.045672224762775
36,37.927805131101934
22,25.36041475278056
21,38.19167828648828
21,32.88805160414085
20,52.6375175681777
26,28.602858627605077
42,37.24310246470514
49,44.0917836724522
20,37.92111946060622
13,29.68573650378047
36,45.366302370468794
57,39.93174940517826
40,40.63593716342587
38,42.4348756201919
58,44.21541006396713
45,31.636097917804506
21,29.288912411582377
45,44.12503972645981
34,35.90298999690868
49,49.767794845012794
22,22.57476090092682
22,29.549278906985034
55,44.387893222647946
50,38.112783889542115
43,41.21783517620913
49,37.896599923709736
52,53.5779629637771
15,52.225033821805255
51,38.72610108880231
70,53.71482610550526
33,35.46701453609408
25,22.997263510420513
60,37.28193297692131
25,47.283163432738405
45,32.280105828249134
33,42.29183895418491
37,41.81983015077811
13,31.68403068698014
32,38.309960058357255
60,27.092732990520275
33,37.41454396919706
40,44.97360612165967
27,51.739932826719205
25,30.765578172398754
21,35.26647623892575
64,37.80771516164406
46,45.7883379506587
70,43.182246124804536
41,44.04052836484332
36,46.60138044294061
46,44.707018424709865
20,26.386894408328143
26,31.519252512246297
45,46.19333643351124
88,48.13985787213638
69,39.199163219179425
48,45.236776587301094
80,45.79366598516912
45,44.08774510749599
18,31.521442874414053
49,40.193370303276055
52,44.76152620299155
36,44.54213159020076
43,42.13975319911787
41,45.413803422213896
34,42.234586184417424
55,45.28442956466548
27,44.229929788268265
63,42.22205732792867
29,42.10578657293046
21,37.730741737528746
54,42.80647752289224
58,46.769636700273516
11,21.788148070482574
24,27.430779627774992
42,50.777299291893286
15,27.199567240519883
41,35.663128337548066
33,40.25182784867748
23,30.20934593307581
43,41.68405203068334
45,37.73919234819446
50,44.51225780991455
56,41.84980055578666
22,33.68632595404838
22,34.33025500099488
20,36.76847366340536
23,43.42625252190706
49,27.473916397888345
37,44.76157371932302
50,41.0557212547976
41,42.69016525831975
67,41.53314709220702
34,33.342365982370595
24,38.93961738834115
36,37.411790157449694
22,17.61041798941799
22,48.19746657335263
45,39.49159460574417
16,43.15210978909912
57,35.96798605679614
20,39.01317054336764
29,43.6341577552782
18,25.882256845818638
16,29.131097902692904
38,44.020992129225334
35,42.766130778546795
49,58.779367782021566
41,48.701388110799016
50,45.29030912269669
37,38.29009411713176
43,41.330120102126386
44,42.631075795229755
20,35.223623132176755
13,21.668402149133694
56,48.015786948929055
39,46.70954600698045
31,41.77699722337503
44,54.248988085664216
46,48.41679219311591
17,27.469414158480273
42,42.06377662960379
18,31.681544307463952
34,46.23001716484135
34,43.029158372358616
20,27.25545438089728
24,38.218003244373236
19,36.53618061717055
18,33.83540149180668
43,43.64563408492699
70,50.55786545435354
52,39.80162750980885
53,46.233566832378635
37,35.489741828363236
24,28.2652403812932
26,26.110654213106418
39,41.847156982139715
53,42.37684735905856
43,49.686628079446784
67,55.38691340168411
49,52.05184620522941
56,40.907347459627175
59,43.082366035773376
41,44.0473029290036
32,17.37390351708752
27,39.333314406913225
40,38.69824524736195
61,39.358524853227856
69,49.70787497514054
25,41.165854809262235
46,47.78360486718471
21,27.834484761477828
52,43.092831801175535
38,40.58378808690253
24,32.412082934897505
47,43.167339567052544
18,51.91176985883492
24,32.56704125069414
41,33.28039141161011
28,50.64321227798454
34,40.847392391957385
21,44.23538218666053
50,20.741655377991325
20,42.33580143678734
35,30.260629961491528
55,43.039638337369695
40,46.02304195232192
54,44.921886130033414
55,48.13346145927463
20,22.66043726197862
61,40.4726736307345
39,39.94260229030287
34,39.19732870832684
54,46.66398412437658
19,21.69918326090455
17,32.636671616013956
23,29.618495968538447
68,35.606425535777404
17,33.240167013587
23,35.37572836909457
50,34.50589251622664
24,25.99676128435371
22,41.65469822210961
45,44.98066573658785
32,46.7370631610254
52,37.4729271956636
40,41.35657302839598
21,32.56915921899893
23,22.24420341013886
20,46.18056962648441
10,32.072998994695084
40,46.57945803199401
71,42.643635443059004
21,20.883424555890915
41,50.67932134503944
19,30.83210608943677
30,44.71495160984712
38,35.50479324090307
33,44.88706105759905
59,47.02074753445089
58,42.955560772550925
33,39.86454711991544
45,45.95846218862072
26,30.37400040283028
25,35.947637193253826
44,48.00338750889483
22,40.72031017811822
39,42.83018686014315
29,35.088802245516405
19,28.86735616362084
47,48.35897698995569
52,46.87844354887213
37,41.610866271158656
57,52.41608148518731
19,41.1453601264198
37,43.111165146111595
18,21.912978313281748
60,36.065403449351436
41,51.50815529938607
41,43.310600775405604
49,39.848597464457576
54,38.513547753269364
41,44.598633315631666
57,57.22383491945561
35,43.167176188265884
13,29.620063964576193
60,51.10631767241618
24,34.83812211395748
45,42.15607159867798
49,35.07562785530902
41,38.78443390317419
36,45.820212447725446
20,34.78240439899985
42,41.79651084827364
65,44.38661035324975
32,40.187143735181905
41,35.148303816639924
45,45.63487591351187
25,26.440244693077574
42,35.345106850730595
35,35.78067739592119
33,29.611606315435516
57,48.58368174715303
65,39.77961116287675
19,22.37284314512111
63,37.72635830674773
32,20.81643390898082
45,31.787180213559104
59,52.298662812373095
64,44.64573055073639
46,42.63543559125524
29,38.960078745413874
64,35.210271434446156
68,42.125806266769686
55,46.09968431145475
42,50.386458090580646
60,48.3855598079152
25,25.79401783996981
12,18.525774595489665
18,36.748430531562796
13,29.545974147129826
45,40.0773999947474
38,42.434067428942626
19,38.12607249192513
38,39.580111981158424
62,46.275705356836795
27,45.857326601561454
51,41.64502194595946
74,50.75595427884225
45,43.46266148402279
29,36.01189002885183
35,40.40156587094567
56,51.62574165956526
23,21.49340478773874
12,28.300520284182582
40,37.79733731655587
56,43.38182063198909
52,46.59192387797338
50,35.195524334036556
19,21.332156411254704
35,33.75734118405103
54,40.92177261666353
50,48.1610839293239
47,50.633121565710056
41,43.70210120444786
28,44.094065335857906
63,50.19432641262034
76,49.38718791105589
57,34.90551177474072
27,39.48404660549756
67,41.25797500277563
34,38.78813307663226
47,47.77358458614646
52,38.95250479600593
29,36.234493260293604
50,40.13161862626528
30,40.84645221350131
39,47.326950061108185
55,42.68801420912454
29,20.679452445817752
56,24.239961462790365
22,36.379495663362206
74,50.12314261033486
68,48.00597638088457
16,26.996434204336083
32,39.80457570637368
23,44.14237846245845
36,39.6023786318945
57,34.75402075010381
37,39.674400245931004
26,22.66050695991484
36,44.71238743025673
24,31.939087884687446
11,40.04262457888446
22,40.405310030208796
62,49.88843480692718
44,42.85524389487936
35,48.30030743829597
42,42.70113505984906
21,37.75189212085942
23,44.22754972078622
77,48.57549395464301
30,47.306399511768866
32,44.53551093036604
42,40.15482334493199
39,38.20058864660431
51,41.08912836061168
44,38.9421994128019
21,29.553968146644852
25,40.787970578278255
23,44.37407442052511
46,44.05418455925949
58,46.75528186435064
19,46.24799093276356
48,42.254632424823875
26,43.4333311051928
49,26.395121273623786
45,42.95408637227092
62,50.765385216198965
23,13.133031439089025
33,35.847525692916854
53,46.07257069455411
43,43.34700523905673
33,35.56706575459523
36,40.42070242732266
20,35.98119816683878
54,45.70399002754762
25,27.177250486654888
30,42.528673026181366
14,29.039479461990403
61,62.889067891837605
85,53.01464980031116
18,26.487483500253465
27,38.9332881107958
27,36.93351649557872
43,44.04453196970631
36,37.20638171048353
29,37.91999691975935
76,44.53951067479091
31,33.443381094412224
43,48.94339220514925
56,43.429007093546645
24,31.922390306305473
22,37.25342088129578
43,32.30498992729264
19,26.04680602271986
26,41.3238812765505
46,47.95210674681576
26,39.44111361990184
33,34.87406857591699
66,48.339866579351764
30,40.23694802772689
26,26.978757636844094
24,31.96885629149697
39,32.91646073332632
55,43.6129726591136
22,31.491514979173466
25,46.237342456108514
41,42.24017990698706
71,43.646779373900706
53,41.93642596384585
26,41.088683091456744
16,47.285519415804394
34,39.363797536793
28,41.13389747378865
37,38.35550718971659
57,46.69131161672077
30,40.37473559733466
14,14.723734179507844
70,47.514288342864404
32,40.84411375444944
10,27.428471290780298
57,42.74712911347632
67,56.65263579695158
37,38.25144232923763
66,38.618669514333035
65,50.88642816558015
62,57.957706964839915
29,28.115492122801584
57,48.51575578607839
59,42.72246179706232
79,54.86406814053049
42,51.538317099537934
72,51.58531047042447
42,36.86942433678791
50,37.52198400398054
39,43.75273688967105
16,36.35462148932037
60,47.52791670212475
22,27.592590716564533
14,37.45168824350712
66,46.44785292005895
33,42.82516989876265
65,47.41006536000211
43,42.86747252767785
41,45.17457473917106
27,35.51355265205376
44,42.99510781082502
34,40.06035668928338
66,46.392955658484716
32,43.832388543850456
21,39.88357453378919
27,26.100359056404024
73,50.87916772082515
82,49.30094135230595
66,43.5978054360155
43,40.5242099221426
56,43.978220817836835
26,48.42863176651079
47,44.3008852935221
39,36.13841581624566
34,37.56349532403587
44,42.590882278208
47,41.31664951707893
17,45.12147764134763
23,30.49979905231952
36,42.63945108352863
26,37.00623074199804
44,43.747255437093635
47,48.10235092838729
51,51.022743347191444
32,43.92346218007287
62,51.44813696242217
31,42.08149233388471
13,38.60695500106865
39,47.74641905143409
32,44.579246816607004
10,23.215379769649804
26,31.31079497075261
29,43.22997494045525
24,33.30671471026269
20,47.00680770065012
63,39.065639885364206
29,40.917103618309746
63,44.53924118655947
22,35.85989147007713
42,40.65922173718535
44,47.04706069539952
20,32.56229343983031
10,41.95714330852112
39,39.52473515404072
40,32.02801366131592
21,27.852249762036863
38,36.742374584412985
36,43.290895744602096
59,41.66811576763748
50,36.36584212954667
34,36.465435574759795
45,42.91916574854653
53,29.29961162723019
38,28.56944612293747
47,45.888428360857276
68,43.89876000182293
23,15.77056385786691
26,43.27311496725657
21,35.179011733864755
46,34.35919411725752
21,46.225608927888196
20,37.674438659574676
49,33.903061661699525
40,33.872140838122206
28,48.8146971899055
36,42.40938634697441
55,49.549413225877146
40,42.3423441218295
46,36.82206796985744
47,54.76841563738295
52,39.49962524933995
16,17.373697044850115
52,51.59836439451264
29,39.81827353414434
67,42.61748090911784
24,30.69131643674226
55,31.186182256222274
20,39.9350372351314
43,53.559133758200225
27,45.987389425893035
48,48.37433108434135
14,39.79496305199849
21,42.14077239232008
38,42.66821158202477
30,24.60551557266992
47,54.219290510961166
61,53.56720199811041
34,44.94942151862055
56,45.591387084913464
33,22.8146423296059
20,28.5988478926909
25,31.499005947024845
59,51.88027764495459
49,42.540277472792866
77,47.05537737915554
16,36.75613081942792
24,47.55810640313131
46,47.72733966722065
30,39.47529537209678
67,51.55045762375721
75,49.25403551514503
66,39.28186395611322
22,24.792135113898606
51,40.944104498111926
22,38.93709610676824
49,46.15559474347636
19,35.72706255600474
24,22.555456066697126
45,43.63069580612751
50,39.87789551670709
46,37.66152073233476
55,38.348774430857496
51,40.09684252233572
37,41.79435106901683
48,25.426611335094254
49,43.96376214652579
22,40.56147965803843
58,46.6833669890104
37,42.06363658997917
58,39.78968012922003
69,40.68713280311797
11,34.850450352228904
37,39.08343659809179
85,43.819680249018845
48,32.00441939255346
47,46.1264640082202
44,44.69837474470207
38,37.68361875616072
51,41.665853861106214
30,40.55053305509864
10,24.730155921389883
49,44.14162553528893
63,35.483492524033025
65,30.99595579580719
63,52.199202660075635
48,48.306604011803685
16,40.51403450528185
70,42.939786936896944
34,35.142486084246215
85,50.9734928656169
64,46.8395501962351
40,19.049362594696607
27,35.30812376792147
48,48.30235752763328
20,30.766663138281423
25,34.411932597457245
44,33.93596880027135
48,37.80433826645855
79,50.4564628217844
30,47.327034972887034
49,35.68165090469161
51,42.495483228537886
45,45.3021188679811
47,45.04498739382335
19,47.6644634750277
25,37.10036405031844
33,41.506285630487106
47,40.488512909064596
50,44.75099788484369
38,37.6223530968986
27,35.371159224511715
23,27.271406125903546
62,36.0901821897429
25,30.14352767286327
29,23.10924705582387
14,37.32529994659279
51,33.43867492324183
31,33.55258494786635
48,42.178592526477686
42,45.31378238819738
54,50.825877588732745
54,50.72536903585039
52,41.36035738570464
35,36.80563709177423
38,39.64099016454003
63,40.67615312505379
31,39.115606751670974
43,38.313002880997
67,42.61988600313971
18,44.70589349119038
61,54.581261385849785
68,39.34281357236404
47,45.69530862713822
42,40.04282412494533
50,42.323553501202625
11,19.593333827251403
75,45.896363380409184
25,34.061309247740084
20,35.697089692440976
29,40.345394674312246
59,53.9392615788129
11,37.97650647264641
43,33.66370246507354
56,42.37191839705948
68,36.545231273943244
30,37.740451656519255
44,34.033447615753886
32,43.87847178471071
24,41.33226489726673
23,25.79134676089562
46,44.45615917562075
54,42.969059667029605
56,33.851110795924534
22,37.67395888485738
22,38.172494395165224
22,23.260571502514864
73,51.7393844098117
29,44.22241646678192
29,45.412229633017226
53,39.07019429163933
12,21.973779137077763
22,30.796869114667466
66,46.27854090131547
52,45.662212418274834
34,32.4422050496527
64,46.15256177814538
48,49.43585508303786
33,44.70487333439994
28,48.48665479061803
43,43.73936616184544
48,40.88068325813993
37,47.33561140448609
52,41.191650121626736
37,43.48439234979355
20,19.96427857012624
16,25.6277356591226
41,42.17015362528315
31,39.66079830939274
71,50.31284251151812
60,42.67790500596361
21,47.37761726431326
57,53.1261208118814
47,36.350253665752774
62,52.07422203736519
19,41.64713602474314
20,18.764566364374783
43,45.44797755259201
30,26.110654213106418
21,46.491111180869964
48,43.423589047100776
32,38.12436170498411
64,45.789637728880635
32,34.32788631260859
46,47.27257096757748
82,61.240966017405256
56,45.73536789008683
16,49.01801562619746
51,32.34850770554256
38,36.920783500715494
54,31.76145760407187
19,18.795664907887577
55,36.580481774829394
33,41.612949132564744
25,40.621371435191165
61,35.497850693047084
69,45.744678619822196
38,45.01053802816925
53,42.70135298929738
21,35.0924273942103
44,40.96304559603427
22,27.454555284785705
48,31.178094151010015
41,47.09223666686117
31,48.18127721120443
23,39.160984383096995
20,21.016173925352906
33,43.67833414992025
39,39.37771836766032
20,29.331450063971914
20,31.727014542272528
64,50.415763036152576
36,40.62831668914505
25,47.38772919496389
51,36.130484460123945
54,37.86839093670186
46,34.520827984764345
42,51.3091005173308
50,42.86704076357706
43,41.335194393638496
31,37.53218764609694
43,37.825940858434095
20,41.50231964457943
44,49.262556825899516
49,42.477777890641775
57,39.9916813946171
20,32.97123021021869
33,30.042889537044545
70,29.24520537030771
47,39.47250071351423
57,41.72556145472088
33,36.99174270854796
69,39.94166030243198
64,43.7166066793593
54,41.02526393417791
18,21.389179678337573
29,49.706942359904154
18,41.22108380345876
25,33.217996700706486
45,37.86846444535812
30,34.320554375693156
12,23.189866630599244
55,45.67426979563876
40,40.02584207164858
62,42.04710732414218
48,34.12290867235996
24,42.290784364512874
75,61.926824442826295
45,46.04061820336648
48,34.29597472649143
36,37.37214335706681
63,47.56297102770905
52,44.76570679290693
51,44.23693064645859
54,37.828381897397676
67,50.074380960098495
37,54.18629056244163
47,51.50088605435537
53,43.30393108462722
57,32.971459930907415
19,34.58614415416937
65,42.82564884899247
49,39.30019636983718
12,34.280264471864236
41,29.677307685282667
30,35.927517656853304
52,47.041315665095425
36,38.40735972856196
63,44.87345279859434
66,57.719265372740686
40,39.3998578947413
64,50.841815930793494
44,43.48492507643921
20,36.094349420337934
52,44.293012643660305
55,53.40352797422407
61,51.42134712474544
67,44.39695090806233
18,32.42034946765426
26,37.14269508178257
53,44.142183110311734
56,46.635131559820074
17,24.240998212264927
67,40.554278770821796
15,25.415612309092282
56,56.282895063612095
44,45.39335664545785
28,35.9174642236861
49,46.984002735031645
64,46.8493235993998
64,37.011809099438025
47,44.45145602181511
48,46.98618582461931
44,38.030236239161354
57,35.15826425122278
70,46.4458605680041
19,35.96866456975786
47,35.886373196520566
57,47.92127829477194
37,31.147674161250052
37,33.59990408755683
51,44.253054449316025
36,44.403744254183664
47,35.97254969906771
48,42.11361264350843
13,33.03519795715177
27,33.73788451783956
26,56.19055715891926
54,44.60666781597066
25,50.16531717904931
59,62.207378289062746
31,37.070960183846594
15,23.50688315089199
11,15.627032563318169
81,43.666071520409666
22,29.728042917668432
24,37.56135744829372
56,49.582284530162276
29,38.894054587104826
10,45.16411742741917
37,39.031994484152314
27,41.14587916157649
40,41.99961810270305
41,42.35993872509747
50,39.05086288304144
29,36.47489019989677
51,40.29036368252068
33,46.48086010073134
42,31.094151455244923
19,51.66702667190203
73,30.90027500516546
22,27.223445750492925
52,37.59153266801096
22,18.216720011900303
48,36.88361251650053
28,32.06219980545813
39,40.898615133437026
48,43.64021452036056
61,46.67174450753406
23,37.819656021929084
36,41.86924351308506
52,52.72153973552639
66,41.101749313335546
60,44.24850298351387
69,48.2737816444529
14,44.99596695922159
55,49.306772403321084
25,47.8930794529603
36,49.786153885467904
46,44.00506346773713
45,44.92925440364129
54,43.511658621176075
31,38.845654209265696
35,46.916121810008725
35,34.862620375126866
34,41.812756954265254
88,48.487699021178926
43,32.613223895789986
51,44.17042024073114
39,42.29956235807527
29,44.10375996695693
45,36.284448035052826
10,22.879857539826272
48,47.87517235886656
23,47.07654182948989
39,42.5943698729267
53,40.978428396354474
22,38.55793142457338
56,42.9412162111172
51,46.50905239389118
49,38.77335145951069
54,36.751712628372026
58,45.28297863549567
42,43.848313975327976
54,39.74520134642226
36,34.55899781722715
60,37.337196849276886
22,35.62868278428735
57,38.67287100804045
74,48.14848046794501
66,48.71016344939936
23,45.33421487131045
42,38.526403625306955
43,45.1261702692101
42,42.6280812530069
33,50.88967615600375
33,51.87035617870391
50,37.12141490455356
43,42.174003367706455
40,37.16686233352389
44,42.41920236252566
62,43.12004086263005
38,27.561033799500137
22,34.23695136087553
22,33.49974280202439
45,33.00521655373447
15,22.234988976363812
48,42.73289304075446
15,28.29886746482376
44,34.82745168340289
27,36.47923880711457
61,40.52215775664174
31,44.921886130033414
18,29.079733993948775
21,28.8763988123415
38,33.479201420208035
26,49.72657366951901
38,44.51209853036041
66,41.218813835836166
39,34.940813431824814
32,45.39790309420566
43,48.12041089504777
27,35.41939438781374
34,22.842414617410665
53,41.37397997565383
61,45.972375849496366
71,47.149499121255246
26,23.388714136125387
50,42.92947164585565
54,28.976324474198144
20,44.70710598802583
36,43.98444698644992
51,48.93688373434322
49,47.30369608388528
58,36.0676567305656
42,43.48831411274669
47,23.46104749122504
79,64.16531361362809
45,40.5339556278178
20,22.032517643839913
35,41.611391695281675
16,23.535201025036496
13,33.643789249430505
47,43.1932038355005
10,40.692121399226785
82,56.19271593581279
14,33.90932396166117
61,49.69169354294275
54,49.91183760591765
45,42.373531366363906
51,42.986872283798355
35,45.749589520166765
20,23.574963901413287
63,45.89378161581516
10,40.690010631350546
44,46.890621574341395
32,34.48674821295034
29,30.830875346266637
33,25.57512509173767
29,43.254435971193026
78,46.186160306612756
35,41.98053566452222
58,41.72724195395758
65,36.61477827431651
37,37.16217273833626
36,39.45202877194779
58,42.366987147789196
18,39.09776216554817
22,30.176966148906146
63,45.60429868776649
58,47.44070722397274
57,45.0586481930197
11,29.466980958625044
15,22.113463961471183
41,36.62300590663568
21,34.89380262680879
27,36.552656574271055
50,26.383845026340374
31,36.44347159033756
64,27.067854346810954
57,51.105627724684346
57,43.31965106713882
42,40.900322025050876
28,34.969767841342424
20,36.551169395782374
31,30.455078944044462
60,54.18958760873296
44,41.019126157340786
88,49.445788050072906
41,40.61016726362336
22,43.46995747075439
16,19.645067761931152
50,46.127067954163394
65,43.48581404090542
44,45.10403617608424
50,46.13036081649788
40,42.748997514229295
39,25.127844806557412
65,33.11913450349084
45,43.52665764367193
34,34.45881459142756
75,35.732793884297415
29,44.244315563274256
29,36.2588793660621
38,41.106769776961
35,46.59723130850241
31,45.320691483907886
27,23.28785016432828
46,41.186946152743246
23,26.199923991119245
43,38.56246870210595
41,46.08379102314981
74,54.775958429755704
66,51.46164136594906
43,46.33683418890415
25,45.07720753749784
29,43.03382411261431
70,39.79339925266622
44,41.43556169742035
73,50.52378404229053
10,20.433835284895967
43,46.54303950618666
62,45.74461310508157
21,27.459510444902733
22,25.29713771047186
26,29.398149925893954
62,46.74009639428414
47,36.900879611028024
46,32.704514474743135
23,23.63948855471771
45,55.759773108111396
20,40.0310082236543
55,38.71067642562726
51,32.86464552514775
57,47.16572743218351
30,36.37192867213268
55,51.10979459034863
37,40.221754228867006
43,37.342970355928486
25,28.394403557344177
37,41.95073763265168
20,21.470864611457397
40,23.21444208899633
17,32.84892934432623
35,39.455982266456324
20,30.963401808933348
57,36.97519035309855
32,37.6647734199771
25,39.19365439631822
14,24.151340517589304
53,41.36612244794264
41,39.39097574085139
23,34.98665822816559
25,44.65831121929893
12,24.344508660559008
62,38.90354248758983
31,42.83069583650882
25,34.90671973829993
27,37.08473417674687
47,44.42299603277836
28,37.05758541266752
65,42.30938742034684
25,37.415600214342255
24,29.725122700089905
65,38.05043558423115
48,39.71189178600332
24,26.79171742741744
49,41.949032669851064
29,30.89061638935909
24,45.37987053066821
59,39.68365842280562
22,44.04545112958805
37,43.58182195157179
52,48.143170839650544
27,33.46657834400116
22,29.95121274932067
40,34.2269589089031
50,43.23023590231495
49,41.31562538980324
15,34.7144997588259
14,16.04851477556351
39,42.85722399175078
23,28.914897168777106
54,45.79567682105282
24,47.10448310121091
43,56.29551650863025
22,23.542039678356154
51,35.71520524297844
26,30.24041898936594
50,38.88129250490296
13,33.533879200809324
57,37.015575603588616
22,35.72478987540876
48,46.497548148356834
48,28.403321739508147
31,34.03471152848042
44,50.51281476808533
49,39.42876374736564
70,40.5393230367259
29,36.57331590224112
46,40.581024962396775
44,48.14389659123347
57,39.78359780618297
67,43.1069357129842
44,55.63505944490461
18,37.7602770575233
45,42.370765114465
56,54.01964577840822
61,40.31214605188523
80,44.85044218486052
13,41.105150461147495
51,49.18113180527131
38,53.85149296381996
45,41.2284108106064
13,25.56236559661103
47,41.86726342712339
12,21.90257007912529
27,28.17693191424261
26,47.55868183092984
65,43.33203647743544
22,39.166419563101165
10,22.920935351136027
25,35.13584743229487
46,47.54070915989258
20,42.70415812862026
57,53.17194605965232
69,39.025852929773826
18,17.915893128186465
20,44.809221471299495
40,41.97896292390771
59,43.81652058237969
39,38.389837004634025
45,41.68861267332383
34,40.56260791391141
70,47.12192381837551
34,34.23227708140786
37,44.29241037554359
72,48.04258198051196
24,45.70720191977391
64,43.484505094640255
34,28.9636020920592
51,31.935160919558196
39,43.07195856605687
49,43.38184811175515
34,25.833349809591372
53,44.87895647153723
48,37.93147620037907
29,44.757805859910974
48,42.16386073603563
25,36.03373342693147
19,41.226295720723435
55,46.63149954764906
38,39.447131452952675
19,47.693318313189636
70,48.95964082808941
20,21.515627161217697
32,48.31139507714852
22,52.39184634582856
25,43.18376880160319
54,41.124726233117656
35,32.94469750463442
27,41.13184493048434
46,43.48699614574123
56,43.29247443058999
20,32.746955091246285
37,34.93661417755313
42,41.582128646629265
49,47.060614660955956
22,28.239111414948056
40,42.95063370242743
19,26.313444350877802
78,50.1398001384993
58,47.46771476367032
50,32.25616349156297
19,32.39598460312489
49,45.082678758509
58,42.59610174605145
26,43.44148358316989
38,32.16923734420764
37,34.87852691165259
30,37.87628851331089
19,32.080381496815384
20,46.53625479035808
76,50.25949213453571
55,32.771064304866925
34,39.45065885718484
44,41.836351644080686
68,43.66545263003698
72,42.06147763785891
42,41.606345996379424
20,30.409462448352212
47,30.408830172044738
58,42.10716391990621
34,47.53678045482827
13,21.297042846687496
63,46.400584978851136
23,45.810374962559756
54,47.69550226966819
37,40.07449724502935
41,44.44430170890343
21,27.332967349476263
19,26.376984130900833
38,31.256245004800935
56,42.64377047795567
10,41.68937719786074
57,50.67390486981658
26,38.25399093561705
47,43.12581633540526
30,46.197413980912906
32,41.77223212718693
27,33.56853276417447
18,22.377301836951673
20,27.821612977318523
51,41.78993814598182
20,40.506777204822946
31,44.277787588362244
53,42.86428793873778
28,28.612039016835915
43,44.778706443478626
63,47.0463758395427
60,37.137168741554134
34,25.141383772358992
33,48.652816437163416
19,26.26295490756891
16,23.59656861982604
57,36.86371423702024
62,34.93207533472469
49,49.106085061773456
26,41.723991624877165
64,43.10103266267356
50,42.246170794592345
22,31.232396628206057
71,37.14794371455762
54,44.81594122964131
70,52.375761457705
54,32.63728606929743
18,42.72939524248172
27,48.6036578030011
38,37.795854007977965
44,43.2957873602986
40,43.90134333853815
63,42.41454748718096
30,41.059603077983695
42,44.04891218994255
29,32.095002004654965
50,57.39018629792126
47,43.33020726245071
76,52.20114731943827
70,46.825840520640604
44,43.96178549027835
24,33.544852269677214
32,39.561305898078764
37,37.820290942641684
52,43.82984232510644
66,40.101687371806335
24,45.02281219685547
36,47.87025501792011
22,26.60087086369022
52,36.12568787927454
57,34.92614188677521
43,43.79296671461146
61,42.48490924872961
11,18.65386230638155
15,14.76189031930619
64,46.687694305273055
13,30.524014655316392
49,28.58159971664695
20,30.078326348455498
25,32.707352475323155
10,28.96461876071674
51,29.05498459406642
49,44.36257118358406
28,43.57584582753204
35,40.4718839499632
23,34.46598429739667
36,38.437943181035465
59,34.383416438366474
13,32.228848142534524
34,38.382195551586044
53,48.31491979267006
41,52.427188329586144
31,42.21269188235532
30,31.863157030287912
49,39.50821328515063
20,23.430542600862463
47,44.85420246678603
47,32.316848548601726
38,35.1343255857906
45,41.93065417970736
22,25.632447460245757
58,42.559402709133956
21,39.554600034934566
11,32.81134429640302
19,26.967474685050238
23,40.35373436912571
25,32.52581547206407
20,32.88097615091749
28,29.762771251680967
80,44.88345660141326
15,40.51083210948022
28,37.79777848492267
65,41.981387591783715
44,39.92137705772652
48,43.33265120867446
45,23.729207813789916
59,56.65916814746478
44,37.57191018939267
44,43.934722131971924
18,26.146708765438426
45,49.970835810870106
50,39.9016929050576
25,22.50339170915051
54,36.143391591464294
44,43.12184718988796
38,43.05254655745433
20,22.302070601192028
13,18.933232126651358
38,44.3486595289714
48,41.792560789770434
36,32.84561443150928
12,20.33404462265724
49,52.45966976161556
49,45.271032413698315
54,49.26374469708174
17,46.76693009926864
16,24.00796924522892
47,31.297626384971284
22,43.61986920735149
22,27.58012019329187
25,31.389913619254056
21,31.11504397171334
48,45.99936467940993
33,40.08063321174598
44,42.74616840112211
33,40.55625447226843
63,28.29400184350378
13,27.95227897095181
37,28.971598812834888
69,53.12639549655218
20,33.12843335729559
38,46.758691141858016
14,17.155568173952194
31,33.466488563058405
21,46.52850869105685
71,47.26965856219497
17,35.26663680646396
39,41.095829643013865
21,40.13947816524734
65,42.95335157830093
18,47.63821987174292
30,35.78000507510048
38,41.03861877430605
34,26.94841609414582
35,36.02890490562092
27,45.15027934232662
33,39.05376656172682
35,42.79062862656728
13,41.14568867574908
21,21.0010924110266
19,40.08949516027414
25,42.77035550433701
49,24.922449584418263
85,51.0800007140486
32,37.87123868990423
53,44.98196335722199
64,50.16242897655868
44,41.03248135963436
66,29.317230898335435
63,46.89736770652672
21,31.32079084059878
22,40.205529271214225
62,31.526763238577196
32,46.52046594408722
39,41.46125179759278
41,40.72386107467898
55,40.3767307208537
58,35.91320356216525
46,41.71382626640595
17,31.14124504960343
50,33.216050754187926
55,51.57123319344279
31,38.6783125868055
18,28.20794296978027
12,15.322722379999082
64,37.59890179972596
57,42.01865073392939
73,49.854978044101614
51,42.36069329337511
41,48.92022504105946
44,37.30484509373347
26,39.989975029845425
46,41.903663880099465
26,38.60658774870411
34,49.95651756685934
30,35.040719376336206
33,39.50558957253318
33,36.61086174672642
43,32.514478289458424
66,49.83846093365145
48,34.29404995076572
30,54.785409267972206
31,41.467029790027915
34,37.65201363933586
36,33.11918970800362
11,31.75826073196919
67,51.878674400178
21,22.46266203213557
19,35.53111690930074
59,47.03612211780901
48,44.22273947503617
79,49.88935228082809
59,47.438765423319275
53,46.83135201123901
53,42.5304823494361
42,39.97711939545189
40,38.7839989610691
48,39.81819584449442
47,39.995895306277454
39,52.74392508840995
19,30.590266008692925
19,26.608520708567536
63,50.33446625603765
41,34.9543993716784
37,44.74402680860196
62,49.388918750805914
55,39.582290795214
20,39.80794536861703
33,43.0840045089798
37,46.44575543082611
53,30.95823454907665
49,35.5796034190476
26,34.758983166269175
30,47.55757738045647
63,37.26915160449696
57,50.92351890327528
32,36.76569303560553
43,40.2115543987236
55,40.85782394522751
13,15.816559002878973
11,22.40952341843227
42,47.98281981468953
43,43.22539872797366
77,52.03047926071501
58,39.63253769305786
24,35.7754193782833
56,40.02738572933261
40,43.402197436388704
70,45.32820461052434
47,44.46883216825117
24,33.586437325864296
19,28.585311425632643
22,36.81815449798864
48,31.837636899357395
34,38.676962346670216
43,41.56175834373537
63,48.108137744037
25,46.7188623058785
18,16.220588159103826
22,41.240296226203625
25,35.85850520849185
68,42.36852885052911
18,25.129533692106666
50,50.455808729902245
67,47.32187369148253
54,30.381166211877993
64,47.891428165954146
63,44.247695503850046
21,35.055710241694534
40,39.46538779433759
54,43.335898277470434
18,27.00275394457733
52,30.984836645192818
47,42.92212028290022
15,34.42403225534566
57,43.04704135592965
38,49.35114692530068
22,24.990349437759484
27,36.679986673355614
40,39.83247095386718
17,32.33595626418666
39,50.770088164292794
55,55.371328215306136
53,39.506980869288576
11,14.507990775637197
46,42.690043416858806
20,24.005699517228514
70,49.675009770402106
38,44.83995732143158
10,20.485549474337958
28,38.58689976700027
58,49.76359087253442
50,45.91699026856095
71,42.22571269894381
51,44.253054449316025
34,31.088321429811426
75,54.28522306724021
13,33.1927066367581
18,42.684969077656206
18,38.66503603831934
21,29.92022574123842
31,43.915387027058735
80,51.41877863648791
62,33.13720597790865
50,36.36665282815035
26,32.98323127860615
40,43.257789801836324
30,41.073330686654636
29,41.595538096781596
34,45.02982146701015
18,37.8556572678557
70,34.98161297553053
36,33.489369218461455
43,40.71377397250233
55,42.82736436478606
64,41.68587682312084
17,34.164242676757
58,55.92017456508215
42,38.30995424956817
31,45.076245859146056
44,39.87333920669897
18,22.700239988235193
16,52.3761416792678
77,42.934753329786865
49,37.12199014508289
21,30.784884047571257
49,43.070736276608876
16,35.020636835942895
11,30.317738091638013
33,39.581267901261114
45,37.888146865023835
21,30.734255284937653
31,32.65758309353155
29,47.47922150258011
18,40.366334828283534
17,29.544204865848727
37,44.76814126049189
25,34.89020762686926
20,32.14913066171709
67,44.321766565330115
27,38.128947961386324
76,55.118294389466904
38,38.11289231429107
50,35.42522559553011
61,40.36888782462488
20,42.24842062560772
18,32.239977072822704
21,30.317190991334236
69,45.728411970433214
21,27.635743871555505
57,50.065549632390436
62,34.4040411871981
54,29.302908319840913
55,41.397177770083005
12,19.182976808010668
69,42.98417605167381
16,39.48136825729442
59,43.690994943897856
35,31.212116338404773
49,37.40452324003094
53,39.373995890863895
53,39.86743415118813
77,43.91779002459614
55,48.07571842792377
20,36.16741584382264
21,32.61784199362666
36,32.50085592700584
38,42.84026273296678
37,36.99476132853048
75,44.24690917072643
51,50.72735521818843
70,41.912100265625874
34,36.74518549673005
35,37.56473209336459
45,42.86595041674657
50,44.94789063447777
62,49.36893381432717
46,32.404800119046556
54,44.560193886389996
22,31.49814625638853
54,41.84869809611917
41,24.287577016122388
16,23.261445042058813
19,25.36731462145672
77,45.39358032785776
21,33.751565062271055
48,43.910080776858656
24,25.647487627999002
35,41.78730526365465
55,50.721131541122006
44,33.448477795497986
58,46.9762715460547
42,40.23816251684861
70,32.399179194604635
51,35.49690400010296
44,37.39294935563531
21,32.15576569139534
32,48.64996525728552
56,45.71002080504121
23,44.63846153230355
56,44.252920346191246
40,42.993556668808175
22,30.827120992008627
58,39.85192358683494
64,52.126083947402414
27,27.074259109311743
68,52.716946499551526
42,44.21010093671787
44,45.50411183487619
34,35.039194100353136
21,41.450816497494316
21,36.215060425184795
58,42.81844978527969
41,42.66222847618392
36,47.04257329441963
46,41.03931382649922
50,44.809768497324676
52,50.171305541090916
48,47.22596677300519
23,26.586319671627265
23,40.779202164081816
39,39.08111775383622
44,43.44836016605268
41,41.26669903360348
42,41.073695269864146
43,48.78556762900348
19,28.424834940390014
58,48.78322235284238
43,38.57746115695741
38,44.64792015751579
19,39.56255078981886
37,32.999699924983794
63,42.93279026598776
31,30.647354343937774
20,39.683731515445515
56,47.73169703370736
11,35.07923734547446
46,44.04400638518345
42,38.21525584844023
38,44.83183466569736
16,24.24421575994252
58,40.873411672938346
73,46.63650939050953
60,44.32284072445534
22,37.43418846538174
27,37.72900598979784
45,29.596460758895837
22,41.57163995423377
31,32.82677105427771
46,43.473716171060296
45,43.46718943480483
57,49.179938057811434
38,39.78743930990187
23,42.18187833143689
45,47.79580753683854
52,42.15044557540289
37,35.73990039951884
49,49.15450154589861
31,40.98313357502862
22,29.111293182174453
37,41.08473608370007
19,28.676962586504352
75,47.603516464008536
62,47.701270394100675
18,40.29711737883981
28,42.21337032576178
48,35.44704495012359
22,38.41795887733206
60,56.05746457087388
56,47.727360534877405
10,51.93209225331268
23,46.48121394042072
58,42.407242296080476
37,45.95957333629534
63,50.26469457169349
56,38.426889851211385
20,41.83697907946046
31,36.71717190110206
22,40.43878234477886
29,37.51213733499991
30,35.99816838416577
39,43.11701122682155
43,45.646565815003854
21,29.98688187052061
75,40.478330608127116
40,47.16950926204414
29,35.17026969807093
47,50.44030928334732
10,40.90272629009283
19,24.300770006293604
29,44.55040809487805
47,44.15527081939059
51,35.37695836467845
45,42.461230427350394
47,40.74319596354784
60,38.98408728943305
25,23.57039712254847
29,36.831352806894984
43,38.14288857298848
64,44.19371033717409
36,41.90853864345419
46,46.54737420570651
22,46.97883260577667
40,43.256977288220945
16,20.997134144628873
29,40.3862497839466
10,25.916477597176012
18,33.78270160668499
25,25.508100801309492
27,25.605357726906924
59,47.83815238292417
22,36.19489354094111
41,44.08104488280648
41,39.3167275307161
49,50.28734728386358
17,19.227197918076985
37,42.18252382719755
59,49.29470580711137
64,42.10873423320364
46,41.476313096592904
39,43.17997939950953
57,43.97418298845827
45,42.49229420764771
48,34.94879165227114
50,44.18558403765175
67,42.338484420462734
22,39.79746065342154
51,44.160980289791745
20,39.736120353213856
56,46.16741157317035
57,51.65203802239003
50,34.289118698069565
42,42.71384268576213
21,27.306276112847737
65,43.558200954850236
18,39.42744453920323
41,28.76760300908547
45,43.65330064264864
24,31.139249922286115
32,25.204992095623673
38,42.19841364438996
48,50.81213961061037
44,43.83580261672231
39,44.41107317094522
36,44.901977490065626
46,45.62872683787151
58,48.288702131616766
40,28.153460654903725
19,30.73958482452442
26,41.7547982761481
57,42.19996243687633
49,35.14375180095512
11,34.032393893528585
48,40.13175030973624
40,48.88163772125956
57,44.25837504281503
20,43.94010675569491
76,48.465281716705604
53,41.060776276702796
42,39.59673255153678
29,41.29174864694148
30,35.13215438057317
67,52.543373251823375
18,26.41705648528209
26,40.44160908537181
45,44.59489594933584
39,43.828852013368675
17,34.687569885275295
40,36.68417965113188
17,35.7000003617038
66,42.410693753410634
59,46.30929260836277
56,34.59175703190828
26,43.73784752860654
32,32.85494871028218
41,31.795183930507992
64,49.39582741892536
57,42.968063060882734
72,49.183655400104946
30,39.95765174003547
39,38.76913280172925
62,32.72183317507742
51,24.337072956958067
55,39.61779092360045
42,40.57808467352746
33,23.325927405523686
39,49.64643821577023
46,37.62535922074188
22,33.91452016839538
34,46.1371541345784
37,34.43939276060378
19,38.35021022662242
45,45.13999894242369
19,31.015554106896758
25,45.210244156619865
56,48.52589630964586
48,46.84689438860627
33,47.462070825209665
62,39.11300264722681
34,34.33415035843572
51,47.08882284955443
32,38.8487882909344
51,43.569624415362206
31,37.76551435180627
75,44.603157496291985
14,25.70807918046552
20,29.743243033484628
47,47.29595439311545
27,44.41318874765666
41,52.47769137104287
33,31.026438749200498
30,37.9930902003046
64,43.34433498230728
18,45.49192558875433
21,37.90181448909447
43,52.64717172144005
38,42.53292154410692
46,39.84235359976266
17,37.657766792835815
32,35.982698791728424
50,42.0368353311544
24,27.229079783610835
47,47.9631983786182
40,40.82286930769855
25,25.79401783996981
20,31.25928901855274
23,26.650843217313525
53,50.787856793625494
36,19.537586556509055
43,33.687486270136056
45,46.779709517230316
38,45.88092051429905
18,37.65794959557008
17,22.620782332262266
60,44.24481643070788
43,44.691294811029785
34,42.447976473296514
23,39.96761555813794
44,36.24754555259672
53,38.12806655366911
41,44.78417878903189
27,47.142137253165295
41,30.84957118062732
47,38.42890833465792
48,42.276025747914424
49,39.890648585061435
33,38.93643247120363
33,34.757166570012465
76,39.19089360770742
37,38.323483164064584
37,50.213007172301616
46,44.82033641981201
38,30.106315853579844
49,35.45217616881204
23,43.62705521522412
38,45.06700994950754
71,39.4686387284674
24,31.93284408811643
50,42.11547707230937
25,35.750975483020405
34,38.40636502873806
60,37.202791685876306
54,46.08727545757692
36,43.98739226111454
47,46.330825597138634
63,41.0667772321058
17,23.404465190634674
35,40.770879215067296
69,38.406834755639224
78,37.15895989729134
40,42.27659696428943
54,46.620016213947395
34,40.54123763377604
41,44.70478890624785
30,50.19694583878621
18,22.77380161988347
13,27.247434785518067
63,48.274601277822825
51,42.43207065979416
49,43.32208039164503
26,37.90826477521227
12,30.30975914011386
45,31.11644503489202
76,41.33968596098362
51,38.655298248607465
27,34.50873011648382
45,36.953874759866714
32,50.37128861652708
54,48.0845803461002
26,44.69418802444957
52,42.421082583127756
73,46.75989458413714
10,36.50714400017229
24,39.28418081826279
23,31.265865716148205
47,39.63195607686357
21,24.634110728442465
34,53.105359781122935
11,45.61645264356263
61,51.45055822314615
36,37.93196881733504
49,47.3782172242981
21,22.7928109959228
16,36.66594200255152
32,30.91118396079355
52,36.0207806353685
61,47.99153025672218
36,33.78911645904296
19,30.986043924639866
37,44.922243901093616
57,48.90487685325139
22,21.084434200221985
31,41.188661187547865
49,45.09255459761192
58,39.9036200818968
62,46.781060437798466
23,26.070816950692617
55,48.90522177916316
51,34.98606027171026
27,37.69808918281333
54,39.72914095917989
29,40.23254130617595
23,31.47548603715368
21,35.0258066635871
61,38.54381021467559
27,31.95870588483865
13,35.35110569288417
77,36.37377771719025
45,46.4830391463326
53,44.952151959772074
16,39.27375089653298
44,36.440443071945104
72,45.826201860003515
41,40.83755216844254
34,40.94256548290271
16,15.458345763240034
33,33.27242859578614
29,36.547857270731654
60,45.74980342968122
27,43.16322381352133
66,45.02035804799474
33,39.35462782583835
23,54.82431273484702
49,45.57086728038716
49,38.057459063815294
47,28.47672730617057
44,34.60028668342353
43,41.12485843777231
41,37.25720665699741
64,37.01685291631699
51,46.03126272913314
35,43.268184198244825
26,27.055582041176972
18,32.430643301500744
19,21.244151133992805
46,24.711287459485217
45,44.41756745606697
56,42.83440038886722
48,43.63279638112763
33,36.36782618004742
47,43.922579615814044
52,43.832907597726575
29,39.27205239778584
25,22.740475808754468
19,39.75336202925809
22,35.438255882739014
34,47.752878152670164
11,15.888364153770622
48,34.34375576722138
44,46.51721913047335
47,42.13224483753376
40,41.92917095270954
47,34.80616284122951
60,40.10255202584425
48,30.594564050790094
44,42.57631482236251
64,36.82929175356103
43,29.14424450811026
21,45.45685940557382
44,34.594523195238054
23,22.027595687660035
37,31.701909302112007
25,36.0904761246833
66,47.051106004032206
20,26.13952266148362
30,48.77064156757533
32,30.13080667877607
43,43.8898235685259
72,43.466249643164886
60,37.28623303364728
44,45.474902003714014
46,47.169726461274614
43,41.409510060172096
37,45.490714730582376
27,31.031641628428314
41,45.270554051827624
26,39.316460555087055
40,48.162830336501884
53,35.98521922760419
29,44.639207247179044
55,45.57083738379097
51,36.86357439779485
70,47.35318727367997
46,41.60397184153732
31,34.96967054294265
50,43.929545021701244
44,36.84400891164299
32,42.80200990973928
51,52.21971196015213
39,39.524190727849444
65,42.092483638279
37,41.77858171510946
17,29.837657346631637
20,25.880682534155138
81,46.60107188580339
41,43.167512484901515
13,15.236324921063993
71,41.039666358044435
31,40.3548416206793
43,41.257133067603384
63,52.700289520057886
29,35.93313702995617
38,42.508925928987246
33,36.924180977487296
45,41.365265453202866
55,47.870965340130034
46,43.85954995550858
45,44.89992334307267
10,43.462986086862166
57,39.9408145179442
54,29.93570475122187
62,53.39348712014395
53,40.53200598759013
21,24.30518128633943
32,44.92595393120709
29,38.04192871761866
19,29.65831713434298
50,39.2971454385247
57,48.818137503276276
18,26.00917982707296
10,19.597989268227508
55,37.32142294796071
43,31.417168125992493
29,41.153726993752365
51,42.6405733921006
10,14.122598111594481
46,39.594178625123156
21,19.213262276163427
48,40.74603200136078
21,43.671258602564286
30,34.00240436252653
23,42.593844408411
73,41.68848072705411
58,40.949122949308986
51,52.140819866187194
41,43.164196267779424
62,48.83052587119577
58,39.62026369952916
43,43.695921722251896
55,38.24808667231223
39,31.19524730783345
62,48.341922971274016
63,50.159951541288464
31,31.758185922831334
63,38.386701238665616
37,35.52086025557954
45,42.86565184376884
46,46.35974126024084
59,52.0897866851297
70,44.16579521265501
13,38.397141482054344
28,36.378747871561075
46,40.275879779449745
48,39.40399448746845
56,38.27442108577065
45,42.98813638116125
37,34.093574961113525
44,46.78621325693117
48,33.16984259629232
24,38.17695431395307
19,45.099855008745145
52,43.64143835960918
40,42.230243245198565
58,41.91602709756557
50,46.61152801759303
53,43.158567077371885
23,34.095578703692816
55,36.08484831379023
31,30.618989801048638
42,44.11172713727598
44,41.58507201044192
19,31.952885933879283
19,42.8623490533103
30,37.81623892614054
56,39.31912142258668
38,42.34390800496766
61,44.302531055221294
33,28.057291519808263
67,43.92447894125679
22,41.158412518060295
52,44.47987576458838
65,45.868584547777644
69,58.948283080519005
33,40.05864033114048
49,44.342195160967506
65,39.65784561259816
39,41.0033078056641
43,41.04282124712009
20,31.183917392466846
17,25.295620378599423
19,43.82315197140672
50,34.93591838033965
33,37.070644994307294
28,25.98901745091757
32,36.590179355633644
30,43.754056176131854
77,46.66051419158842
26,27.142224525030823
48,47.166237323639606
13,20.139077584796354
11,24.632239789829438
21,28.82308280513174
32,40.423444878193735
45,42.60544762376769
64,49.63619562258182
43,46.16125902224518
20,31.86271706683575
59,53.510272719482316
40,39.85132340883669
38,26.97762735085322
21,35.82892851238105
60,47.73207618438982
48,39.36871741819096
38,45.36632553441112
21,36.36046180469188
28,40.13513009400258
61,42.176998080957716
65,50.36936263859294
63,53.70040590561749
13,14.56208621723483
38,33.951491769273126
83,59.57673505231637
44,43.75287971566913
25,40.94568263141107
17,38.51388293760839
74,48.7847105236341
20,30.502060986451607
46,37.55824318310555
76,41.05517494783135
38,44.31660951113349
46,37.36617015976655
11,32.052297869669246
43,44.4806017984408
27,35.184620516547994
20,25.287618231232518
53,41.61404778071262
23,37.88517779171138
45,43.96994980177835
22,23.393725169148652
42,41.72634380916818
14,34.25746774125823
15,34.01808905373801
37,45.679372733716285
50,50.49785292295749
73,42.760330677623905
51,17.96912912061622
47,34.175254673309766
32,44.774132595314384
40,40.99417875764567
14,33.988019602701314
47,44.940705237268766
22,26.078047688448216
23,36.81560600842151
44,41.12229845378552
23,39.60429987535875
21,33.220704947605675
23,38.277800641089314
58,37.37366117083029
27,34.215534882643325
43,46.1676170127863
50,35.54168017718557
25,32.25365242824242
40,42.27557912137841
21,22.703291642520025
32,34.06476108387986
51,29.513439220289328
38,45.312503774670965
23,23.246544617414344
16,23.488890748796397
17,26.958581626224746
23,30.41946655919183
21,38.36022279391532
13,15.171463432368295
40,51.15471138919907
32,41.096717392438784
38,50.05686048437687
13,33.54592456156798
20,40.43522870521513
48,46.23183811079996
63,35.354421177289964
57,41.49873617516745
49,38.514716850380665
25,41.24949130437773
37,38.63928985072007
42,48.88551626021444
65,32.43102078582851
31,36.96277552214106
18,26.311144353095735
51,33.175246192737234
56,34.98656430731166
47,50.29977732706961
48,43.036639095185194
18,24.059511684315627
11,19.516468246979077
64,35.16260179368177
34,39.158666187764034
52,38.454624258649766
30,35.57557979811347
68,37.0379791866295
28,43.637270927405645
32,44.24331576727949
60,47.5340598808374
32,43.639317349515906
34,34.96289841269841
22,36.55428520625424
45,41.88802070994734
26,26.50633526646831
66,36.539469099179
37,40.11594432809015
41,46.0956135390909
71,33.33305687825433
21,41.15160837265951
49,44.77054002059825
15,24.595199576907003
29,25.78280528621342
34,37.73060087991661
10,42.36578609264894
13,15.663912253704668
51,42.25285076742266
45,41.98664428065474
76,47.36785436330074
42,47.70756351167861
14,28.719302791776684
48,44.389151999682845
23,26.115990047234856
39,46.97114643273672
49,43.925574592982564
30,33.11796244252775
55,39.64072735538554
61,41.69876759056001
53,48.89717070976595
55,36.78604430835338
28,39.20996891769277
57,40.626190790918784
53,42.74631570672668
55,41.82840164808305
10,29.91620311234936
85,45.72025732275824
59,40.07558022857502
44,47.70517255515484
54,44.49722603625934
41,40.557868408205735
28,41.21792630016146
38,39.69070558933127
59,43.78390532984693
41,43.50130174609585
24,38.53640640985551
31,36.651512439355514
24,38.4975897909448
29,32.45243997050047
71,45.9176713747215
46,42.33719867481074
62,32.94449724128231
22,28.752243667113643
50,42.98623524860272
23,51.62040358043792
25,37.33035138144269
34,39.15712592073894
14,29.366054225446334
40,46.59442800047843
53,42.34050810350738
20,48.23512236660022
43,46.40220859994038
61,45.36802381540602
22,37.42971142937349
19,42.80446551214461
48,40.18425582054853
62,48.633133453958514
52,40.99776627452081
24,38.0017824334562
16,29.09760499833219
26,34.24128561829063
26,27.109029832166303
41,40.4703384434554
40,45.23003830270195
60,42.52583836134318
24,32.98603712256424
24,36.62504101319734
28,38.24854681364925
39,40.473607128974116
46,44.89729026891333
34,49.669546385087244
19,48.990119399238665
74,48.754277721037425
45,45.74255907258797
16,23.79759240721016
20,27.783063267581433
29,31.96430829913139
18,36.426654334972824
36,40.81027348515899
54,34.721927001851085
34,40.61641323643018
31,45.201341914046765
48,39.19756803535336
23,30.541258431062033
21,26.909059414906547
64,61.063314616203854
21,23.897102852226563
72,52.29420032600903
37,41.99062401308079
38,52.1260986827623
13,20.64672678727192
37,37.508061289157325
51,41.17231110940796
43,41.48613454904867
70,45.527135484741464
25,23.31066956677305
50,39.83131194839626
41,39.7089974387954
45,41.392528087493986
29,42.352655988644564
19,29.110984388659976
22,25.34795609097978
47,46.80327882101081
67,43.5182483868974
59,49.86350616446887
56,42.65334524579837
25,34.30306750442413
46,43.132013257098905
39,40.02247111697728
56,40.3860059842491
46,46.48199927685733
16,47.80133940616578
35,42.22954841721335
73,45.7767322037749
28,42.7817800859468
57,53.748597668736146
58,47.66579023038229
16,37.316322859293194
24,38.709534612701916
20,29.68120010818634
41,45.71171828671012
36,50.03408277423311
63,33.90474445820079
41,48.267560436359524
63,52.269156678856646
18,35.02645693088731
15,42.02356329435851
19,33.23605954947466
45,45.63679446875657
29,50.55005177112328
63,45.371060281252184
51,47.40457331996523
53,47.12511110170013
74,46.019509908447546
63,45.37851960925365
36,43.39455240826088
42,46.76345913785756
24,29.794212770874214
24,21.768485540518828
21,38.2314504985199
16,34.09260754175452
48,41.332810939055335
61,53.0065104892826
64,37.828792351364534
37,37.353237974375276
45,35.90555408642286
23,42.84292379608889
56,43.96460394334619
41,42.32600307604674
56,34.0427212923166
37,40.43412765364947
78,41.17505136638386
22,22.176280166390505
81,54.22576578796332
40,42.416051134414765
23,41.378352366379474
67,47.95439662967131
40,41.2377463544341
33,36.44831998718821
20,32.67277030682013
40,34.19753942194074
26,29.510526533535085
49,40.31538709364191
36,44.42513186783714
29,35.003999557637925
27,35.87062370599162
61,46.876435061071916
61,54.05191834163319
47,45.19940524081241
23,27.135145920272358
60,32.43189888930748
13,41.191484865814125
63,45.227114754140594
24,29.063596537372817
45,39.64646915517406
28,37.47257253212594
14,32.566722727476396
21,34.98979133914712
53,50.58772054507317
36,36.26915670889104
24,32.7134677984178
33,36.371495806746886
44,32.29807265018477
50,47.51296797089395
66,50.2713707356945
37,39.77234324953644
57,37.62268225034943
10,31.130020086975414
21,29.044516944790406
49,43.20505873536027
12,20.304204306796954
14,28.249694719983385
78,45.589984601648574
74,42.16441518369197
50,46.264330423421036
55,50.9303658328661
31,29.949801813201137
61,42.19122443187974
40,42.44783716570321
11,32.289367783537266
63,52.21008318130504
63,44.03532601875467
48,41.85557679688947
47,38.26238404973029
25,38.20218266002302
22,35.86467192401781
24,42.78260775632281
16,31.740838985757065
10,30.371704159143636
54,42.619268422586394
37,41.80204417883322
15,33.155004314285364
55,36.88992701443536
13,31.96116976136343
35,48.03838886906357
46,21.364631138654474
50,41.30086562532938
30,31.691832413361507
20,23.0713349760344
63,49.30919347707991
11,34.5411867734219
17,29.790519990666255
18,24.396632341508663
43,45.567292268950496
52,46.15881875399127
36,26.614679006951448
70,37.88049692111942
77,51.119562564595924
36,44.2342708523121
23,36.93644376397643
36,27.38016237080003
31,42.2775798922806
30,32.31365611656687
10,20.66444791647069
24,24.684037890330796
10,29.880306607113276
21,33.400918392195024
24,47.91412698412699
78,37.91449548243376
33,44.62184404395891
34,33.475854375769615
65,48.973097669092134
25,41.629582461298945
36,39.07696193133147
41,35.06293404423476
32,41.24177804889401
25,27.850676110876137
22,42.68262959215835
45,42.452792634515816
16,23.02987741425654
69,44.597772672799245
45,41.67798425942267
51,47.35892767542812
79,41.45257819756775
18,41.02427652562869
79,49.73089605523848
12,30.054721231357206
72,27.218576158266547
44,47.41298972841758
20,41.436739414600794
35,25.520760176535465
22,24.774840534401797
60,43.10847574534738
29,36.57423953048948
35,41.23463117415103
60,40.83006543319079
45,39.44355712766
77,40.9279542077423
29,47.25192648602835
44,38.193256854222525
36,34.01944779631523
25,38.748545845866076
49,34.75194972850267
35,39.2807893037071
29,32.428927439138704
23,45.422781508704155
69,43.90147720601104
63,41.71839559134398
62,29.24168361827119
21,26.2733981744549
25,39.3304370466792
41,42.387599632650314
20,35.25027924412578
41,30.53777007285582
20,29.045590295361897
37,39.60715036209584
37,42.04837440399333
52,36.21464042892177
63,42.98856885223229
30,45.05290235228077
31,37.906191240606766
56,47.25344444750093
20,33.56492859721172
54,26.46633637589393
54,45.863354615178785
65,44.95154938278298
25,50.39726866689265
48,41.19177011382291
54,37.32916584402552
27,44.74661039144335
18,36.10102380266377
27,47.509052426661064
23,32.1327004420759
37,43.82136554435715
59,40.872472568600536
34,35.043653825828486
38,43.98476678632129
39,44.620067169460974
43,43.521365965389926
12,44.72625050110656
39,44.638563737808845
11,25.279401989423828
48,43.83105628726958
22,33.69887352654599
24,25.99459773591245
45,37.497852252128965
56,50.696422129306285
50,34.85225196500608
25,47.40076660089751
55,37.192016001029685
17,36.22296457137938
43,46.197539353730946
26,38.573021978157776
22,34.50073771073776
70,43.722875096238496
41,41.36904028881251
23,46.99122041163484
57,41.05311608498485
54,37.353962732836045
40,34.28823206766466
73,46.174497804693544
50,45.68651535166803
44,41.534697645771864
30,41.19011383898797
37,46.184764242256485
51,53.920088851014235
46,38.830834272762836
74,44.50672007293643
58,40.02904196393887
19,38.84533318295625
64,31.90704902846717
16,31.916960565111893
23,36.14232984339779
68,49.19874829512968
19,23.12942537477534
24,23.910040244512064
22,30.305065621460727
52,30.553769395808004
16,39.3500466141587
50,29.04107368797271
28,31.052826774964316
25,38.710880893790296
41,41.19437806366906
60,31.844594136396545
21,25.21611850792869
81,52.93018591109447
48,32.265103980706066
48,50.09780617498573
35,37.34169575365774
55,44.296040206069584
57,39.689489895032324
20,38.75359559478569
46,51.16122091287071
35,33.97024514217165
22,23.046079049950645
48,37.94728285819696
22,26.381800764387517
69,51.898861253456026
25,24.847907112919692
11,36.46130322590073
16,17.62460620343349
21,35.564021456340875
14,28.931346768839184
37,38.04335046662606
20,39.53190848843755
25,39.120236331531935
22,36.774373265065485
70,40.90483191318839
26,37.95976882194976
47,38.03618753930962
42,45.742000831484056
35,41.360503606347756
32,39.282972983400256
44,46.90735987561484
56,52.207182603686135
31,25.449768023817672
34,39.99991477718822
38,25.331097233765167
58,43.104957055616644
21,47.11054351300527
25,43.18193184270109
44,27.75488751922116
26,29.401806445847498
41,45.00929264643268
36,38.70165235462054
53,53.771689573669676
40,49.158862094797485
25,41.4064538944215
25,51.38434086802923
30,35.49591080423025
46,44.29271988368347
35,41.46693686073284
44,44.893770581837444
20,29.169790175590332
52,44.1530778625605
25,46.42037225461896
59,41.101115367226804
32,42.120630444602654
23,31.185671280362012
47,30.33693853430932
57,31.762876381086134
11,39.64693853548263
41,42.02117333777185
20,27.738323552298194
34,44.53033188760874
44,41.30677552621774
50,34.6203061378308
42,30.934491057258256
31,38.04407716262347
28,44.86364791834863
36,30.970311990072123
34,43.52650460845299
58,45.07291954600268
12,36.10076121173553
12,37.30073588293519
49,22.86290441393529
28,30.263639420380656
15,19.428095238095235
24,40.467310489201466
55,33.230091809446996
14,33.247610367553776
80,51.764717560152825
25,36.405421258049586
42,33.75381693831592
57,39.28176127751658
63,49.736404491171406
21,27.514273618754384
30,42.012927959236265
23,36.54410413121172
43,41.41333831865736
15,44.59571857696145
42,30.921850936077075
41,48.453701167098025
58,29.7178373261079
19,28.21961664892685
21,35.25572190042247
64,49.450884180453244
16,29.723683626943675
48,39.16156471730858
20,31.453103007287517
18,47.867096947572
20,38.158979671622525
60,41.11494244383263
55,42.14194457446187
23,40.21194438402997
23,25.91837930937229
20,32.78115456352035
80,52.33239181536632
26,34.09630915939174
14,30.47388771656875
20,37.39444657753973
45,36.42992275337067
62,49.0366432322244
60,43.341881115656925
67,52.59122806340923
36,38.62841969327794
59,40.75832125587331
28,32.663653463941536
42,40.68255345159749
49,36.258973901773835
77,33.82611554499112
23,28.977065752380135
58,45.91275129006207
39,42.42730461180019
53,46.892859992026814
38,37.53060075704786
36,43.735416719540716
57,42.90154920750846
12,20.06696595071814
16,48.07052060396896
47,44.21412790247079
51,47.57583722021641
11,24.41831312454474
26,32.731011695146115
41,42.31054639595842
37,41.81126959047553
10,26.215324171343063
13,31.169222776947095
41,35.332605471179775
16,20.90609510580531
25,41.336291783070216
22,54.080746841359094
51,43.01920119753147
60,45.75346780219509
34,36.14335345515003
21,42.901205958724006
51,32.78219611676376
20,41.7302625994347
28,32.98581873503172
34,42.32735299493555
34,40.86152105898165
70,48.144489838485335
74,55.729912004156986
38,43.200230725501484
21,34.68053168631034
83,51.788874563469214
14,23.600243312577728
55,46.80983491925313
26,30.246867683349674
39,42.06238407381093
23,28.227398898159453
38,36.241550816236916
28,26.82790067862889
55,34.36173664346858
22,38.27261846545282
23,38.362355852030895
50,24.872102727267865
76,47.75300934706174
30,43.25799552652876
80,51.252548661777446
65,41.89847675504123
24,36.997071141602774
18,24.173692702892346
49,43.8701403891918
19,48.21664926113827
41,43.64829902748026
19,33.584938555397386
65,42.95136032292132
50,41.67618151130874
26,32.653813279420454
44,55.25275283831349
54,44.26263571284328
29,32.65152738559785
30,31.359785386158173
10,24.189194944913098
23,30.855098553986007
41,31.26291003490242
38,44.2470072110802
25,40.77881550817937
20,28.6712230927684
34,46.964510543794596
23,35.41237496924607
48,44.153299789090624
15,37.408400163709906
44,42.35809904551093
41,42.93058167913988
78,40.76907199922938
12,22.670092422585167
21,36.03982781333919
34,26.38212769852073
63,41.2378218954013
22,34.63404966445638
28,42.08868672046004
56,50.457394728168225
21,35.058895150398314
62,49.24960619773287
30,36.29591443878793
46,32.55979143977568
52,43.314149987465996
15,21.7936587828352
42,46.469694157569364
26,35.20770189611203
16,23.987018613190102
33,44.37469870285201
46,51.32159098002155
58,48.1448254985329
43,22.926707494806983
34,39.5984037984901
76,46.972361331285036
35,42.7612956572277
11,29.870510197217094
13,34.063762502024446
23,24.152148974334153
43,44.119861074290355
22,44.62863144263158
32,38.27402272589337
44,48.15741452493117
34,37.254456154633694
52,44.8303382584002
48,49.7189715954222
58,51.30522195194031
35,36.95562517299732
21,36.978983043347064
82,46.67205356236618
54,42.20881925932603
10,32.047372785566736
55,53.03386158373146
12,20.9271304524689
27,32.67352885162891
47,47.20646237634767
60,49.8459542147581
24,32.921273115427226
10,35.173909005579254
62,46.345302987254826
47,42.7036125611005
29,38.08888693158295
70,42.73415829370279
18,22.38509600904261
21,30.774178192620028
32,37.2155792919094
30,28.328883074010122
47,30.762743470631758
51,42.083025416228274
34,35.71679700596731
18,27.692665674460386
58,48.559253655705824
39,40.56615716378915
16,34.283135642967835
53,61.22993232133299
80,52.516011559086266
16,22.76524007454675
28,28.099470098071553
30,44.13011856851242
77,40.88789076170138
41,42.30617899942455
62,47.8931529975416
66,52.909919182506584
36,48.18408828768517
64,40.86492955097529
26,40.459265954419735
45,40.741954396330314
20,34.10154247869807
39,42.81002050606966
22,28.386019054125267
49,36.128332155028694
21,28.913942975376926
40,43.246657950350944
41,41.91105613414112
18,37.69514328229477
33,38.60060453818815
30,34.749703115361534
43,43.42703876829956
22,40.75223940562325
33,39.67157860859633
51,39.658740545399795
44,47.09342188520584
21,33.3099231229173
44,42.5668275898517
53,38.45894785733282
45,33.83200904809973
21,39.89984559428321
53,46.218409949324275
52,34.020577555058665
70,60.154441485427604
40,42.90369208994385
14,32.61892381444239
27,36.63457112554915
37,39.29930887179619
59,39.965921920937554
55,34.299056246934335
67,46.90153813389195
46,44.88499117266967
16,37.459173134562405
18,23.51043158155368
43,50.853142136739756
57,44.15835813780855
18,31.26705839557643
77,54.04368689402379
34,51.02882142402739
44,37.205937769710445
27,35.392970427363714
21,34.980000793970994
22,41.957544252662046
25,40.16358394024594
44,38.05732362491687
57,42.220784189035875
70,38.664512093717924
79,38.403274115573375
29,41.702855525761336
24,40.674888778279154
57,36.55410429326651
62,48.10348788570489
52,45.098617035781416
52,54.614354975738095
23,20.05980652148219
13,19.055936712155546
21,28.0088650842608
37,41.18413148962617
44,34.597851329097864
42,28.535671257440182
34,42.618488375726436
47,35.4379864428315
20,21.493128054394624
22,34.64377481150097
46,39.8404028942925
45,55.005281385793566
42,43.793524542630756
71,47.14897050038059
61,41.82291373644768
22,31.042779490832487
45,32.2669082785695
38,43.043965758954926
34,40.61571293341503
44,47.30004389632161
17,34.897029390329024
68,55.100249583340116
41,34.03215177984351
67,44.82232736664638
66,48.859933719561724
23,44.025958179683236
38,42.346570276557266
47,39.29142983069024
23,40.67108367368896
58,44.652529484061525
45,40.59530705084584
60,49.04383802343119
75,54.860115570887466
38,38.19907905145581
57,50.18907612211621
39,39.912968444002644
49,39.78376734101725
53,40.39705795644393
56,42.83281168816374
46,43.22552307435515
56,41.87924109426428
14,43.50498443974463
29,41.17615293430867
45,40.777175369951486
58,46.05054947045616
44,41.31836562771229
39,43.35285619661717
43,40.43605830511171
20,39.321203323767214
39,43.48119434096962
43,36.948542340707235
29,38.397848624323444
24,50.852331578259125
41,39.50581882025735
23,52.65750537064007
64,43.04140710024415
49,53.11452534483099
49,38.322980427484886
21,32.974153019705426
61,50.56111884444197
24,32.979357463911576
14,28.51835056332223
42,44.78071696895765
32,39.66143135893077
16,28.103118547656326
33,42.112305711091125
14,17.90840127215932
19,17.297364849772887
21,28.499188015713017
19,27.47539336819752
26,39.462647457886625
71,44.691198089383164
17,28.16545354636081
36,37.741790975144504
43,41.45350245554525
28,32.02305714457962
50,44.010466145444276
68,37.60281777743099
42,41.1132507076102
19,15.528262129972115
22,36.99436754223028
14,41.78792761057145
67,36.915982177542276
49,48.16990145624668
40,48.94614615580163
56,40.44019629435433
22,35.56366177019925
46,37.492461858670715
43,44.519658814882426
51,51.21476272383616
21,21.12572543536282
24,15.601994118444596
46,43.96176683370774
41,40.351816104037106
14,32.684921957676366
78,52.07738421853091
79,49.61090134970453
23,39.818446737611936
41,47.26493350310234
62,41.22972063912145
49,33.39141621462912
79,49.45906634677168
11,15.028627582872796
41,35.28241308267371
20,29.03410811410812
57,51.60639578995639
33,39.92352609827884
19,40.646613334436225
45,37.72777305598582
45,42.90308880890836
42,39.18653924912949
30,34.020533544443
82,58.40851657936483
44,47.5529485829432
54,41.045746003239856
61,45.8589617974685
16,21.497028964172113
64,42.97563676879268
39,47.665247138861034
54,24.450746506966862
19,22.41096013225713
44,44.46473738811827
11,36.36448149162352
34,35.31659275608764
58,49.93889537839803
30,44.09559016192303
20,30.208194077765278
48,37.650495258931436
55,45.593930340312426
32,27.196816186826013
30,35.79931399073237
38,40.4818307087517
56,44.5381924878974
19,38.43238821132135
20,29.260807218403578
32,45.04276439569549
77,43.53203376992619
43,44.30713403779193
69,35.08130230462327
46,36.69521069757722
38,42.73283094376242
31,41.70933338098968
67,43.17160836818406
52,46.42511418569823
67,52.221006235819665
12,27.63349043440857
65,46.51596129835969
11,23.460926124260336
32,30.473786672693933
18,46.09322696717606
62,43.673496002161656
10,47.142588254008096
66,45.98830228369552
42,32.67366098395755
26,36.55118731413281
27,30.632594125937565
14,13.712158364612787
35,50.69285384096383
15,44.46996278169319
11,27.754422901052322
43,40.80925071235932
58,44.50278995927751
24,46.60628423353937
39,35.07093862920961
17,39.56734540027978
46,42.03253936974801
38,47.30173117717741
41,33.33607240684305
45,47.437915574626516
19,28.239322341705837
37,40.98904181594681
38,45.86779157576468
43,33.757369417077435
22,33.69747580159491
49,35.77837543142223
48,43.3875137067838
39,42.0612769035954
61,43.86100844652219
45,43.714488590617854
40,43.883721759371994
25,39.62441806245976
29,42.198536978047294
23,38.57454081423059
23,28.19421821835226
35,34.754084365204804
31,24.876224943014364
27,35.489348487963504
33,40.15225553176769
12,29.01152888766264
25,41.56232654528857
19,25.924857347451283
16,24.78913905524931
69,53.355836403600776
43,43.79912991713136
62,51.243537653789744
62,37.80524824215298
39,45.270147704500104
69,38.732929134623554
39,44.454466543580565
24,41.39425740126957
24,42.78654157961452
19,35.229529934989294
54,52.679045452049905
19,25.693600576180913
21,29.20628470285661
27,41.469193802566544
25,36.94467808776818
74,44.51724173455308
22,22.98514650419458
18,31.166886944418778
70,44.8348511631358
41,43.276579671968896
39,49.13943474899959
15,25.01985307229987
38,43.49036715247218
41,41.83229405578476
43,43.962351502045934
15,31.171776850490556
52,45.077608818456774
54,48.99420578379044
49,47.59029354557573
34,29.937855871102478
46,50.9067263866757
68,56.10272302900154
51,45.47116185187857
51,54.55717151466122
60,36.77554082022464
79,47.32109544665534
55,41.7079669908951
22,34.38989747522514
13,36.32838341302802
20,29.27149631628169
40,38.67952111998268
56,48.151553768545845
48,44.217551670206156
11,39.08381614627241
22,23.664993858261088
53,47.579806124644705
12,32.03051210479484
42,36.39683812290339
28,35.30210240886443
64,37.04543713236956
47,37.625072036478144
71,50.483856378746395
34,41.63812574279007
69,58.7364592228299
31,32.52249691902967
74,43.75750275852534
35,39.4761732726404
48,35.42512611721499
35,36.57758880768359
13,38.73934351887263
22,24.399389532310735
42,43.61037803011017
45,49.30570353514944
62,58.12071516406471
39,44.36257994257112
10,35.80850060820834
23,25.81605865012901
34,42.46822458171486
38,37.420647345379194
19,30.576857200465497
14,25.89455807501594
15,43.21377719401738
39,47.302523528341055
40,40.08327323168734
36,36.918903692716114
63,36.26022388171083
40,40.86083468265922
58,49.99070249909418
56,34.1079704332403
51,52.05688221242186
19,19.297806626880448
24,39.93785545197677
17,16.89383224447223
74,44.14439198973112
34,36.21345209946739
34,25.02984466426876
21,30.78778057987662
47,42.92820909657848
20,26.310784618607844
67,44.724124921077745
50,42.48408420894075
19,37.108003066218515
18,35.09679664815301
21,31.790404091396848
12,18.331130281039222
56,48.290011473650026
26,43.51321586453547
37,28.198432561419278
40,45.0327588989835
18,37.11809103057439
23,25.725329492579668
55,53.10703981132001
47,40.558881568543086
54,47.84745649774705
40,47.352062837403565
53,35.643706196195815
31,44.85978385778214
32,43.61654850737014
71,47.753700014034166
38,38.84752887796259
22,34.26587926616533
35,37.01172941551477
21,25.255844943678067
39,40.9255460664582
24,31.208187179487183
21,27.841131393203078
20,25.84786281502285
60,42.6070736147527
14,14.51836327075383
40,40.89548307333703
37,41.8084392127571
38,41.045539104247936
23,26.960033011075843
72,44.990604746384335
29,47.04062340957475
59,38.81231486953415
27,33.51426006131647
42,44.64339854508981
28,37.66907984604461
26,27.759141243639203
61,43.405265925758705
25,40.99029510331712
36,23.141180438066396
38,42.5767388234886
56,39.14406952236348
32,42.53860398220451
38,41.708773845156244
39,42.335468518928536
22,19.711996786278476
24,23.05592235349166
28,39.420175090813984
76,46.61475979087268
35,37.411985605183425
40,48.27780528948411
43,48.10966936877499
49,44.512607518484366
61,53.29241262719753
44,43.10161581577884
39,40.60953647887669
61,39.97153771798583
38,39.55041514028646
57,34.39566179399438
67,38.16100876991791
31,39.23362401381118
12,35.12227746136153
37,41.56523429916121
57,38.21978434996188
30,24.705722478461038
41,37.099951059722734
44,40.999893682030454
45,46.766877524224704
54,39.63319758205841
56,31.41849039416965
63,42.82564884899247
16,33.93619544970792
22,22.208646498815796
44,36.931967028417404
23,44.82838196760739
38,42.2923551767946
33,34.15559260691914
42,43.37765115067812
56,51.59728988439493
14,37.840740729622375
45,45.88651988051323
18,39.5913045351374
40,34.20167925950051
53,31.263095281299943
53,44.85249666284474
64,34.23983756794585
49,32.68754488469078
38,41.99897068326075
34,43.460041945499434
14,34.41477417189866
27,43.46564748225807
45,43.632375920226984
18,25.5644788091597
43,45.1809840881714
58,42.69074881014376
23,23.387807473970817
17,24.09514141881913
51,39.398925710496385
18,32.96559835161144
37,50.945152656197415
43,49.057470339344206
30,43.645041410401
45,25.432206844160824
22,37.618062171212635
13,40.98173044761507
37,48.97407707294038
41,38.86336372805871
52,42.93819433010399
23,23.645836310350276
38,40.79778205826791
18,19.159436049240057
50,42.975570995486414
46,46.95373558272494
41,39.92000567760558
29,32.331595146025144
19,34.146361075468505
37,42.36853545304149
19,44.548955908831616
65,41.93150921417975
53,47.32803287581239
54,46.31883723296598
11,21.88409138621048
18,41.13657221485836
55,45.81907905280812
25,23.74657950649344
41,40.224551929306564
53,45.220864660312735
18,36.844437720528234
11,34.048541966809566
55,51.09597986764732
10,37.69120581147708
39,34.23248416570566
63,43.556441377636695
23,32.00932849665751
23,47.49787278519326
22,41.98675882944736
74,47.62422607948509
24,33.26612097234888
49,45.21410145377454
71,47.411607093804804
24,38.57661064961471
23,43.09155810411301
33,47.74766700034511
49,51.385200582692526
40,42.86269363428766
68,43.029727552701445
67,50.060464603856445
69,45.728198958553484
36,34.42457206246741
18,34.85631149379865
38,41.52892450104972
15,23.74243952947571
47,36.4959553167692
55,39.54126253532079
33,44.32839308124656
47,47.79251486085629
90,48.23715089047661
66,48.38637806834812
22,37.21591741150669
62,32.44343331099481
50,44.58964083872295
21,28.3112447481031
31,25.25587830116141
34,35.979440837390214
14,31.722380863804442
42,40.240632940121934
53,34.96569781751588
67,46.601253765707206
12,25.156115568826525
32,39.99991477718822
38,41.65487773224071
41,44.806722282329126
36,44.47945591416575
56,39.867828932039636
46,42.15595791790045
11,22.821944409437698
67,48.328268991443274
46,27.190930508957564
23,27.939076029320766
25,25.830387286861093
75,55.19482619525314
44,42.32834015816581
26,29.51314568145524
52,47.40429461074667
50,46.404944265822316
44,45.99755893820101
58,39.73083288683907
63,47.05415350936236
20,28.747737738440673
12,16.811824475049374
44,45.070594708062416
68,44.86943893358004
40,44.494478593570996
40,39.629303997094965
20,25.25776127782131
26,45.199768912258605
45,29.177892372489683
54,41.54181214571764
46,40.171213198851646
51,44.187111423707584
34,41.483240554596115
49,42.03805955801739
67,32.575885962029346
24,37.373182088692964
23,48.89363616338404
66,42.20835706362192
34,30.23254161013767
37,45.81005136615053
20,26.519505522111494
40,44.950870022260425
63,31.981075080897114
39,43.78280441597938
37,38.50640265294907
32,39.94837657333453
42,45.255922486475065
53,44.01610099549833
18,26.98440716002583
21,31.190110304102134
35,33.532268864886845
60,42.89669350241397
27,28.24801762343482
64,49.79489651046565
22,41.80910681163885
29,32.45711727437474
58,50.34431832661449
53,52.27985010262306
31,38.5547102771942
22,26.656529717196463
58,42.11973324554522
59,47.04548958088114
32,27.75599242817813
41,41.26886647354356
70,42.66619996726084
23,29.176731535194726
20,30.66510020783344
47,41.87574434813513
49,47.484569288786496
17,19.001617697372964
51,43.22054371295039
53,38.65991861818004
70,49.86261884166623
26,42.86636447270474
39,37.48886846321262
58,41.3612168964075
37,45.10497322674522
32,41.8897184394837
30,38.659075284680426
19,29.763380736735225
59,62.09735331143951
51,39.29763100233129
46,43.86479957246449
37,45.04022073370006
25,23.17533989439523
60,49.04920619756678
22,34.93043384916269
22,22.263783780782354
23,26.24126435470798
58,43.282436883922855
21,36.00271344148815
50,40.37665352603919
44,42.165795153765785
36,47.08925710316955
40,34.486042165256784
40,34.59705163607554
15,30.76467459477788
19,33.28573404729039
69,33.62029404380229
25,30.007888452352837
80,43.705821509965396
21,29.835114937189267
51,45.4354286565744
11,39.76084535450742
20,38.30705283451708
22,42.624535381595514
54,42.65752476821153
43,36.5023795192035
46,49.114825151687526
23,26.788090732759564
21,31.914568618265275
33,36.076186793655026
10,20.8275773501278
60,44.18159684271291
79,41.40312219427415
55,48.60007554737133
46,43.18546588932575
14,44.59505620427564
47,42.499928152526245
38,39.952918427057256
43,40.59014305958139
17,29.59148670352614
34,44.12216551357168
54,52.60816608517761
17,25.545477826518454
55,40.70838542141551
21,28.548291808379158
24,51.25135558464267
22,49.675461644403555
25,30.409118295301226
27,43.05863921335714
26,27.927534923506947
37,41.41376736411719
43,42.313908466775956
60,48.10131018345569
24,38.54926801464619
45,47.366082723204585
29,39.52416696365764
46,43.176904278779546
35,41.38186479667067
27,23.273134004995416
69,39.88875201045095
18,36.02164973767569
19,31.30572553560809
32,36.40119543560462
31,41.813982580959745
48,40.88179111075342
39,38.54020793355755
56,33.37015589517946
19,24.94016079664443
22,22.927355393029874
28,42.33132347037388
53,46.706591398177686
59,39.774083245799154
17,21.083940275287674
18,24.59100614546042
32,33.164221043128755
52,40.36255336903046
16,24.40944930377411
41,41.156782809245954
11,34.59812267079781
39,42.73946943952413
44,38.5374239583837
29,36.77167564617938
38,40.62630479947686
14,21.360697261671042
22,33.55529355490976
61,58.43620674978371
42,40.6495802217905
22,40.470369533411294
31,36.26200956064849
48,36.65011402877665
37,47.146878939500574
18,17.590242424242422
79,47.3060934514951
18,37.24963591854476
18,31.486463595202682
23,34.22456087018569
20,31.464971065722057
33,37.53098362656846
40,51.140597192062934
40,32.42184030656967
37,42.134894740811
53,41.13270682846853
12,34.953462522763886
44,44.1557874318446
47,49.002729814901116
11,38.03699106358502
40,40.98497595423773
21,30.303523186492097
40,42.66345739522287
59,39.34137611480098
62,45.79899037027083
30,44.00142124008266
38,43.33314921557396
30,35.30732502053639
11,32.87092876999466
18,34.18025699986567
33,36.17765201175679
25,31.053369561528804
55,36.32930531378334
43,42.288481646468796
34,38.63525664883834
42,44.346083128098826
42,42.63755302420827
40,46.953447617845306
72,47.70869362722894
60,46.259925768760375
43,46.828523807613536
28,27.670934787313804
32,42.74177153899417
53,43.543768839193916
65,43.06153040727872
65,50.17533981171635
20,26.20468365447513
44,48.84510041950852
63,44.03310708974672
54,46.396994321435294
35,39.729908083275625
26,40.280246605631824
26,35.59160552739301
52,41.21709425948136
34,47.86431927101545
33,36.70730661794857
37,48.370750464259594
35,46.83706123688743
23,33.819800541087645
52,48.77702496872098
12,31.15965961237599
37,43.61356251169269
45,42.93717449397482
17,24.572890138334607
53,46.20177990356209
25,40.400373305558865
52,34.79643208492979
24,47.65230010695568
18,39.46322171482267
50,35.71013662382113
24,36.26244787880447
44,42.767805497639664
68,37.964089670464645
47,53.49247876648665
63,45.32682266566654
40,43.01266408101436
33,43.40429428612816
43,40.94737589165221
38,36.09711563582089
39,44.14269527489951
24,44.802337871393505
63,50.5726370804427
19,29.04934851140313
67,49.20044625949894
40,38.263308995570604
13,33.15465128433172
38,41.589627866676686
29,39.372182975818404
43,44.08635986319586
55,44.20409135817026
62,43.50878584154068
33,34.680571754365886
31,28.44898097697157
48,24.28253456592869
34,31.975843397484827
23,24.22238262001054
47,43.5013068790665
58,48.76658168183953
49,44.06077541110783
24,45.162881872739206
18,24.883938016378476
35,47.917730087849584
64,49.137901542974134
64,42.019129457748804
59,44.146391926274475
25,32.3567390346994
20,27.835112773640688
33,40.559677277219535
18,35.21851980103763
21,39.64704568222671
17,28.38645332927315
55,45.212183012997
13,36.39331615294361
38,39.977993869349156
67,44.16553312151626
11,36.52954714688231
61,41.79375170148201
30,52.9863362063817
62,54.550337771214984
31,31.55653841473125
41,42.781371561868035
44,38.47238712537788
59,38.38663830597882
33,42.047481489676
24,26.303635581951013
25,33.93069812515546
33,41.67946190260254
47,36.3783405413502
20,25.622971815787555
79,63.559802546500826
56,46.0379951557608
36,37.69295081758189
55,40.63578401508468
59,48.226024594245416
34,29.56293921076463
10,32.151085956177475
34,44.37988145898547
50,43.75848213574684
53,42.0785425625444
49,46.793001993991496
42,35.603232968592785
58,33.0448812102094
73,46.108321905538034
34,27.842690467983076
40,42.90598246854545
62,38.605610659188855
10,36.933958971454246
19,30.516030202936534
49,32.61397257193682
41,35.516364061566854
31,23.70263751840188
12,24.25294337893529
53,37.326167964171674
31,36.37732489742984
23,50.96452655826487
52,38.82752898954051
47,38.04068466311855
20,35.421690448266574
50,43.50357816564815
12,13.897380010777857
45,26.709815953071907
27,36.96991295357505
71,45.81289989116813
60,47.27855774908565
53,50.51860937957095
22,38.12860073534855
19,35.639432989804746
31,39.73371283875238
63,48.338994445692535
17,22.66208362956653
38,42.209694432875686
37,41.29797817181318
42,37.73601991267519
71,48.25030908693906
29,46.20466341120637
43,49.50645540074703
22,51.60882473290108
59,43.077798738205594
51,34.647385676522205
63,41.861112707917854
65,43.093605256848114
23,47.760445980502844
33,44.11220042193434
21,29.874794213033134
40,55.1039464406843
21,39.871092921609836
57,47.525870009059126
16,36.24484745761953
62,51.12156324823062
58,38.49747988948408
61,42.30343164152747
56,33.45202079523132
16,26.03854284308428
40,43.32479156641086
53,47.17584123629188
26,49.25357559282092
19,36.83944742831354
37,42.70606847184094
12,30.540082867041182
41,37.88829878187865
12,13.931585664128608
14,22.172912419154454
11,41.47866918110181
36,39.85421997179342
39,41.713411549279144
13,20.164649565322804
66,44.03126641834985
49,24.76205323923748
33,23.361666666666668
63,61.580123466313715
30,46.4816863054838
49,46.87450717604244
44,44.20671900967819
41,46.38763644775593
47,32.83318872119633
17,24.563265192966515
28,46.246641000638895
13,25.880993816334357
61,43.93189116979328
19,26.541563509636667
49,33.3147392469578
20,34.02964905081238
30,38.53169442469023
50,40.84387759718755
13,16.154056550906223
45,44.41617241861204
55,57.591993517662246
22,31.42302670260146
31,43.14543917813146
19,45.627070060250624
29,33.49122945819346
29,29.551883188295456
35,37.77068101268952
24,39.12771982766407
34,52.02947658813136
48,40.02497080377122
22,40.64857009202652
47,37.07113427505152
22,36.5247978800737
56,51.610230091688976
51,43.22767790781413
52,44.62110938448771
16,15.45070987884282
43,33.537343639141916
39,35.07423768762941
50,43.927921424947044
26,42.3606836950153
58,50.045422724464906
42,45.461591654399946
68,45.73861920325388
11,29.82734185070878
27,48.86271685096647
68,52.60262338140079
29,34.237533759680844
26,42.82905216118472
45,30.565289674502118
16,20.415278129898933
10,32.279488045194654
37,41.57862264179523
58,32.53844478070881
70,51.565846897254424
21,42.72845069556262
42,31.220841278664135
36,39.8454059198521
35,47.01244732454714
21,48.527669586352516
19,35.971303234845834
58,53.33674685588088
22,34.71002319566122
70,50.87337789640966
27,23.83510226472874
27,38.231177272311555
32,41.45857778786571
37,44.1483576231817
30,35.49403109849656
60,61.33682705292143
11,40.26003782479914
15,35.85255657648341
10,40.12015519503817
40,35.83246444032148
34,35.79616583712416
79,45.71920576211047
32,45.547480855251926
62,48.573400992962334
46,41.64576701679145
26,30.212413679787975
39,36.16581743633364
15,26.679325885154395
48,43.79759490167796
13,32.24431617934902
25,45.09151044297254
54,47.562360569034496
59,46.63969409704187
46,43.56614425714912
44,45.051272213139285
47,41.935232990636656
47,28.430967405902642
30,42.00499007852182
21,13.868376449003252
54,48.366626673601665
40,47.213382578230245
30,39.892685374151704
19,32.28455138014208
32,32.76359816571967
73,51.78145110139541
45,47.77305002363656
30,41.87108010011658
63,35.08807436996364
68,46.329767150764454
40,41.18037609105393
20,35.27188034264607
31,54.42496017597731
51,42.01489694530028
38,32.93815060001069
27,35.87282223274371
32,35.5413497039544
45,41.50172990380076
22,43.73796017506002
26,42.976679538644106
45,44.57463706812071
52,49.42664830116495
24,43.415862623594066
45,40.49804521696095
25,24.6705427393549
11,18.456586684293494
44,34.138499820649436
30,34.00439784054211
21,48.3742330317393
51,41.980806675723755
41,46.38723304240467
34,41.13466538581614
69,43.634994741230784
50,50.61120743616216
19,36.28838582308574
45,43.597014122841614
24,43.25430573649493
23,42.50335306384867
31,43.58086594261051
46,19.31001236996431
69,57.627084053004864
20,33.362824414292184
57,40.79833924118347
54,50.82937985134372
33,29.515243287102646
60,50.50411290455846
31,41.786925348995595
41,44.171767032884226
39,42.40512997347535
25,35.69534287204029
23,35.95188810684277
21,22.491865787883793
48,41.804784054681505
36,41.770426573903066
23,29.33536121771517
50,41.72866700202923
20,25.200204173298193
36,40.955908247597655
46,40.616720432423215
45,44.0397310645822
35,39.02501358720578
28,40.74692313134091
58,35.90025547964341
20,36.45464634666384
53,44.1375710855905
26,41.9702278415596
51,27.346903571604454
23,28.65532756812005
26,24.200847496838147
24,36.714851780109484
20,43.161380279780715
28,38.20540442504114
40,37.728044723405006
43,43.35908098510604
19,36.62582820575889
18,34.496671357203596
13,19.613200814651933
46,43.91963963701357
31,37.31010639558763
37,42.815354342315594
57,42.10244013303106
50,46.612347691835055
28,42.55865764879572
20,35.98237831962495
58,43.546083098693046
