y_true,y_pred
35,56.99391109018291
23,31.822875970906775
44,34.268658882082526
35,41.95952483354666
57,50.886202273644834
23,41.54876414693304
31,42.35937699918102
18,35.21663730370779
39,39.12668034447527
57,44.511582492504466
23,27.343304242901535
13,14.606923371563642
59,51.867131259262216
48,44.96892740380112
24,23.484594279844195
47,42.375086178258954
16,21.027501649602485
16,30.91393649748452
23,41.51591201529533
65,54.971033031593734
54,31.202759395463648
48,53.21046226745008
20,27.571671495602967
75,45.24344087685471
25,33.140493240454056
23,34.67530679894203
44,46.58588917750674
46,44.6576605165281
58,40.238372585930655
82,46.725797198694174
47,51.66910059002849
10,30.509225710855095
56,34.18251349187187
49,43.81712587241399
18,20.190814799550047
63,41.1460633392601
23,28.156806882273546
44,42.21116424721719
54,48.97224388751738
18,32.819203141579344
43,44.856161858728235
38,41.74270975554445
50,43.42935761096238
22,35.075291145998555
60,42.67682107846078
14,22.88094115514156
41,42.19316670488033
64,34.44881339080267
21,33.67447688349867
22,45.02905315646089
52,43.98410687432534
60,43.46093723259414
54,46.68866644725176
47,49.719433055652196
25,29.481548014364467
60,47.32494180690248
41,40.11684884897993
35,48.07975149370256
24,35.323325851151786
44,37.45284974293526
54,40.17059028948325
71,43.54930117080654
63,41.47010781823074
49,41.26147141819929
27,41.13948832593782
24,50.13332749924032
38,37.50093365772784
24,16.57825060065376
30,35.90784314468185
29,45.690205227824066
31,37.85523081022526
38,35.43859274641125
47,38.489969017735106
58,46.1946218354744
24,35.17090345164525
74,68.0444791506893
10,27.491286996220648
60,59.48444924781786
18,32.434572163804845
12,32.75498472123788
55,41.252920382005065
64,28.84155760100184
17,17.45923320122999
43,45.7145295268982
50,34.01619793599891
56,41.95263006670013
27,41.495831204470726
12,27.66572616045561
42,34.493185958525885
53,52.819025585597316
18,22.633191363887768
30,34.32371741833262
16,39.85616656930099
40,45.43676932794574
78,48.47213875341121
20,41.00666129463271
34,28.717851160804035
37,40.59338611858604
49,53.351734016266036
64,51.75297814628765
49,40.959327440350755
59,47.54529955043037
41,39.324351637090416
43,48.38513605005323
43,42.358402299395586
58,40.88064075956804
53,45.172551456628206
19,26.36229085022192
21,28.512721858190538
50,38.338896602915334
24,43.83619196329447
58,48.04779353943136
68,48.8368572767777
24,39.64928774078209
43,50.70833078532589
26,41.64846373822256
54,48.890191983451686
25,35.4918833142261
35,40.43126693495764
44,40.47650571108398
25,35.14257013656344
29,33.650162931333895
41,38.83230800377401
35,46.91272644993653
47,49.43100935943393
34,48.217414286644036
18,38.899742775565045
31,40.93773743896636
27,39.73309909071855
35,46.09450370943646
22,24.79128472215658
21,31.607257692412063
48,36.93572443392383
24,24.16745190533017
45,49.174757562597925
10,38.56930900364755
76,48.9448305757073
22,28.252431942970794
76,42.50319680407135
49,45.67371870105129
36,45.367332867743265
29,47.173814586073775
15,37.551312559028
37,42.85610556184166
14,33.05919930659662
42,36.362973391050275
36,39.6625389704756
35,40.512259694133405
22,38.19846804420587
65,41.546819020874636
38,43.43750922594943
43,31.659994067777358
60,39.41151386475785
36,27.973993187267432
72,43.625539266463996
50,27.984328132109223
48,39.67845869526228
65,49.68216562726522
54,35.75148350529546
22,32.37649644332484
42,41.72315293292147
23,42.691708878231005
58,52.88082140982448
26,46.89366667057886
17,35.46228407614406
79,53.283816592882324
40,43.52613323895464
14,36.16750664649217
72,42.37384273373176
52,39.386466558142246
27,41.02614680135992
33,39.87933640638308
13,14.610162785538227
31,36.70219787154726
37,48.25390261571608
49,35.78764419679278
23,50.79250031264558
43,39.6028659480615
51,40.75320194588775
24,31.913216941113063
47,45.735702017000655
32,46.81710689400035
14,21.596603764623914
32,35.393432042230344
11,33.00592077690103
17,16.74196916308439
29,33.68565615882753
74,56.85866718805394
19,49.932285095801134
65,46.58660368139237
10,18.910913053143723
61,43.89061270305373
20,42.713204719363546
32,26.274085338750577
22,30.880163329302885
25,48.146258546190246
67,50.399420745231424
20,34.34633922659179
71,42.42994204329036
20,30.180208432730275
12,37.46999658858053
73,27.99442992085868
55,51.36028603760487
13,30.57866467317105
67,44.09072130227524
42,47.92906522531084
63,38.87971692482687
40,37.78572408108374
32,41.57081176826494
40,37.22275941150457
17,24.937710545191322
72,43.97310446794436
59,44.03234980578513
21,33.884310786559155
66,48.225123148531935
66,46.0289658961867
21,40.10374821143102
13,38.251813530691464
45,46.381098090356765
70,35.02069584586175
74,39.4420766216989
46,42.71025786237488
72,47.21814733082559
29,34.22332686937199
73,45.13909175099992
47,43.70387063249911
47,46.38656178937552
53,37.96760676914821
60,56.8500853902854
27,41.490150768554116
29,31.38445133768353
40,45.02468082563012
42,32.602801318301765
50,42.60318804529343
44,47.956979641259004
24,39.38102361480673
58,52.935012725343924
14,32.036845910684285
52,54.99799115010985
29,47.05192597760331
40,35.38547054480075
22,23.81064618606204
44,42.212915261785184
17,40.797749786892034
57,42.1903683655075
23,24.749950866071426
50,38.899505641109265
57,41.897189470882786
79,54.14304310279997
10,21.021864216033414
10,27.9108860267601
16,26.3514360375686
53,44.336312326153774
12,14.272454900428034
50,40.55759430065284
51,38.62657571645357
48,39.84261274270815
34,37.258202905502976
20,43.67565065432423
47,47.39726857047146
77,53.98922719495615
24,36.014227882950934
32,33.92503511621793
41,42.31146129929795
62,52.5012892910021
39,49.5821189653586
43,35.036205593166045
46,42.88575659693597
55,49.3972960490434
50,38.61692686227412
21,43.957519940700905
19,46.91104918826626
38,45.969161085536214
69,42.88323825379644
19,23.83200704079259
75,54.12357460413402
21,32.940989601164894
73,38.87031849174607
54,44.47536256558946
43,37.11465495526988
22,18.294967888745678
38,38.765080404226055
30,43.24489321230425
12,34.27643293307906
29,31.398635692529957
27,39.17153932727004
45,41.16987228036342
26,32.73236043467896
31,35.6964620021292
53,44.33775651310596
49,45.67030043589834
80,44.42251426807524
71,30.988359927533775
30,33.74454162384127
36,45.290460065262984
38,35.7680740732894
50,44.2915727913972
45,40.94860958011551
57,34.002943749155115
46,45.92616080383582
15,52.12162292436126
17,22.74812658458117
77,44.666392603597735
50,42.74314983330569
59,49.34276994381602
23,25.998767845158312
12,18.539767940102738
56,42.761610260019445
13,39.43405852434448
27,45.18961085475107
58,35.04041047937783
36,41.849720370455685
25,27.02883166764726
44,46.62047209684157
43,40.0729354034559
45,27.90644291814023
45,44.124496384907964
64,38.209098488952264
22,36.51955954083096
67,47.75012907334946
18,29.422807148122384
59,43.54577728025837
16,20.39919753175268
24,35.856046362625364
70,37.86783842556186
12,31.70270867715953
21,26.070297319456504
26,50.154179108505566
47,41.76642842646282
33,50.714692312316565
75,46.14049765626857
65,48.53974122205815
24,35.76293960538167
42,51.383563523052274
67,47.06215083596424
52,36.667622358750094
51,40.5627785169113
42,37.27750110732748
34,40.76721382380113
16,23.807726537498926
53,39.142165829138726
63,38.151165171662
39,41.9482724346733
20,39.45589723119267
53,38.252732427778604
42,34.96175084573937
10,29.158869284116022
54,48.339127490138544
56,53.571435390927206
11,26.754562926715185
20,37.97726307101031
41,44.5778476846767
48,36.74105591109919
42,49.92066448155079
29,32.70048951718799
73,42.088411608470714
32,42.91471958881457
50,50.40573280279072
36,42.176908759599016
68,39.08255162154809
51,40.92952387435968
38,40.99212693567152
65,44.45798044139997
34,43.4627949548386
40,34.6182636615703
46,43.715252908981505
52,44.9013054981226
21,27.254037393114935
20,38.21525002119629
16,37.81178031990078
13,23.93282182869717
37,36.05067052906284
51,49.76451416248203
12,21.575563936948946
10,35.832895618851786
52,19.807462215586312
47,45.028674465685725
20,37.944722621856585
35,40.7778073569383
18,41.43720278687084
57,46.06875107051344
45,45.29897048160896
58,43.99609917326501
18,40.84806179768809
27,27.581397332531477
19,36.87016296649751
59,47.846662259696494
66,34.487202959436935
33,41.41274155043486
23,37.56754504316019
41,37.594331255732925
63,46.32690980651472
100,50.284821218385986
42,42.27045502029286
52,47.37690132637617
42,43.99709541270073
79,46.95964853966276
48,50.71962364634302
53,47.354737380309025
14,25.957667338415764
45,39.95954606258864
29,42.65510417116786
48,38.37637921116059
41,44.63500165676509
46,40.98261471422406
27,41.97541922872628
33,32.92797178762312
41,45.62714609835125
55,45.542513468427885
49,40.028575549089325
64,46.798642687602744
27,42.889008728364324
16,24.160561097014124
37,32.63422225951811
32,44.8241099754799
33,46.78300089906951
18,17.19194446683917
48,36.00401333290658
39,30.130559212167835
35,43.087246668342466
46,48.894303514803234
82,38.5850010588254
25,45.882157709863314
29,26.951251460358318
23,41.91801292104988
31,36.37864142946094
44,49.60548110204865
27,33.689457179675166
58,61.71122346337467
25,35.5021329644583
17,38.352928715063555
34,35.440310612182905
48,34.90921340132597
51,40.490778433160564
36,38.41750841297222
30,38.64883851485909
18,26.314484468766455
45,45.54165731405095
32,46.34114154761946
44,40.619076052962534
10,21.21931266331746
14,54.742307887270535
20,47.66993566257245
58,36.464498150926815
48,36.12095333538056
32,45.78571934079635
32,21.747093532304874
22,24.25596245308383
23,33.81834098146491
52,51.852285549008684
39,44.88440218210439
21,30.599794537686215
20,24.163951269861446
66,44.27323951297057
38,44.55095979065208
55,39.096166279247214
28,36.025790783858554
42,41.7077003826042
61,43.29908729983413
15,25.62423063420562
61,47.674542140772786
73,42.11925776600058
42,42.15608289975029
23,16.84335062718394
43,36.9996249619549
25,45.560769199862754
32,42.01207840446868
16,18.18201692472122
44,31.92119792204363
45,44.979744974096086
50,42.67401475665852
38,42.711355917344925
54,42.21382872592079
43,42.7866387956043
35,40.890558893684926
10,42.47118280714227
51,36.58556243955156
50,42.32065389506697
20,39.50727084149502
19,28.071938536254244
26,40.13819109385741
43,29.596048738635176
39,41.07459198115249
18,39.275146114748345
27,36.432995130406546
26,43.71197764778808
42,43.5006068174893
64,41.24741474839187
24,25.976659737073707
65,39.204369707756626
45,43.10525844726151
64,48.254444894013275
30,47.911511744219936
51,40.31408055770208
38,37.26947027558613
40,35.84696509303767
75,50.27889542906906
32,45.30130886102095
45,41.32222911106061
22,39.93341662285468
40,43.64744909264495
20,30.904433110959303
39,42.65060573347608
36,35.29443407249743
62,49.417461011004995
24,43.82019729009244
35,43.550067722118285
41,44.93584202480292
36,39.881082052589285
17,25.70297666156952
18,36.03634885229953
52,45.23607383980734
21,35.54983570142386
61,46.2260087185068
43,32.08955907852706
66,45.688112797661695
58,28.857430498281268
42,44.65119707746493
26,46.13874366624902
32,36.961467392324586
44,43.652642562183956
28,31.69888336745883
18,26.097449243887855
44,39.59207439554869
33,33.966044506292576
41,47.56089793845996
60,48.44807859212535
52,36.51539026009178
42,41.06950901373805
72,47.37898598309709
48,44.42041525198002
20,36.19233024390793
47,32.868943579876415
31,34.4278096175645
35,44.02402279237998
75,49.033259293624106
23,41.557633863284636
51,51.28745701483902
68,40.836315221184776
37,46.682049311790706
69,33.3628292661281
11,25.500982953185424
39,37.85140561028271
27,37.702286884390745
16,26.196267638650287
16,30.177829399075723
46,43.34859701596329
50,31.11680940752859
18,40.80194738109183
41,44.13836473093352
32,41.09282226238328
61,51.73549388843334
10,20.444111090550432
14,29.986247565610125
32,38.588389554372476
32,45.113981806904995
42,37.9108397769894
32,30.67575701384075
20,38.454436629410395
49,43.62015301141387
42,41.335914430789956
41,33.25112950501824
17,41.53106840902813
20,31.76089678321565
54,44.26780362401798
20,27.45415681170102
38,46.468574648377455
26,42.442542604644274
24,31.011410312179922
17,32.12327762917636
42,43.19211050341424
26,36.740802109759585
41,34.775457066825915
68,45.11166326221652
54,32.59367483216575
36,43.88934117493022
22,32.61294650764993
48,41.63583379642178
34,48.64231920397277
67,47.4509741404594
65,50.47111060409094
57,36.81881093848755
63,43.458628436342416
31,37.677341239887426
74,46.79491917714039
33,39.911379884810465
56,42.36058716784777
50,47.56189072000462
14,15.098188391718029
48,41.763942323138835
49,50.383843461468565
19,32.79477367566353
76,45.55955359142713
26,45.436960586116754
44,45.70655916797668
33,41.207377796378516
21,25.77649172071568
22,31.697987235708673
62,57.20969070580154
37,40.20776244296832
65,48.127289995239614
21,22.374974951635327
40,44.98293256517545
46,39.51699222136419
59,39.35215395793615
60,51.543355006708055
68,43.26645213097205
20,27.788391606787954
44,33.45563419303023
43,47.217835988788636
15,34.62338464034609
53,37.004861530598866
44,50.11432246669926
55,43.14904725407706
34,47.156139414804656
51,38.519229835916356
54,29.21873288836861
64,44.137406696362135
54,44.782353035101124
27,37.55037502772457
50,37.66423892870072
28,46.38279873249757
53,43.34521333386654
64,27.405006649251256
55,48.032713080771565
70,43.21653669641816
56,36.07245189352015
15,33.44416247390397
40,43.265682962797584
51,48.248763330688135
59,42.70948704911159
50,43.51432997667881
38,42.58690865240239
60,38.06882654044064
66,41.394945468847276
54,49.96884239983106
39,41.48186711438618
22,31.616246438874057
19,24.455722386095495
55,31.076035220931686
15,34.59740059732752
39,43.377808336594434
62,41.882891687141836
62,38.5012847766189
58,43.087090444086655
24,23.53324863433204
28,40.66663913192855
66,48.35742358406741
62,51.138256334292166
39,40.62473724779889
48,37.24060540859588
29,37.51440641937702
22,43.900763504409355
30,40.23012709940746
37,40.71834499956418
22,29.404027237256827
15,37.4646004646449
47,38.968744150743944
57,51.94341477226387
28,36.133525180979085
23,36.31561260512841
53,30.04650497607141
54,39.25583440780874
47,42.71692751333797
43,36.088607317480495
60,36.720881697606934
25,24.137758457699697
24,22.225963194860565
11,26.876003374901714
64,39.61693077463395
29,42.785995242407616
21,39.444996210778015
13,16.26792932504481
38,42.90549139979757
58,55.65601409751866
35,44.02532700950741
55,44.903429810334
16,35.61138645936573
48,42.01198045488519
41,36.30904746478636
66,50.349581122934914
54,34.36139021789481
86,46.57204260503778
43,42.25783126047885
42,45.043951463481626
45,43.29123895112005
19,34.22516883328498
42,36.11457058352116
49,34.5113228215096
20,35.78528033177303
38,36.482005829720514
60,38.37064506012952
52,39.39645566454473
47,51.60648587969471
46,43.66252267551534
34,42.91764610161226
28,34.52657086159843
34,44.100781012264825
10,37.36099653617829
51,42.79434607442846
35,40.78911749361519
79,50.485153495478755
26,41.02470569771675
15,35.05026796754574
22,39.793057486931126
51,36.03597719973666
30,39.72008531078949
79,50.88327591994771
30,32.03931459508831
45,27.258884707055493
20,22.04018762783387
21,24.99634290997185
63,33.9281868809084
66,41.83348719638379
46,46.85354047509857
21,21.91002847597126
45,41.95841350113864
53,46.70958987615036
50,38.27097254589337
25,37.49404675561093
20,36.50768984747336
20,40.496037119474316
25,33.012229926121066
23,27.438172924145356
18,30.43053495484495
43,40.44990260850969
63,47.67582507041252
17,35.33611857760913
49,44.491523315038506
21,23.799404743865185
30,43.35591707940092
20,36.49856266521901
21,30.61624776210438
44,33.57865459663632
71,59.774154588681405
21,40.31815857232654
47,42.952054542390016
23,26.815914380663877
35,32.5416899384385
25,43.26382512575498
31,30.526262291650813
47,36.319166422026775
56,45.952824383081776
58,42.54846747537869
31,37.413547484225994
57,44.53730085962668
12,27.12093982802173
11,26.621205298881833
21,34.151364632166256
36,28.081254062054395
71,35.303233041722095
34,38.109523392813585
40,45.09235370699661
66,38.61183791822974
29,33.99432738699463
34,36.1710982913509
50,32.562937323784716
23,36.10026612587536
27,39.35293729983561
49,33.0577786793301
35,27.501985330812186
64,48.47595861613308
36,42.37987272754363
55,43.18601760656388
20,44.53355065213588
84,53.42608736811304
32,37.09134575594347
31,33.67596218473286
41,41.02218644305891
31,37.27715226891917
25,31.607885422213545
19,39.3704195029402
78,38.82726156923607
36,43.287842050879796
23,46.577353549673454
59,43.044829022254945
30,41.12912450961353
16,35.53943213313198
49,50.155711939263135
55,43.41385699056979
38,41.73449653608136
41,46.856606148728744
30,47.8343364901196
46,35.146282444752295
64,44.2539569161556
22,35.869726135504315
22,39.8417412395992
60,43.68438338899319
37,42.623593216732914
45,42.6514148723393
41,49.451020107442275
45,34.30834228317639
49,50.1508928827033
55,44.67999196105134
59,43.07751318655948
59,46.88892379315857
53,48.2469125302931
73,48.32592629437739
11,46.03356015401894
40,50.70986742136695
54,40.26129301519195
68,48.58782670102155
39,40.81382659796911
38,45.729048465157696
50,42.807664384767385
51,39.0893850014794
37,37.94011820272196
45,40.40979342685472
37,43.432571704817704
26,51.0552706023432
25,37.33687614332788
36,40.53786940698814
19,42.11314030941236
41,44.8707305129564
25,41.62163948044173
36,42.98853361315733
33,26.212990193043964
57,49.8002023888628
50,44.98628006063252
37,42.91969911909123
27,38.717350398455466
45,43.330467780394955
44,35.74377009409388
64,48.964596516787175
31,33.76960339296184
19,33.34872572487702
22,40.4368435099151
36,43.11400912462072
30,24.316611246275627
18,30.724732871184994
37,47.400414339352146
75,54.4519611885156
35,36.52355428369057
68,40.51385271243362
65,43.29129865430679
63,48.52134634205097
22,29.967405591748292
19,31.215584234468807
10,32.080951446605575
54,38.86398429704548
45,48.04769610728906
59,49.13660448901217
77,50.83967340306513
28,48.04252324549592
28,36.409987310082485
60,41.424576827667664
20,26.28621965173694
50,47.07080005124446
58,50.38035102900718
45,34.34678141172884
44,39.31600788861933
21,28.5528554698246
58,50.63738046408704
67,44.069291878085096
54,40.85912460536147
25,26.095440035085456
53,34.434591876703415
34,43.477141727560394
44,41.311619514951275
44,42.908364119500355
73,53.62113633366543
55,47.84478474974549
55,34.24166317697904
54,40.18311054876834
22,23.788150703455866
54,45.37116045381484
28,40.09236977819005
12,20.587787922805163
51,32.17695024564401
48,44.32604048217181
31,39.3770251453084
23,22.2063594074263
28,42.79089263586409
31,41.86691586390182
81,53.089463949234165
21,22.671839910072272
28,41.69814701471063
19,41.09299197259575
22,27.05936206566867
24,26.90882225151821
68,42.20546849910926
44,51.48337121895709
19,30.919647647638158
59,59.44186458183598
24,38.86923507023644
21,32.72931253870874
16,31.156297230614722
58,45.51341268152458
22,30.34081874304828
24,43.018131302616446
43,41.36723580743201
20,21.64948705498191
35,34.463138853756085
16,47.88158416605655
27,34.47891419066666
26,22.81219116309809
19,43.985811886125695
53,31.64151487634108
10,42.24498714074599
57,48.00179880275647
46,35.06360970976555
60,37.88889901132541
20,31.28576162563437
29,40.22086087351707
23,37.29164199305651
44,47.633322217697206
36,32.41621323023887
27,30.057887603452514
55,40.049872028608775
51,45.21763161870565
56,42.311072292873085
27,40.003122602280264
54,35.77516411776748
16,24.491766514325008
33,34.16508350153234
35,35.07142990546254
62,46.598992606596305
46,46.438153196657304
58,44.69355381634909
40,38.89787954791022
74,49.24304038519315
50,45.17377052569203
32,41.43970786034875
22,32.23039439436836
34,44.00785414917261
31,27.180013807610518
36,43.24103826464375
23,29.34799183625864
23,42.25736334261139
40,42.473485789268636
34,29.43620103539728
46,43.903285518269975
21,37.8755142022737
32,38.69986796470515
37,41.22302946228031
66,50.81100707636372
88,55.45250518289194
58,37.1767019044246
53,44.93716073757615
17,22.676180264843143
23,23.165551789775506
55,38.83444527571358
13,50.56800769307233
65,54.27798670212194
52,48.542864618293045
54,45.4282868417868
35,46.15256754148677
68,41.881010881434
20,28.337072449499534
23,41.69400187652137
54,46.13801614726196
56,40.76895398157911
71,47.09523259803199
11,22.73954424358086
62,37.24774815406528
23,21.1868583974505
23,27.070593752345268
71,54.6100204369192
16,43.188417087695235
20,32.205195653954526
36,42.90989447850227
51,49.16502263072565
40,43.747442332197096
45,40.04981870468587
50,42.23863573312623
67,43.60571008927698
41,19.58494795363715
54,48.581830478642686
41,44.51521504406969
63,45.95966984632818
20,33.10950660088769
22,29.505983248286906
11,25.878856685828982
21,29.399601456102054
60,44.84956431490622
44,42.88959474389346
22,31.533594109601378
53,40.67026575768941
26,36.5609218529443
46,37.61187663923152
40,42.86034670998775
32,42.7368641436152
36,45.95821826721672
47,33.734947041275234
57,58.14326457014691
54,50.508699795323395
33,34.4818676330172
46,42.57526378254019
54,42.25518463869799
44,43.27811579334773
18,19.845011834078147
45,42.11768489541069
60,41.49453163153821
19,26.73819901616603
22,40.955269456699284
32,46.386763063512035
49,36.97275449685932
20,27.600330406471986
32,45.02159747702434
32,32.4703052436859
62,33.30887257237909
47,45.99391689335322
25,39.709724312508946
18,35.33612936360088
20,34.564740510979945
45,26.192977813174636
19,42.050542361244645
20,36.65844951249987
40,41.547648935651296
27,24.432934290108605
19,25.730772112399446
37,39.3275151083229
45,45.73827238536337
50,55.260836832823216
50,37.26665909554639
41,43.36858151773039
41,35.895058742929166
57,41.41257272034551
25,35.029040228898445
46,50.47714586639346
35,53.60760756010277
61,39.53148471021048
49,39.95246421936414
46,52.76285017374878
41,40.614378047740786
36,43.165945500391025
44,39.372661397451154
42,35.67802700529042
14,28.688285057866654
58,36.13417528702545
21,39.82539323547137
66,52.335008499760846
19,33.48816745297919
45,34.26794712726191
19,20.334316630829335
56,43.74300602150164
45,40.461203203790376
51,42.976865127503004
59,50.29026613922666
65,42.633237416069235
30,35.291338813538
21,35.5626926025973
21,36.10815922479804
53,45.21381318860138
44,38.22598663599971
13,15.66123595737182
60,51.46791149229964
48,38.65307443214867
37,43.39040337097839
32,37.49389063416577
26,33.500513647888226
40,49.4440218926364
64,43.818144586198784
22,31.660477520846563
11,28.204077538725837
22,26.849421150747986
70,46.316805139316685
20,20.631276161195625
59,51.86462423909793
63,37.93155849178123
78,52.08784942019733
41,40.21251790939387
74,40.03595309299618
51,45.74789579153162
29,34.253375359896225
28,28.32102565153968
37,28.391678645318972
31,37.41112789126303
31,33.57737274632844
41,43.093189647248664
33,37.02737659531406
23,30.920962649262147
37,41.57374334063541
55,49.715815281299875
59,42.98016914352379
37,46.00368610709308
21,22.16962158526504
46,49.34189549365502
60,47.81336011383665
52,35.14485885745527
39,37.24723546923155
62,42.40312455567991
43,43.133450927875785
44,41.09183429953821
34,38.38956174322775
44,43.925311473287366
47,43.082707635227564
32,47.676198780794785
23,39.15832248763142
53,48.555426841159885
14,39.6681231995941
20,23.386753796350096
45,50.500339351951546
45,41.95964151427801
66,46.95799430099727
31,46.207458009105
50,45.4468364138783
38,43.889016565116655
47,44.20922078880747
35,43.35979430245139
24,39.63045850668915
22,40.07013173979826
64,46.4568452984549
23,41.03005145338849
25,42.384851611012465
47,44.90452139852504
54,40.11056289952039
73,45.209642053154866
42,33.60572279461877
29,40.772554614533746
58,38.916335473196526
29,40.06051708146759
37,41.9321279633328
49,47.3182454701479
70,47.42942854856412
38,43.4982013164675
39,43.79265672448301
25,38.45424176552808
68,37.13176372726161
45,47.03003909074879
40,41.6940403551251
20,37.16220216316178
53,52.32616590577916
15,37.713425183387336
20,23.011198800819837
43,48.86660712936314
24,45.813159131376864
39,37.83480946961113
49,45.941876412026566
61,42.96007987352942
68,43.208891726901356
41,32.239007748604635
76,51.02415600848608
21,22.13689352532758
61,46.134855018479065
51,39.54363897321139
20,45.8506277913093
59,49.82791990199414
39,44.925191908332145
23,45.02514114130632
42,34.20920141805054
48,41.724625662405806
56,40.474071357132345
50,46.84835100413348
49,44.81662048293358
31,24.837710209359813
63,36.213986111572844
44,48.76210622466728
48,33.701057584581626
45,37.35645973172944
17,23.405319876561713
61,52.930184389455796
26,42.15556449817886
23,17.988880714658876
23,43.03583462998722
41,38.953619686527816
41,45.522576467543104
33,42.368264117860825
25,18.717829159400544
25,37.44842975888858
24,30.40269066056197
21,36.53297877686914
55,43.376285126009826
18,29.102306591182032
60,48.11244441031626
49,35.39516207688553
49,17.930628755101857
24,34.93151268275207
25,39.69195284817058
45,50.13486327266601
44,37.80631099760732
68,43.23657763416171
18,26.045698625240156
31,45.20516658878698
27,23.3851229132516
54,39.29640395525465
22,24.73920406675896
31,37.833921660096564
21,36.657903798117914
43,43.0844700936484
43,47.98141397717712
11,20.668962331773546
13,17.369828627893845
55,42.07585893705176
16,27.040487105749982
42,45.69431734295187
33,42.73017215061137
56,45.77327613552676
35,36.935720526006996
21,23.091472662623328
21,29.601038773199143
30,43.54892062088113
43,43.24350143527905
32,40.91383139616516
40,45.297498208549996
47,32.44240791441039
55,33.88716447794267
58,34.77739589626432
11,28.463176763753516
44,54.02574694606008
47,45.3661404474529
24,36.36187524152205
52,45.82844474196796
76,40.9311167437493
38,45.082020671900324
67,35.06343134903687
25,20.244957346800508
55,44.348539250081245
55,43.67770171245648
51,52.76046117458626
35,39.30739798240767
14,29.868965929240733
57,37.686618372807814
39,37.45357164149544
41,47.63629990996355
44,32.50610429601124
27,33.598947127990996
22,34.23789864293579
18,26.113409040874554
25,31.615062615241104
49,41.24829944386131
44,34.88851742670803
11,40.27109055504276
57,39.518087182662235
29,24.405470280099998
44,43.59691886967513
38,41.280723658822744
46,41.483310263236724
12,34.3936058034906
40,42.893047718509955
34,40.94198054988033
37,41.523189103096456
55,41.53713707357197
42,48.75559113824768
14,19.988987668981785
60,45.627419813280795
52,34.821191472191614
12,35.42430333450311
26,49.78505351425088
34,34.510369226611886
38,49.88572381039392
25,37.47032974913198
22,27.452821646595517
47,43.37863206285891
42,43.31139226062378
57,33.69329030224693
42,40.5638480461896
47,49.87683517574636
13,26.691061900485096
21,26.28267583123009
34,35.402538319048226
58,48.117201359269664
45,38.38834343872526
41,35.378534063027054
49,35.32455706948327
14,23.239448292740935
35,41.97898386766913
43,39.86812096707713
12,27.104632885410087
42,46.37186798067271
18,44.2008880718956
25,39.28890900022741
48,38.91356904122962
27,24.309334296497763
44,41.85241917468946
41,41.23643311519511
51,32.76595217606442
46,45.3467480743163
48,34.30491285479739
54,39.00847833234589
59,41.260698715081844
38,41.472145721085106
44,34.3320876629358
21,24.298533349688377
20,27.593097921912783
38,41.8427128380681
22,27.488671197451673
46,35.52568961172708
24,41.58287601477426
22,38.091584355299986
45,47.420899602705816
10,24.149004064867945
28,30.656278533069695
42,45.475083214477955
17,37.93998794173125
30,41.29038141853793
25,32.01509186144825
27,32.592935086380095
21,30.704659273985236
28,50.487234381467715
21,28.75880591692456
58,41.13723674179352
17,32.37870870803001
24,56.20412262292247
39,35.68591622807955
21,42.59047238435859
29,43.608213022598946
21,36.71733257442898
11,38.85570749728153
42,37.05084699502508
45,42.31691526555061
22,43.50913179888574
15,21.038910415377565
24,45.02152994430353
69,53.797352045131085
38,49.08216271712621
51,41.239733631263036
19,31.301722300976927
54,40.20562009933182
20,30.279890302420668
17,21.8663203922977
66,37.836364734844025
13,14.068035790240794
64,60.11998216260704
28,43.67969806174601
43,41.257258086705335
64,41.02799189727194
18,24.19428768053381
16,38.23934650010001
36,44.74079427916051
21,43.76583052956105
33,33.9765066093041
11,29.53771653586733
54,46.2516937839522
23,24.812943279946623
24,27.738531669729934
12,16.881696153519684
48,45.67268429703254
39,39.34288371425808
22,35.011685730390724
22,33.61492140269775
38,32.94563538018054
73,49.75690068719091
34,34.30567766681711
25,34.116323451771216
17,30.761090165252575
19,24.78110852141478
44,45.15791494227485
40,51.315460183379436
46,27.065777469431527
42,43.115193859995735
36,49.42800106320565
47,40.805894144336364
46,41.38496405377161
46,48.21662863894131
29,21.062690871850158
31,36.11349040015228
52,46.810066503205924
22,22.58256402496261
43,51.60838056867151
20,30.485518524440295
29,41.40171984134768
62,49.39882238307791
21,28.13591885994189
81,67.07378811236727
23,28.105423416250243
17,22.02962206373712
32,34.88197200076965
55,41.604670797653654
22,29.659650570375625
29,43.00508031824464
44,32.03212459686497
49,43.2395908187192
11,16.123030995410176
38,46.4680668755514
54,50.28899221981485
62,49.38731749676376
45,39.9341233907397
55,43.542510231298756
50,49.69990258755421
39,45.87900580722901
18,43.209122464170505
58,43.37278218223535
43,42.671294389019856
13,33.552101278166376
59,49.08398121531956
16,25.006481980991175
34,42.31620511342886
35,44.56805581711317
51,37.27729233192047
44,43.67178193510651
44,41.69295729452649
26,34.24501643428704
22,54.78883296912263
48,48.993081988803745
10,22.83523077110653
65,48.50263241188506
57,35.86128303331028
41,43.30714567399761
43,41.888994468279414
28,48.99658493379212
53,32.16952234903981
13,39.98215744856391
12,43.20539432414977
62,40.49090066745605
70,48.94392581077082
25,38.652764554103406
84,55.068181006160955
44,37.21293048277884
65,42.89315315430246
34,38.00296550267522
47,43.53961044725796
21,37.126606439976676
31,44.05023109188161
40,44.02937813970421
19,33.36962458131477
30,33.361752793408485
43,41.75604320220054
57,34.06529231666868
59,49.27039744513633
70,36.94476644271158
22,34.81349545624178
60,36.958985108846335
18,29.958236939561257
63,44.022110169123316
25,34.86820351525134
29,27.687703499807018
28,46.12029911471113
23,31.751153032080527
24,22.222126937189884
43,36.02083996632216
31,33.16771392277365
36,20.53458416425915
14,29.47440653703778
19,26.534088107193995
56,41.852180385139235
21,22.93006830338983
58,42.168753508104736
28,34.9709693990914
22,34.73474201815387
42,42.1031061273874
50,45.722909368655166
47,43.56989316193739
37,37.45004496821139
31,36.1708943754793
19,30.404257443776036
11,20.71079297863612
55,35.49297572612913
29,40.35479980123578
57,41.549516556794316
12,17.074641262264407
52,43.674606335903356
26,44.34978755382337
19,30.49943395280721
32,39.59553546544397
38,42.67930910418179
14,31.39156886710505
43,42.979915789169574
38,47.21456968273781
47,44.03539448856266
25,43.570768135341616
48,41.56114534169571
64,45.78526469922034
18,33.051413219330875
23,36.40583102248137
22,35.725987287662825
39,45.940299143404566
57,31.365638924726895
40,36.611602051227095
68,35.68136074304116
54,44.12766210921787
20,29.38364026114345
61,43.22270858251792
67,46.131773696998316
54,41.007515693353106
29,45.20970483946071
43,53.654108695623464
10,26.319561043753605
11,15.952847139932132
41,45.26162014932289
51,38.030386747158985
67,50.12021319998533
27,45.12118565498724
44,43.582199747488374
17,18.11188856147504
30,39.422644991466015
50,41.99476671447655
66,45.65334877589259
22,30.348482540371993
48,40.14775009090281
24,41.023858591480696
19,35.615359757709065
64,52.883018144271226
55,37.13287010338984
43,38.20581284967442
28,44.78301022493144
20,30.053131712892185
57,44.14668795525551
54,42.60392561774825
80,47.2421760990738
39,42.55116199273533
17,30.159577913287094
51,34.67184703116366
37,32.3079129635421
22,34.75230588417751
63,45.74429594295904
32,39.80793897988938
49,32.56018449476313
46,41.636589057113135
27,30.200928348279508
52,55.08916250889199
31,44.632928838797696
21,39.16272066429261
47,30.897562003309208
46,38.21742744437872
35,45.55173952059271
44,43.47478064474609
29,27.00068634299221
23,44.43773222821582
60,42.17786356732177
50,35.69630947666408
45,46.99318988246881
38,34.31801352395256
46,38.22373689020159
40,43.24702322052629
21,37.12966658549888
48,36.188208868293216
12,47.95924982551128
28,26.56469754473052
25,36.53937871787185
23,45.29327800597724
54,52.27495342684529
76,50.56505409039348
32,38.23515112918914
13,35.43925131891874
72,46.344008360559755
63,60.556909270038815
39,31.759263415421387
64,44.84405639254667
63,40.24183565826623
50,42.162900695632
43,35.451091813643295
29,34.0275972762533
47,40.58846752306622
43,40.69434139945915
57,43.16527799083908
19,40.27104005996959
35,39.44276948046277
35,42.658294120381036
58,32.29580841504168
22,30.997872620902907
58,31.42489195490438
21,41.13603880323529
42,46.5016442567835
22,36.67484507509997
41,39.11472969473528
44,45.54316975769251
55,42.63962927833408
56,44.22642026341377
45,46.399415282312454
41,59.73557629205022
22,30.08328765483007
17,25.79058143074581
12,14.03235780960258
29,46.97709671600729
56,26.055373706695413
46,41.003466107244186
35,36.29251868610078
45,39.64191268248388
62,48.41382813892792
12,45.20977261720799
55,48.01968896609381
22,24.997121001849315
51,39.78581931469295
21,25.56268025584865
59,37.4785702869664
50,41.14375439911512
30,34.99984217535105
23,39.415763668845024
52,36.83390259486348
29,30.056955512540885
22,24.25468745048766
21,37.13733129962284
44,43.234947973891025
50,44.6735006970739
54,37.67946713872515
33,30.185698966875908
86,49.995781604083184
35,19.26426148861655
56,25.829274840308532
60,48.016106147045804
32,29.073163930767855
11,25.409923097097835
52,34.91086186417703
72,49.47374512420376
22,29.763483234571318
22,28.000744112530036
19,41.579027394594775
67,48.910014308780354
12,33.16455099517242
22,27.552618335024
39,35.307946414321385
27,40.39067734224769
56,46.3336862577081
59,35.711101904194706
44,31.776668782388693
47,42.915160914253086
45,46.72566879836846
34,47.15337804834978
39,42.33319858320599
55,42.786919382728584
55,42.851168800921066
38,31.72290114494217
35,45.0288359650472
58,45.34151887173061
44,31.83826183224759
50,46.12943205197222
60,37.49573593761715
75,45.44806209480826
40,42.2935793108096
43,45.13850685625669
17,32.62894451287959
57,45.27013163874868
31,40.144746041990224
19,26.207101457515293
69,42.508397273288956
60,43.52513414874802
18,25.10989416835911
37,42.81319800473599
70,24.673617532764396
58,42.82034955702989
59,53.09423148447074
60,36.41013610016907
57,37.14118894655766
19,43.4510390361304
29,42.73179573280007
31,39.5748134769271
49,43.87251428894008
26,44.43792581548937
15,21.190340852181826
38,24.492404984688047
21,42.59937131148689
26,42.5726487306328
50,42.03850854518092
35,39.3074762486878
43,46.84807817669653
22,20.230697989243357
13,46.056529599062586
20,35.20411151677688
46,51.72194856028182
24,33.161817080793796
37,40.91408214029875
61,41.6042842207755
59,37.98551853526261
66,46.189427123271926
50,48.24969864731578
35,39.29341129414956
39,37.76132027665431
23,32.31912727793415
16,26.889532485555037
13,16.99484209317253
27,35.389689791651136
20,38.757468663894144
72,45.18965895630308
57,46.33919297739648
44,30.92310523696103
28,35.85086275822512
16,14.638275875951733
39,42.490149655856555
19,43.26086448087137
15,29.852489993602408
16,39.94176359590304
26,23.573354215065038
60,39.368424186917046
80,46.114143836763354
37,44.81750468165461
56,40.101930577493796
50,53.246948437430184
27,45.258188838038706
40,38.834967290672246
47,41.479287579450286
27,43.27518934901464
28,28.792976145714928
11,28.43509607530349
19,41.05941338540724
16,27.633054532930373
61,51.48312473891654
21,24.864366495183468
65,34.86129541582137
22,23.574694246046874
55,42.95951912042372
39,43.51975857322348
42,41.247619459637
30,35.088000298370574
34,38.732118453769914
29,32.30922696441657
20,26.118753298269965
50,47.4107634969263
28,32.31035028476781
51,47.40852766973503
45,32.15455857268141
25,33.039881494152034
46,24.422653464538563
64,44.5443910933597
42,44.01931824503286
50,39.05605445626583
20,36.305952061969165
10,29.492233610542268
19,37.70768272603888
33,42.53453869616592
38,35.21039798667167
71,31.903235238269943
34,32.94162701942534
50,43.38438325207449
28,39.72094826828996
37,29.171837959813434
25,44.585586221153584
40,29.39008077368742
43,36.22132765506579
24,22.767140592126278
42,36.041103589876414
52,44.1293033158314
51,44.784591237631794
43,40.94639231693219
29,40.660717219847996
69,44.67210852392745
62,34.278540405834434
29,41.689688928458125
25,37.79251014974354
67,55.55556162120746
30,37.41257279031732
16,37.171045228721084
52,46.30918862774777
45,40.447665299170076
60,59.78900817905831
43,43.32342071168799
26,32.726300614184055
41,43.434569059689814
45,43.92636351418235
53,41.1729601055722
66,55.07826628336159
51,38.186221884812774
55,48.26327125294265
72,45.5943152065745
50,42.61527016650537
69,40.63271545413143
30,25.40885663492679
27,23.52853188450579
17,13.419401803087117
31,46.69505822123445
50,47.75004069661656
40,49.22435580251379
17,24.49213708522507
41,43.611327622079436
53,37.34062726865849
20,32.21197209735665
65,35.825958258085805
22,40.91785216833668
36,33.368694912100544
13,19.87487522213932
32,41.577072840885556
29,45.67945414344973
45,39.054619683443924
55,33.05979276327445
63,40.590091852081876
20,27.88942727879985
23,35.284227683368975
21,29.684369815514724
38,39.34263635084025
23,32.63167215457495
48,44.45193045112781
67,42.914770101802524
39,39.97428305637524
30,43.13827084232104
52,43.75542549124727
54,44.60290006142947
44,35.874528801144415
32,44.24522883129107
46,45.62210234548429
22,37.6560281341728
31,35.27786091478393
23,29.774275337667174
22,39.11949399136214
23,48.740663980526776
34,40.04362208125515
18,26.604036915250777
19,28.159901150815955
50,43.6242110513805
56,35.28159471988429
19,23.53661198882509
25,33.41549729013342
58,48.83802448565243
20,27.7729610844432
38,45.0581729970145
53,41.62833138729998
31,40.45177366057326
38,39.96580697545975
50,49.78557404305995
46,33.405079396626505
63,49.631916748781066
17,33.98058282339818
34,47.39893558264105
20,30.99282230604524
25,33.82618842395861
42,40.39454560221441
14,29.422114724436586
57,41.21728998264751
59,35.91620645823205
61,37.1155859750637
55,44.02166492298752
33,39.88758617059465
30,39.47862054326937
10,43.04338755097726
35,41.70463594799023
35,38.01574331812449
40,43.78303342890996
21,33.97635298941799
50,44.84194808936338
28,28.8490845971079
33,47.28687175002304
16,20.308815832652364
51,44.70745977046701
59,35.290657847078876
57,36.993293750703884
40,40.09416286951997
43,43.179984873476485
30,34.42721703228849
14,36.58392396747074
32,44.43812289063594
70,39.25631224196639
48,44.391540248579034
30,29.96628377425256
48,44.38446081341883
68,49.37989126075873
24,27.92303003303404
25,43.851016829117135
56,41.1189775330534
52,41.60281126620575
14,26.180000000000003
41,43.206427578758365
31,40.24949681493561
61,45.031935019325275
24,29.947222816544397
63,43.970731356505446
30,41.123339518133804
74,41.25367551275166
35,38.84630161998651
57,42.542830989429724
82,44.75155383920761
72,45.12555656709293
50,39.679803868916935
46,40.90409910687977
53,45.430087534284695
12,26.14869912061771
61,47.32265285137347
16,20.462507188763155
27,32.35508846872171
49,41.80095526829707
39,45.96365684299349
26,43.97486040500027
35,47.02319509200409
20,48.79074400010342
53,55.89664764677919
48,22.551589198314506
10,18.738166695257387
26,40.967866105172625
17,28.33974989521459
62,46.8593392727596
21,39.693702305034606
20,24.155096950420635
13,30.03334008061518
26,44.67992515083636
52,48.147637031516034
42,36.42900396461879
83,53.92323701253581
61,55.3974424141635
43,44.58871774522166
30,41.13344716891401
60,35.94459003585997
19,27.645309242894108
19,41.21953589384045
61,58.020991058177934
39,39.050824424575076
21,34.255468666183575
56,38.43549315189473
24,29.72662794634227
41,39.90594765286498
18,30.079325930415397
60,39.26884755918357
53,45.50414826323238
59,37.55378181431233
35,40.70510516163188
30,44.35140609858666
60,36.567374426637805
47,36.565444548784654
51,43.97652952961263
29,40.55773504450595
25,38.37745559346845
57,35.168808614262055
63,34.32183618752261
39,45.63419457889268
48,46.96161283756357
40,39.79895951565477
31,37.657604457531185
48,38.27619607086685
56,50.370606010705814
12,34.24318687600337
21,29.883821774883373
36,45.31649715911028
35,43.83184933210444
63,33.338383955883955
58,38.00151090205508
11,19.53994737281366
48,42.67291197898272
30,22.5397556561086
26,34.82014357850193
23,36.00641528250289
47,51.45571636605109
12,23.428958823524653
47,47.3642539286136
55,37.975664727744636
15,39.19902105291826
35,36.91801383226048
37,46.86238120622797
60,44.03261446649557
60,38.11985499791856
31,36.67089505432954
49,35.11833823269614
39,45.80396206572856
55,42.78203361492871
26,25.368843022923162
44,43.05932859500353
25,27.02757175830488
11,14.30498406294218
15,26.37303709121983
25,31.637285347007754
18,32.4133631452505
32,42.27205427156046
48,37.226720330592606
14,26.175206228019693
29,36.9849788650436
42,38.53988424003828
20,35.6512844744386
32,37.513162230294945
60,28.002274650653995
29,32.7771828427356
45,39.68529715648475
37,42.32390078675075
50,41.7904053419853
16,21.907607261479694
47,32.925701072080884
52,37.97926870839591
32,24.988524620660222
55,37.698155373488234
44,43.974219434345095
22,32.63388417559034
33,41.8484422367863
17,30.03021742083454
36,37.92284362385748
10,30.0577449998979
22,33.312256219941716
36,31.52276907985817
55,51.15177144531962
30,36.63335942540849
52,34.21073404712027
10,42.72351760043388
35,40.90118633494795
37,44.29197362877043
51,43.71676880386059
25,42.71626561569078
34,35.10367304329184
49,42.79585371769161
65,50.017864846583564
29,44.93291540139282
39,41.83614831266264
54,41.77066010902082
42,36.316770510820476
62,46.170674962664116
25,36.492343035235734
56,52.09135286057786
30,41.02676663942498
12,23.832143073632064
26,32.515681044654514
35,44.76164080839558
33,37.09338482275076
17,34.70504613430493
47,51.735794648789295
18,20.902246095943735
40,38.40550840633793
36,39.124578267650506
65,45.26062845538137
23,40.4269335741491
78,32.856035369172126
25,45.04897607094338
38,38.53888324265216
13,38.09708619773231
51,39.56060008923033
59,45.63789863995614
49,34.49953661684551
46,37.73125718965413
22,27.539926259449366
57,41.16485487675212
21,24.73065021788989
19,47.51007146065147
72,40.69933527878612
26,37.61813219010457
38,42.67847200722802
36,41.26655180068036
59,60.61962268740829
58,48.545949618176
41,46.334630021336224
22,40.24470892511684
18,39.16648509638261
52,45.68046813624883
24,41.242871600643966
27,36.45386597886175
63,41.484749834024996
71,42.45072165365882
36,35.74511330551395
40,27.652288004989465
57,39.807602530086925
16,21.27979747358365
37,45.56443370311411
28,32.73997636402432
24,34.96078248954537
69,39.404858279056796
36,29.802454637528466
52,46.438570869460534
22,30.074385770729158
80,49.74266041292892
33,46.10208844936792
53,48.15754301028482
34,33.87396553323867
40,41.794568136627966
16,31.649044925085388
44,45.26147957080337
45,40.18889884083315
61,39.650560666171174
20,26.996187330038996
14,33.64406779271191
46,39.321746981070696
48,43.84795718308977
45,43.30166069221005
38,42.67700277324354
13,30.471961976770196
41,40.83222421209001
37,45.65831361702359
29,37.18797945381803
44,32.150126444219495
21,25.434311937323784
41,38.32567339151719
52,52.470915043183986
52,45.09513129785852
47,51.49485244004909
42,51.42938511226163
16,31.044841402221063
44,43.951625250170466
21,33.19217372834054
28,39.860647346290854
21,22.293109532110126
33,36.361153430495335
25,42.29926750992775
11,27.814000671944072
13,16.89378749735264
30,39.324120739946785
24,35.912133939925155
20,32.79600912038019
19,20.029939410180067
54,43.030299086656996
32,43.313707158796
21,24.274781155093248
58,47.93526536587354
24,38.42313768217218
55,47.78101252428039
35,42.44731208594788
36,27.657040852999213
67,46.60174252191519
61,36.23788457322078
20,35.599969716417775
22,35.96673095070109
38,42.66122499721101
43,44.90200248650609
41,42.57770445703096
16,32.616574122474866
53,39.45645613365234
59,40.34793178472859
28,39.839844865994465
23,35.383560506822164
11,31.860551338669993
32,30.259077992574877
40,39.82282133477847
31,36.797742703533025
56,52.13261029271118
23,34.078537172179395
20,33.871067337613276
23,27.637397713128156
56,39.99378102911056
39,34.2186068265272
50,32.28609479327763
45,37.671008801928686
38,35.92907894301732
34,44.48502796592467
24,31.41878002151999
45,53.34768489359521
17,34.43326967100405
34,35.29752714726618
23,28.277565787923773
50,34.77739589626432
26,45.72487132426701
12,23.713911171151913
58,42.08048395213872
26,24.75190568728933
50,42.88422332405971
28,37.84935764756201
45,39.52142845316149
37,28.384187684426433
13,39.54504453867358
51,41.615033924324116
18,46.54292593524753
64,48.69207035417848
18,36.868875516620626
44,37.97513513552393
17,42.75924406089749
23,36.12673257653217
65,51.576347010423476
47,44.876918233931676
37,36.84443663829418
48,38.27574017922653
23,29.163829239473024
31,36.112800494993756
18,25.43091629072934
23,37.674187799624605
44,49.77731977795935
56,40.120593118549635
47,42.9688766982401
17,31.898475919811048
75,42.38895193869546
34,49.16799021592498
45,50.181433139163325
53,41.036285281843035
24,26.074641693942297
13,15.654062149969299
52,32.960706209283614
49,36.30668910400057
37,45.66059795701302
22,20.549375122965962
31,44.15318092157457
34,39.87193850924057
32,48.96218570451505
56,32.873495406695376
62,51.778312577325686
13,20.009362364154
19,45.884882440311166
28,44.26114551345483
57,46.02427989691517
18,28.03856437272137
27,32.24026477625404
54,31.928456366254558
48,44.08300190852616
48,50.78753762426938
17,17.416594625044148
13,31.05861012185502
41,41.676595479901614
32,34.43052202196284
34,29.336900290080813
27,33.49399642925557
55,35.94928736415099
71,47.27590082237453
23,30.434436845657174
58,37.42344065526735
50,43.78634248786662
29,23.905766332698846
57,39.266892115170116
55,42.156354439098656
22,23.040038548437625
28,44.00407793455129
26,45.01962052791039
70,43.47179290511017
57,32.80762332167344
18,39.18244434956245
15,28.993341530664473
48,35.69701290355913
16,23.21973258272161
17,22.370832320503396
28,40.900909688449154
16,29.547054107859193
57,44.94024483115302
38,40.3169945499375
57,43.573028208554064
55,49.288060511188505
38,40.572361705186594
64,39.44493686525682
56,38.07288812101379
52,49.04269950962586
62,43.56414540840515
64,47.119704853143894
19,46.23241479515829
46,35.69282846840896
55,42.07942442819299
79,45.49643363271041
31,36.82043727507921
25,33.63817697308516
62,49.20779421703937
36,45.091342495400106
39,33.01218206392824
24,40.291609024428105
51,45.91595746908026
56,44.0513612161508
62,51.048350509538416
66,49.55699665577079
60,41.735628783267536
14,14.376771018313868
37,49.41052037140802
43,41.12190784268809
48,40.00067017700914
21,29.91929992658839
48,42.300463958601156
28,24.068444963845824
18,32.939266676147874
29,35.53903909504894
38,44.81729734305406
37,49.074534167350265
23,30.830828795707784
17,32.430136141408106
25,46.58796207450461
38,47.33224616064561
34,38.36051526404735
27,27.69085983999326
46,41.09842202876799
44,41.482023318893816
23,32.45066636340207
29,36.82949146657526
60,42.86562781542038
44,40.809121286800014
48,40.65683653767325
45,43.00528531349369
39,41.20030618146434
21,50.886112693836075
59,42.97752139407091
27,43.31352668455094
56,36.93440720058746
39,34.14073795294512
38,17.797914390856803
71,52.33125203273871
40,44.26114551345483
36,39.35023078720145
45,39.63228620887231
20,27.47090265531829
66,40.45893974021757
81,60.893731197234146
38,43.64977739932706
44,49.11391310976293
21,22.00340630261579
73,52.49283611006617
13,26.990109949515542
37,42.32517430737733
60,40.62608187141972
47,45.85665986640846
54,40.17832498516614
29,39.48153660314045
49,54.79379015527112
25,28.703704558775335
22,39.548821582895215
62,44.98961495035042
20,22.561382800650726
68,48.85567502701949
33,39.95356750506251
32,37.80821826510512
33,37.09794208637346
60,44.56366753554298
50,42.15308616443232
44,46.62740867339525
21,27.77655486920041
45,47.49600335515067
41,41.01568931301771
20,15.570807763020673
19,35.26244427215552
18,37.87714488025275
31,35.281701919452395
26,30.384746845257713
72,48.56344619965291
41,38.08354799283089
64,44.72424294289258
46,26.853797292885996
73,40.629775240495526
27,43.750889935989925
31,37.30270195854149
39,49.379877958523245
43,43.70923468496533
52,43.91647068007991
44,44.483992045813245
56,49.848003627804204
36,44.3918510725204
64,49.13902482330195
22,43.581481004775966
20,41.140280988748415
30,40.812950463406466
73,51.8591453113953
37,40.37505656535233
53,48.67952324516891
85,41.557664851070186
66,55.46967608892815
26,28.416057307156663
45,20.772035721377947
23,20.588154320852222
40,38.04595640685529
37,40.80398031258825
44,43.46252585492379
21,27.544892310125302
42,33.963018261514165
18,37.906335298676716
45,49.6437059262617
63,42.46583414172222
21,18.82349639779752
39,44.231637644738385
33,40.93782836329004
59,43.24069776052257
20,25.457954140212177
36,47.9297619446521
36,48.996439746421245
27,27.606671478129144
58,43.72843904493281
23,41.940553175505585
40,37.61968050192189
34,42.25337563314679
21,31.339613492559536
28,35.6090144226903
11,22.394359847967944
28,23.5766024248772
24,34.42908299386509
43,41.941221700982
37,40.74216900689033
22,46.898916940256306
36,42.66730565551652
56,43.94603952828143
24,51.9242825589625
10,16.34874793850729
17,38.25889989367255
55,45.63684772696245
15,35.905580966259464
22,49.04230569076288
32,42.16759115704589
53,43.594086536569165
18,30.899488382031404
38,44.404436149950364
62,43.488152180934314
40,41.896641206419375
12,34.01493094493158
20,36.72524070363724
15,40.4617511114123
10,25.195201942567422
51,43.849218650924584
68,37.39618545021781
26,44.666841853791695
41,38.31686306867677
35,37.24439551011145
42,37.728850427541474
28,35.53852285493568
51,43.779373595222715
59,37.488148208835476
47,33.37999318193997
38,38.7426601217974
46,22.005996924059303
44,43.59975951591086
72,49.397383009932476
46,36.97371997507709
24,42.494212644904465
39,40.46112432109614
50,40.612448113731624
24,29.977835813903813
44,40.135897489927515
73,44.032498132922754
32,39.6894539312828
71,44.676979456370084
32,41.82227353584426
47,36.168019033071545
33,24.62571254507459
22,33.03533779960252
16,32.20006510817913
31,37.26618907108809
41,39.32881184089515
42,45.5918534427881
34,28.583614355707663
34,36.02072939112607
60,44.486289642716976
51,40.42146274719327
35,41.47233122912865
55,45.697862268005174
55,42.03440291765874
16,28.874695833125166
18,25.38569366016355
61,41.20440577375354
27,37.86286021924059
46,32.9332491292023
57,62.69170565254593
17,32.111864921434425
30,46.778675446394246
26,40.0060578461992
25,36.07295698174444
39,39.98732142822411
61,52.69579986366644
12,22.355458948765783
28,26.936227712720388
58,42.78540732946954
37,43.975818817872835
42,40.29607709100153
24,29.916541100475648
29,43.97247714925148
35,43.88015485610491
44,41.73445638023356
37,29.525910852887716
41,45.3611912419542
36,41.432547077318425
39,32.37661229247085
12,35.99178400748132
43,48.802540554317005
33,34.47786678630338
45,43.4751011621449
26,44.498062613842656
54,33.59053593161673
44,50.655499588265364
39,44.754123161620946
20,41.225390708851855
18,20.059803037887256
32,42.629336916118724
22,23.580598050123573
45,46.92765004308253
50,43.96228199459544
58,49.14862542203381
25,39.39233919487944
41,35.71474197590465
45,58.22673723694179
45,48.81341104857595
22,40.4549097699058
54,40.33385365292469
21,25.055229576747223
13,43.13401628524733
24,30.554121052572683
55,24.84507579076975
37,38.32712589548026
14,17.33610297180097
28,27.49700298520237
43,44.21231203270651
29,48.847724817687066
22,36.20437953184067
49,57.4335699963864
22,22.312532938486747
42,44.538177729433365
44,39.694328751811284
42,45.57082334484946
45,42.58350178098565
38,41.71991315678075
45,40.25862646882785
24,36.293363277801745
64,53.12273861624983
45,49.88577489571756
16,32.77061189662076
58,45.18773146769068
20,22.224664846353594
54,39.164104015668066
36,38.287436329074644
39,47.51753623844771
28,39.1713866358128
30,38.78175101760852
59,48.20290192762639
23,29.22121124427185
11,37.69136131788208
49,28.708649967236628
57,47.99129497821239
52,34.76357061516197
53,35.507902480708694
42,41.99413477309651
70,48.65453679382751
46,45.4477355873969
29,40.37550302833481
29,29.085177576496317
69,47.750648576213095
41,40.48705754737332
48,45.2802533871153
39,41.950260454034186
25,31.69288382175296
44,33.77557597802884
11,30.98781607134569
46,40.715171936316985
23,46.007725750699095
27,38.59253722252251
22,43.9995685194464
54,38.612504279348116
39,31.969385716858156
37,39.34006855810418
50,40.83577663819279
19,20.925961636868532
46,43.40550831332812
58,52.02127453260525
47,45.608819076331585
56,56.85161072099624
28,39.12587653093785
20,25.954509749815255
26,40.49703262391927
43,62.09913826330099
38,37.430000639641996
32,36.69167049240431
22,39.50348896433198
50,23.7884529489494
26,46.632631035504666
12,41.05492737232653
25,33.98415532890784
17,35.75634332813346
44,40.35581522277569
19,39.0213475203174
49,45.0216653743664
30,43.17836247803373
23,25.99636032640129
38,43.033849701519614
40,42.15251348593217
12,39.105032769593706
21,32.350960327765094
55,49.03330571449972
58,46.462827730709456
22,41.40911607639966
14,29.178129297160062
17,29.708864885118647
17,18.477371562189134
43,39.47817601932591
38,40.93750748685052
41,43.003647962394055
11,36.979988535306305
14,14.075189903991058
19,31.42956946111961
44,25.247617213111326
28,23.44053425353963
40,45.06077969659234
80,44.198483364787045
66,41.368805874024595
44,48.65519092926576
47,44.70835202879709
44,41.06120190495929
69,44.20853142870152
60,43.957260453547654
39,39.78683446193219
11,43.043383064259686
23,26.79657401397108
48,51.790660582306
21,26.11962644873951
50,39.51393358816958
33,32.92302521288607
87,63.05279897680963
57,39.051159905483566
58,43.09118952427457
38,34.89334938850301
55,44.35670717616255
36,39.961124183302275
54,38.1863216880566
34,48.75072210711431
28,42.278340544257524
71,41.715779642541385
52,37.88153462963791
26,25.27712665807145
50,45.894018858392876
61,50.065818725064844
47,52.83558596354194
48,35.259608051441866
48,37.26429020282332
21,34.326206705152146
58,47.91698272906945
42,38.85059515867555
41,30.692141394472827
43,45.95729393837252
16,22.902868029159745
48,53.28300233961882
50,40.14585004549191
18,27.931360058631377
60,50.53743249815807
16,35.72372031570849
39,34.063865073652636
40,39.45297591261101
14,27.275045458188018
67,49.86161291496851
14,29.284836994048256
24,36.440370638871656
12,44.587135236611694
22,40.34931593545913
12,41.34507752327273
22,27.591581687382355
72,52.77620394408551
30,32.985259894674215
34,45.53627777925141
21,37.14641611819589
42,49.38965048086278
32,43.70523534031048
17,40.733281083488464
29,28.94551287540082
47,42.01301668043565
10,21.00448864271656
55,41.088034047443465
28,41.06782937597084
26,46.92310265588322
24,41.24246438927296
43,40.859619383090326
22,34.54668414423498
11,39.393550543135255
37,42.540928129484655
11,47.22000234071654
50,45.449584924126896
60,36.769096003284524
48,39.15163093906701
22,32.380529673730855
30,37.41178468100796
25,33.40529261439046
56,38.21430876618691
42,41.443328848323226
39,45.597933112259064
24,41.38116982448173
52,34.3505885562365
27,35.43182686530032
32,36.54036758020681
62,49.12503696324421
44,41.24069160352441
36,43.27727195064606
31,42.456748809862944
43,39.89212201993391
47,43.055619128345725
22,34.373235569762095
40,40.95751366679073
42,38.11535777401168
75,66.17778677573736
42,42.06439393939394
56,44.45093053054444
17,38.97034099558124
69,46.53483042247126
17,33.26601098412998
38,41.66865347737906
56,29.06236780116009
18,44.76660446248816
71,46.67947578178154
27,41.42681086939827
24,31.67104305022063
33,25.35940522651408
47,40.67629431475042
83,45.094111132133634
24,35.44563980742183
47,47.49039312468195
36,41.50117925809631
33,41.67667649410263
49,49.935498797392974
43,38.698411637914056
21,30.610321844089114
48,27.725755856670855
10,45.657515190126226
48,39.233784345193946
17,27.490248074192376
19,40.20429092603114
73,42.21822521193525
42,41.659596503780925
41,50.88353433518685
21,23.53240862156974
30,43.47814561480478
51,40.35090285026993
40,17.231591634373782
63,45.06797106634111
35,38.82439223113487
19,25.200287027422394
64,48.389969430182994
10,42.94911184583239
19,41.143238997369
62,42.97808020764856
43,38.81486334718696
35,39.78064729029398
25,42.95758639523257
43,31.091631849606006
16,28.294793574158117
13,22.50951811468812
46,40.176154937809635
50,44.9433382303336
58,38.195231256129254
52,45.76740702269953
48,50.993542878975916
14,40.80107241120118
25,27.98222412676941
52,48.76210622466728
18,31.117676126116418
50,35.68249626986986
53,41.37502654457321
27,44.36690213533444
47,45.20846739219783
16,37.60343515125465
77,40.16524047553102
38,42.46961242583189
44,45.41505635989652
33,37.23719123261669
19,18.817006844143023
50,49.05423641950182
49,32.432046812769734
43,43.035526067589345
22,37.320875675291205
35,37.26842066102849
76,49.418132527547066
60,34.55233824912646
24,31.950411016516863
67,67.77129996683773
24,47.18879538788825
57,43.656130199728665
19,28.334334377424025
24,37.26773025805914
30,53.626492482689486
51,28.197531477804784
46,48.895736073683764
19,27.54904373699701
59,38.85604033290045
47,44.69258195370075
39,41.50427069257173
50,28.78288885802043
12,30.8915670227449
21,23.61709487628075
43,37.91803843583202
42,41.450301629587095
27,35.41621329895487
11,32.49706702776821
12,37.15080149982435
66,50.01255125755743
11,21.864491517183033
58,44.388502556886166
30,38.66329295858182
58,29.775048964169617
27,38.638037435266085
56,45.02939467381735
22,32.592890098625176
23,42.40447067945281
23,30.964657951394894
43,41.558362665554014
58,48.3598307478421
26,28.675842443554345
30,27.003662747676795
57,49.110838593568495
43,39.383105935825306
61,43.99858752029887
29,34.71955776226608
31,46.27129985135574
46,39.26639675499933
15,38.7623197533557
28,39.40008912066971
37,43.66625149456205
57,38.82140218094846
88,42.133604449283936
31,33.39549260684337
26,37.183804155160814
15,26.514303238025885
43,47.84816638316411
14,36.215103602113984
71,56.082652595604806
51,41.72218380750118
48,50.5283828622358
22,41.97812800578534
52,48.57508364533837
51,48.61661950326792
33,25.7689833092791
27,37.97797881196702
23,42.75571432428195
62,44.08452755169764
38,30.624909759304405
17,22.127022703921348
60,39.629536483070076
21,43.10950075104013
27,50.112839194931986
61,37.125432914022284
44,42.55684474951844
49,37.36997765631503
44,34.79998740519099
55,43.72153115848525
20,26.824535619296313
40,41.34274717157758
16,21.02180523352578
42,38.44480739426792
25,37.97191433599316
34,42.146088874165486
50,45.69613676289582
24,23.484458080248636
13,15.514213030903877
41,43.615977703457304
25,22.407294305675677
56,48.24157130777255
40,35.83028549677331
49,40.63270339425906
17,19.85999072827589
12,30.850359322648252
32,38.1059046848465
20,25.036672927857797
20,23.629945588234605
62,50.67425901860916
19,29.39934981331472
60,44.95822079419825
27,40.52032467008005
51,44.0200977111636
47,30.190451953304866
61,46.27805536228448
22,47.18037840611461
29,40.39377514625187
43,43.34154367666848
42,42.612265413419316
18,33.04567448205139
59,40.439381317449666
22,29.222544167680176
10,22.898807722195443
46,40.10733492669628
21,23.76453819727391
27,50.181381023259355
26,34.641950411473005
68,41.72765558132733
16,28.55040836586143
30,40.31629211415768
27,42.12313477975247
28,40.489308490556915
40,40.45141414229838
50,41.45440597127033
59,61.6615851842438
29,24.375664927655478
58,43.759671971166455
67,52.12317636655523
14,29.991643551148996
26,38.23244882661551
27,41.97223149599915
20,33.68167004851207
42,27.04700820421409
22,41.06983966047159
22,37.65662447307105
78,36.69912124929692
50,47.31538300344705
25,41.470072716174215
34,41.05023900605953
53,44.69304045431024
23,28.633092807712384
39,38.73664449532983
59,40.585086557309324
49,34.22752619676746
44,23.55738473916931
23,44.039002568067644
39,41.48417359550756
67,40.8374689302516
48,47.50346383671064
37,45.996596631734455
42,45.92755356749869
46,40.1062380952381
39,42.53165457876713
16,37.485517215613456
34,33.845012360690106
33,38.64628292964782
41,39.05956071759176
59,49.999709538542874
21,22.15715047065397
62,55.59734803736423
39,42.49383022767344
35,42.278225901659155
25,43.512804969656884
30,33.695947728622386
23,22.815870551018143
34,38.28341110115375
41,33.75445252570951
41,42.94618341911705
36,41.750775059634414
56,42.70573024029083
34,34.86808965353011
20,38.642745606150704
20,28.08727091181444
42,37.487138157503715
42,41.31646172920676
22,27.37610378879615
62,50.837522307649444
48,39.41452616792289
64,40.21100587410935
41,44.26916911977261
23,45.57057855336429
40,46.22841324881432
24,35.68617925472486
49,47.74327999996089
45,29.59386299810402
38,42.278575581091246
38,47.04690320351853
56,46.273360314568755
26,30.15508146849281
22,33.421150905717376
18,36.60386801135514
13,33.87304719846962
50,44.989477686631346
55,40.32514041672593
72,49.83221411689153
18,37.878918859808415
33,41.42807103174246
58,52.24693382953447
26,35.297622452941056
11,16.741120019918164
24,45.58480834983491
50,50.08976935495635
26,30.42094946797693
39,35.439242896275
51,24.354709932635814
15,25.58697685734826
39,38.605627340728475
20,22.560051194221987
64,40.86991213316282
43,41.29679748430943
54,47.74990867487694
45,45.10991394162957
33,42.16322882465872
31,43.3339668314348
50,43.33978202117038
77,37.77573593661774
44,51.75299630076126
48,36.039085998178095
23,36.01439386264597
59,44.12149828016871
20,47.18855299740865
36,40.93401464352019
22,27.933670825000767
30,38.14306606363541
24,26.633242088695912
26,44.735058315407706
55,48.73466969191969
31,42.646724900182704
23,38.42989010621166
56,51.825246574550285
40,42.79516762652803
30,37.904045031756446
26,37.19611684198262
46,43.05327983556338
46,39.405754172403995
60,42.550633390540845
78,47.94850052628373
71,47.76238379848707
21,34.46011762931301
71,45.942519835933524
22,22.506567562369376
22,41.72916365040248
19,44.90029182940589
21,30.67368408434017
60,44.85143756752541
28,39.8086188633592
21,30.78440512277317
64,51.93430997919852
48,37.54067068448703
48,40.50218393419586
18,24.365589267202783
13,38.23649070130861
65,43.905049006122624
68,43.82382727819745
36,40.87654955903472
52,37.57197847171946
39,42.56951313245603
50,53.81932545288028
20,25.252040475873297
56,33.93026885006474
54,46.60217257552312
64,55.075322952734794
63,44.50759971562375
16,37.9759203527737
20,33.02806375522929
30,34.81655551065249
38,50.10029288053349
66,51.960645889527385
71,48.1998147203553
53,45.91469731386388
25,38.70382031519028
67,42.819459786312954
22,25.735917249932626
19,33.020535174958056
44,41.30223820233788
43,44.16223395372941
68,40.8952868525139
61,46.55419389402021
23,40.17473968002143
49,50.55527886396509
56,34.46864884103155
13,16.401808169981116
29,39.975042011592876
23,38.65551019740169
14,21.996917838460067
37,37.843627495677325
61,47.7909187356778
31,41.0310716772648
45,40.111526816775175
74,46.779197904274724
72,42.009852501170634
34,37.17441153436995
36,46.303435661979854
20,35.82917478024422
31,37.06211253946994
38,43.86844950380542
16,29.915134779865475
24,26.725296527576244
66,42.92036895546887
24,30.91877672871513
12,20.592108409636932
23,24.726894280995474
35,38.95687980296288
39,40.438404327183946
22,39.955646246992444
44,34.88262931487937
44,43.23829873430857
35,30.981632608560815
49,37.174568248425246
69,38.66016221373984
76,43.085223182569536
53,52.452549741044834
61,47.13034720658217
52,43.06346198931962
28,28.003053181621468
26,45.290580291486805
20,23.19084355165314
44,43.273074797241044
45,42.15195877978701
13,29.73398062721908
30,37.058802104820295
46,38.17455292870609
23,28.665872439895878
61,30.608016001020143
43,44.845715378579456
14,25.91380169079678
45,38.19379135704808
35,39.136671850755356
16,32.06545880146786
13,24.420777912344075
28,33.992091984860295
41,38.18738003672715
39,42.879396169770786
36,43.72961691648882
27,56.42295916997133
33,41.72209223706737
21,31.990931436744816
35,40.40226052685515
55,44.76757101295206
54,41.74565190737858
60,42.879523063514526
61,43.42169795955081
41,42.22570579494956
12,13.822308609111179
39,41.79636467760426
26,49.34866671267304
51,46.16420737077899
52,52.60225578252363
61,41.09731548328631
49,45.19515167725277
27,50.562052260747826
48,48.74572703232948
57,43.49015449026731
19,34.07659047815873
41,49.586852451843114
13,23.782436031851137
46,46.30465187980579
56,43.99171731174843
64,46.031050739270206
29,39.01525124932702
11,21.875703406229213
67,52.255531408371866
60,40.47590762093548
71,28.311105695814607
26,45.48618776322159
73,50.11263525546685
22,35.17458783129612
41,41.14927957621149
50,42.107844338902765
41,46.08233034634373
40,40.49240395162195
37,32.31730983440427
27,33.813475446652795
35,41.55431882228513
84,44.59916818397592
57,37.939336067937056
68,50.73729075173937
64,47.72892661460073
49,33.70605815063205
61,40.88136124825546
36,41.33352909884775
65,40.042567382170034
25,39.321723466599344
44,69.97946361627713
37,37.17367097336837
21,36.380037319081325
32,41.548135376547506
30,44.40309037553352
48,46.61617742813939
20,41.04248353622585
10,12.79315504214177
21,38.33159084186305
21,22.574461987927375
28,40.651331662392565
45,41.837408654601305
24,32.992282958031765
28,40.607136494792954
20,31.880290799261115
43,46.31159263560818
17,45.89468530590434
41,30.095666705953775
24,40.02614440132484
10,26.611790466541592
24,37.20277928509767
66,41.900452029496776
68,49.17491731954963
42,39.50731191559508
61,43.80124474430373
58,39.25629932787601
45,37.369458155492076
75,45.010009638639346
54,47.214250426300374
26,36.405956181052424
29,31.060177909407795
59,57.56288931287841
29,36.37229916506642
36,50.99557871922558
54,34.1816977326244
17,31.45126067589237
40,48.95126514605619
14,32.8866419281889
26,29.060210594246577
26,21.944092867867415
38,41.149300706676144
29,35.85805254877445
62,46.4488738126827
33,43.38183090216557
43,39.54181605817827
20,32.60074120135905
41,42.645556348529944
50,43.08306899329901
24,22.622608131666343
39,45.489778788406
44,43.773168828775994
65,51.77296343445383
15,31.68588963389245
52,35.74389741100108
22,45.07437165433092
29,43.89628949862256
13,15.174731732921195
22,25.85217341716209
44,43.71806517027611
29,33.266753229540996
20,39.02398063964219
44,40.22965601057705
48,39.45447791402722
42,44.73677398570135
39,33.78400037541708
23,38.59581262712383
45,38.82000158473865
11,18.358938861221535
41,44.375522555011315
42,46.35980591366027
21,21.99431986959588
61,48.85474102402799
33,42.13244621967927
27,26.766974979691508
90,53.817975237346126
24,37.22034925862702
29,42.96717851400583
15,36.430101603294
17,24.13929951103772
44,19.69498486178722
72,41.94266529841859
26,42.226491740401435
36,41.04039206056586
34,38.71319737769429
31,42.85843079337169
48,45.408782299051744
38,45.561772504004836
55,48.94679936632662
37,47.74487409723417
25,43.4423546569449
28,27.333374118735072
40,37.38657123787091
26,29.335375008014612
66,49.830885027695516
16,17.322701195303615
32,42.393132454567976
63,51.08193283147722
52,50.793000286040595
19,33.1945044449332
26,41.63031403183362
19,45.18769318343154
23,24.842848737599976
19,20.62196229223962
66,39.84846617082753
48,42.854362515639394
41,44.17217735766606
17,32.0208128413972
28,26.971574721637484
39,40.0514485210343
62,35.90939904808081
36,43.319762195703724
28,38.17216322898543
29,35.495920621409724
36,45.80440864356573
28,43.09107176981208
57,42.00789914341844
21,30.96184354319226
29,31.966785846733927
42,38.005307546019715
33,29.99295908212766
75,51.42025290441674
46,44.628530246871904
28,41.567270691415025
17,34.456246748997124
69,39.96751576198574
21,14.01380620900676
60,37.069150066667895
40,43.929596994533625
72,41.62980118905664
53,31.764846832121517
26,29.82227773509589
26,44.88828530512361
15,36.61536811398316
19,19.89197199941329
24,30.177744809379398
25,33.55792811096666
33,42.73400355106872
10,30.356432310652828
54,38.10922974385712
21,25.273335586936813
54,43.50914298726986
58,41.003130078174124
62,52.060699393735725
35,44.610221134676
60,46.38237135397642
21,22.570558538533792
22,28.290595238095243
28,49.34206815161904
42,41.73320931641195
19,28.064208949616567
19,38.206142125319744
56,42.242885107879246
34,41.105994548554456
33,46.00403590706035
49,43.81675362048753
19,32.90408313498253
34,45.790336590588666
46,41.925259421014815
24,31.138740773601985
37,40.63170336872864
21,35.708712355747544
49,40.68889652859875
63,50.04196901739893
35,37.37980097942394
26,36.219145095014056
44,45.31071905490454
16,35.27964433925691
40,18.900701841531586
59,42.40905312183948
35,40.25278032558364
40,42.3048670437072
63,42.55404553788045
63,41.362215939146736
23,28.058618181209926
42,36.769816543781836
45,44.27333746984686
39,44.83842654388994
19,22.6745887659435
39,38.03215829324837
19,49.300064020924964
59,49.49638164871907
25,29.82295428621637
48,40.08610561907762
18,32.73708340098934
43,42.24589884646902
20,23.077275802855
41,40.90730608876846
19,37.18718974061261
50,46.96812690628553
21,20.053276156851968
13,42.45630664866744
18,22.646639742909557
43,38.33644174096121
32,35.25791255652804
25,32.650547746706536
23,23.707932263239755
56,45.3210908142722
54,50.80439482604529
33,40.5787016021635
21,37.049547030002
60,35.870658650239506
17,41.27414420182685
77,62.032317396508255
25,25.066088538003342
21,27.798402461828243
46,46.889031995929166
26,45.37180029574374
58,37.5673972933882
18,43.87526350472789
55,49.85122328623292
22,31.64759877129429
20,36.77257162167464
29,40.33227572524677
62,60.47532736687547
61,46.34757554092299
28,43.55554093729501
60,48.11656717025218
41,43.029525113720325
34,30.862826223683893
20,41.34228081898758
47,41.432678739127994
55,43.97013964481399
36,53.937107202240675
49,43.47612140293666
47,44.14855627213388
30,36.85354479598778
51,42.130933428325726
23,35.86295516860336
26,28.4551688675685
21,33.21962012355975
47,52.44452081329068
56,42.427907851471446
34,26.952649294791776
52,43.37754189039015
29,27.984081379394897
18,18.422688419144002
22,34.78521627778301
43,35.88298290996211
29,41.902803839451764
20,26.983169102980252
18,20.458357625967334
30,46.789866875173104
35,43.38172510387466
56,45.29670883220851
19,32.555570304599286
20,29.264976568974415
22,25.220339797503065
59,36.3476510868268
56,45.097822579140484
41,42.756344598768756
70,40.812729185493936
50,43.63135816329348
27,36.91555902949322
19,38.555769688501954
25,41.328536211173684
43,41.761086887174926
25,45.35070876438371
37,42.95433158315135
67,51.04611897356111
17,33.942847497678656
28,43.519074633313714
25,34.36661465473015
49,35.222599865236404
28,32.59267777122481
36,43.504082367594044
59,55.28605832180742
37,39.272356550376735
62,50.512665215454746
52,31.684867819326932
58,35.7856857511081
34,34.03738387208877
24,41.775407328782066
56,43.11336519974612
22,37.410337136952506
43,36.37776815587044
25,25.11986573517379
33,48.92657534392084
48,26.32750414338247
47,40.4402550506805
21,43.23804742751543
39,42.40445479896648
12,14.547001223751662
36,51.09135505591658
40,39.76891518260425
51,39.00677215609367
42,45.47178200875749
65,41.804768496090276
31,42.06530182652827
22,46.187457884510394
38,34.87496643885018
20,23.23343144433055
76,49.50773752419614
42,49.907742037607015
38,47.41012610327588
21,29.856374976180714
29,31.569975892883313
18,32.93585632705944
37,37.76720692943362
39,39.941172555001636
62,44.92070549589601
23,31.957849110057705
53,43.45954061172229
11,20.939674183497996
44,44.416217004238135
42,34.281538046756395
25,24.371859250407073
21,29.84465835322796
36,36.76109113790417
29,41.417342949398545
51,49.24434201233916
38,41.015257218619645
66,38.54646584472051
38,39.325855326085396
42,50.332505715592895
28,39.75841305023835
21,37.47701210608782
30,27.162579321260846
49,43.740759743052564
17,35.21851635535966
39,40.95289284963028
37,30.393417538877994
50,32.798284568909054
36,39.46379407137346
13,31.19854885612439
46,41.73794673525219
39,35.78873413224056
39,41.78106061088531
54,45.845311065971885
22,37.55988727851779
37,33.94352752553209
16,25.926680328545103
17,25.54406071741595
40,42.73619017230852
30,41.249071152853666
44,44.65866019731302
55,46.92169977438684
28,39.1429376841889
38,29.184068201695567
44,35.2997409445316
42,42.421508161471536
61,44.498438720638234
44,42.83629372561421
26,41.8064152007214
55,48.65916487497196
38,42.850225672490176
48,44.86515845780282
19,37.490724802751444
37,24.637178959759016
52,45.218405404067525
16,27.310991889800746
28,45.51781442858991
24,25.156653593260234
15,36.538807390886646
38,46.8082499387471
63,62.07753086103249
48,40.577458680066826
52,42.0496290695182
84,54.04920858096327
22,42.79061446898279
29,38.16349144533682
41,41.41810032987734
25,29.680509915786732
45,45.63078020892095
66,46.26662963288995
52,46.9084784390238
75,44.803808061600414
45,43.4902139760923
57,44.73666535098542
73,45.38699097215761
12,38.78780220630571
27,27.045741460231167
41,43.58153883039466
50,51.87289366299313
60,44.176721256626585
20,28.581578312195994
40,40.378162518285286
42,35.490723889662384
31,46.51734184726654
36,42.343083956791304
56,44.67911097735208
17,26.918085113628578
13,18.75284650820325
28,31.565229830171788
34,37.61450365045815
24,33.19336631687314
25,31.189215515858233
37,46.19394960145804
22,31.331230372159457
58,29.209594927960257
53,41.31321287260599
50,43.10870661036909
90,45.15779887016379
11,31.451949226599353
46,31.56637830613897
30,43.040159769363555
51,39.19035406718703
40,48.30863533744842
28,37.83110319343961
37,47.30850109938351
46,43.75232745926629
11,26.129153772346772
20,32.856369285277054
69,46.90133911593486
22,41.81714788762072
43,42.643575407173365
54,43.51975857322348
16,36.78979721113454
25,22.89702926372269
19,37.4584318435725
52,48.59280798939058
45,48.82886169081023
21,25.992008693050767
22,34.66507339050544
18,34.845150861324846
64,48.2434860347049
14,36.0224658594743
44,42.46983725260529
55,44.209081474857115
35,35.954203350612545
19,42.86871203072583
13,30.050962796814805
16,38.856132371350334
12,46.168009457894044
40,43.894504223529275
20,22.63457566695448
32,46.33809263661732
23,38.0178686182878
12,29.926641411346115
50,38.90555951350228
16,22.583090921085436
28,41.75664878442676
38,39.88743383148761
53,39.5076201264501
38,40.81722594739328
78,53.963038826734845
50,42.921216936247546
39,44.28123043022011
61,41.76357241171373
48,42.06871700678212
46,53.135695440586915
50,46.085737781194304
44,44.41314423348434
40,40.17714460944511
66,34.046569778147735
74,47.635725962277746
54,29.00898002139045
56,40.51052573458802
55,40.06849835419539
42,42.89180693519042
29,28.548021702771404
11,36.114692193466205
31,41.883089203985726
29,26.57494547505671
14,19.896525675700406
38,42.68003543640185
16,16.145572353894977
61,45.49966826267487
36,38.82938147104321
50,44.71519641904516
51,41.74744382234034
64,43.55535366025412
26,34.336603796658366
33,39.650469710597164
23,26.68425934297163
40,40.13319620302802
34,43.97948647476024
62,33.599579315855905
75,49.37111584059195
50,49.32070076441195
37,41.64201884748317
31,38.037460735793886
70,43.67575187415708
24,32.11392595939057
22,29.008667450024053
38,29.059880212014086
55,45.03447596517231
46,30.747360412374064
37,36.289224114852026
21,49.24876046890894
48,36.02772591853424
20,22.23379423850683
49,41.18062819478118
30,43.254808098401014
39,21.03972448271172
52,36.041500296524035
45,41.49928985649044
46,33.000282412167294
24,34.836292296550724
40,40.97387841068531
33,42.0478027686583
51,27.401560769204142
13,16.02259959938715
34,41.53396886970301
22,40.09425010256137
74,55.41289398671312
74,46.68059786203973
20,43.470556857276755
15,39.34058085241226
20,30.20403836230212
19,35.15957947052716
43,42.90778773300723
62,46.460140204585535
32,34.325740776021725
39,35.20811931387882
60,45.922709896244875
58,43.397280519936785
40,38.219814114698885
11,23.85123440324773
44,51.63146110743016
36,38.851658746318556
22,25.572887700493137
18,29.278366904141784
41,41.84589114839612
24,30.086682790494592
26,42.536190494210956
36,41.40207176106998
37,40.843327125898334
63,37.60060177899194
33,39.51998192391724
44,45.82650775723281
25,27.95275472913691
43,59.5547937334422
40,37.528029574678186
48,37.74051924147728
29,37.8105769463218
32,36.525632113603635
17,37.454135539795246
53,43.01335260998683
50,42.9456000238965
48,36.09146972505281
42,45.18102105540756
21,34.69484886774302
22,47.05495527117327
34,35.89325247023085
50,38.483203891957075
76,54.42569406306629
19,30.872796161190745
65,56.02158173821203
41,37.92658110485517
60,35.365742100635735
22,21.632564308419184
33,35.74067876248134
53,42.31808111286897
50,44.87084116935209
61,38.839538566794005
24,47.53387350181626
31,28.098189658573464
14,32.51607725216534
69,42.33239907526165
23,46.245362039901586
39,40.321265477070554
35,36.43962577322357
53,38.24347813042723
44,46.34860676437157
10,46.9686575831551
29,41.2092630973692
60,41.93411820885988
20,33.628951058471635
25,37.08457031148816
36,40.076917172259634
46,43.42554211477569
29,38.8277940500371
22,32.05470398296358
65,34.63962493297277
52,44.467373170330404
49,42.089032842988566
36,42.78796859225312
55,37.771309433996464
88,51.15271553627362
39,37.62550875756351
55,48.24537130955864
35,35.21858214502095
74,53.19147565144977
53,52.42379448387297
76,41.87835227379868
65,49.008512106487785
39,41.592861585913134
56,53.568236563186616
35,38.44664350337701
32,47.72595328546654
50,39.32692973513983
25,42.04644049188623
23,36.37365083589598
29,37.359046314457935
14,29.64986370708904
40,42.60384819525118
28,39.109052994775574
73,47.187564656211926
22,40.21820295894638
59,46.35505737440632
20,19.917323923471162
58,39.42515861277835
21,23.932801276780083
30,41.64466610465005
16,31.53434296173265
71,34.93590245552823
40,59.87330672784511
33,43.32957743992262
44,42.49437989376946
36,42.19128515976685
22,38.70898759019736
37,48.15422821710564
18,38.48788776425838
18,38.57853375838327
24,36.74978712341438
66,44.93623251847616
34,36.12348369200181
36,35.621629268282476
62,47.23190476901102
59,40.76568763441257
47,49.15731178826407
81,44.35786453368554
15,35.34893493340748
44,44.57149190994655
30,32.616306839050324
52,33.71343032274085
42,55.072926998314784
45,36.05591228978835
21,34.3734287571729
60,42.97929968129817
50,43.65466511873463
39,45.195891105276836
21,21.519206626464026
51,46.272700532048866
71,46.17524997026475
48,46.17327998519516
18,28.191691733811016
23,36.43951597494214
53,44.08365058529832
16,36.200410186274055
60,47.4919067805892
17,19.086850438065145
35,23.101116688825815
23,33.65747277231297
48,29.63171765297334
63,47.516457298605886
19,47.1997762572621
37,41.6792492031398
32,35.1110080709958
61,50.76994795183177
21,43.04392865291275
33,43.5235856488499
48,40.31066554354454
56,41.355649634916915
53,37.251338399081725
18,26.875181431514378
11,19.353223697367554
47,53.567007242050124
20,23.13769695059606
65,44.336343363771604
17,21.092396853924505
46,46.89348618264966
40,33.475908181720605
21,31.8944025314567
33,45.264291179624905
20,35.69184879227348
14,18.748034995790977
24,31.958610506225913
21,21.517579979139377
30,37.32040251583883
55,44.8255280018996
15,29.392975159649467
39,48.38241351898572
40,43.77399913020312
29,37.13449356349547
43,42.04706530499814
28,22.63522642393733
49,36.64682684350085
46,40.651817602545236
57,35.52044494167407
72,46.332592007571655
58,42.77181203911725
25,30.835054782568065
26,28.518150760871432
46,43.035574649796565
23,40.154129944984604
52,39.6522094251257
30,37.46311211333386
59,28.232834723071786
36,43.03576901431425
21,38.44549252657229
28,39.046068368906525
53,48.12989991520002
49,51.65077057009333
50,42.661952925508906
26,27.188247490433522
26,44.94984383468072
45,30.991984345399764
44,27.23213364088747
56,42.77124924396094
18,26.231808395948374
26,23.565481411628458
34,33.38307250443652
61,39.71267669854273
30,37.22346650401288
27,26.276714668649614
27,32.04565662643119
15,39.15603539835454
82,51.13779638166944
10,41.92719969657271
70,47.627136379198525
59,48.04226436510073
71,51.45061582881015
47,44.469080154765905
24,24.00283051701876
15,30.708182743792143
10,27.92191743269173
58,35.9249031599214
51,45.990131008018324
32,43.7084553687581
19,34.40385323936927
55,36.8329976969374
31,38.699419738238795
50,38.41744652739022
32,37.58980408919236
27,37.890627878023544
63,43.70796623972923
18,15.680038319844178
53,36.01401282647837
74,43.43928927204729
49,43.92306823079742
36,19.13254906076246
25,28.593656550227447
52,49.14581821597836
13,19.287638281060048
31,45.33720260335735
59,28.03414086204939
38,45.52489160608236
70,54.46037414261534
49,37.57133039993252
47,53.04932764969056
50,46.9271670618974
21,28.6400005558505
31,36.30341515007471
32,41.03023857057232
37,43.34584989894518
69,48.23453225333077
28,37.15837730108537
25,42.37766376563943
44,40.69408864020697
41,33.9558892637971
40,42.110530263929824
36,50.227715302423086
44,40.04638062664802
46,45.178148569792064
45,52.55100806634046
35,42.44858025997324
31,35.52005234300601
22,26.18209852387407
19,41.94573421180412
46,40.878077825836115
58,44.37075576847467
47,45.91333321885151
18,43.70756028377439
58,49.14126546939373
40,45.5026344769391
28,39.70765394910995
40,33.55545397329406
19,35.405270251665144
67,47.06951614832535
41,42.95354063919885
63,40.29069468391901
64,42.11218705872638
70,44.21647944531382
54,29.22079247134978
68,53.48162977569986
44,47.37078475950796
23,33.444651090703445
21,31.354538680927302
37,45.024992259992686
48,50.27278142146201
50,41.64350756574175
36,50.310837139304105
41,31.482414932266558
56,38.247857174749974
54,50.75492728217884
33,35.054436477770594
25,22.706906737860024
42,39.88382307326524
38,36.910513267262026
48,43.429626734086135
60,44.66559750122672
36,44.632622624690185
51,47.43886887422435
52,37.71969111647696
59,47.853560563604304
61,50.572598058324495
21,42.30567088168218
20,22.389842592142248
34,33.06409704950931
53,37.329663643377906
29,35.556856464428805
24,33.41008974597344
20,33.93095406931174
31,51.620633706255404
67,46.89683896632847
49,41.58620452615653
42,49.33118002787089
17,35.520341850578355
35,32.5769374634244
11,23.59447485387653
68,63.40562246483961
33,38.71224038624606
46,37.5255475066867
49,34.10215120621312
17,35.835053783741756
22,36.837185156105285
31,42.93860372095757
21,49.61969375189593
53,37.86776407113846
43,43.48264049842861
63,50.18354944029368
41,40.84817081422218
43,40.540453356231374
65,50.976392716169855
65,47.691724985054464
45,46.28187155922196
58,38.828974205326965
30,27.050675254766993
19,42.90762740764193
40,40.476246545963164
10,22.301305265413816
23,36.94888846897691
21,33.307237049352935
18,35.598744426006036
42,40.162204679353344
16,29.80824047549892
11,44.548262970460236
22,26.620086597588074
57,39.693465847351646
56,37.95994553456721
21,39.64518497882421
38,39.113106162007675
21,15.573979524551326
58,52.268455718880006
57,45.53288907014107
30,32.83231804721995
49,43.273934628438944
40,49.09608567641321
24,36.47213237504506
42,59.61871675229386
18,30.09655446006096
78,36.9639108055766
82,60.25429323421473
10,17.273699085160487
51,38.13948017038895
32,40.699241579240805
63,53.53005786395585
16,20.96227466790423
46,36.73484802655963
44,35.11888637874699
48,42.74620112206944
89,43.48861561881631
65,43.4597004680398
12,37.12279278868661
27,31.60941050304333
16,35.1070285650442
77,50.00294533532808
26,39.47964607153224
40,38.47111046548091
52,42.85058096271389
35,35.780328917050696
10,28.621562512604875
46,47.45041205677714
20,22.419732079047193
49,25.00743800558925
16,19.888525907730372
40,37.2507610911731
70,46.531679101322325
25,36.56527227540799
24,32.362499170953974
80,39.93849053071805
26,32.54416523175605
21,34.553487237963175
60,44.72668083015941
48,41.279215335440576
39,33.38064711185308
42,47.912694872977184
22,26.45422635010675
49,39.86661436717599
37,40.94350390446425
71,52.4062029360617
52,37.75344069646006
46,50.71250856710093
37,34.27121414571599
48,45.685676418764494
37,40.110938850815195
29,41.800361040655716
39,48.83369235326612
37,40.72563718946222
43,46.601078227785656
57,37.510376569352886
11,32.303977461158496
27,42.56344257502056
18,48.91833292301534
23,38.183739109448695
62,42.86354910851336
24,34.46913896509783
65,46.30277885029891
13,23.54128260046561
80,50.35551983120759
38,38.41378126268697
49,32.47107826160156
25,43.199150552175134
17,39.947316295770435
46,36.207319590754736
37,42.48695291522303
59,31.42572319332599
48,47.8126893986577
18,50.63130582158526
66,51.71051024277813
63,34.43330981293451
40,31.866450483161376
33,55.39396140622407
34,38.19287340816646
66,41.362215939146736
21,22.36406841042162
41,45.04420852127377
69,61.09899885904412
62,48.52209688741612
43,44.00817030193198
18,24.527448172575955
13,34.754206578837504
21,31.08106569911961
49,48.306378822763655
49,43.21839102285863
20,36.54157637533096
29,40.23220778718736
50,39.694203601423425
20,35.42867186694788
31,27.727040970293356
39,42.95286282176198
53,41.017554661080496
63,45.448871656594605
32,44.40835993348631
37,43.01650276463901
49,49.77697518591556
37,34.63985528688814
48,42.34547727104477
41,32.249567097544876
57,46.29937261996324
17,35.92283765701949
62,46.829115201442434
77,48.064048643562764
38,36.10565656881979
22,31.810400107922884
43,41.173893458262654
41,47.93355306314145
21,45.517729772336935
40,47.48323336174863
14,16.639035658460433
48,56.14645500667117
29,43.229088374136815
57,41.29621870740462
43,48.64600587846134
24,32.36158057157351
48,51.337135705805714
37,41.88526621649943
72,40.85600371708994
38,42.170175915835664
25,30.236491655992403
11,25.750023173259414
53,37.19504817430838
35,37.935243802326156
28,40.64229793729696
22,31.358033712816454
36,41.29044569963564
48,48.02270046191253
52,34.677607109406374
27,40.42043341312824
21,30.41365695575247
43,45.483934995074215
63,40.78600750431549
40,41.98073433119325
45,43.61028567759827
43,22.02863171705956
62,39.93680156459577
45,43.53945571692291
40,37.34184626460405
36,46.3822797043596
35,45.27206219632585
38,44.594134132904735
14,38.24064855162327
15,36.71437848326395
54,42.30174967814322
11,18.745155528298664
52,42.09034045658983
62,59.12138268667126
43,40.58317824090043
63,48.38756985770394
25,33.168965564339345
71,51.49706315873255
64,48.55566480847359
38,28.26709747446573
36,41.95112037093477
44,41.620290086608776
18,19.942374757465686
34,48.36009727746324
25,43.696002552883776
75,41.48136604591619
27,31.33595771064935
14,41.53337344342078
25,34.03094238246153
26,30.825979896597346
21,39.295482504932934
19,31.144528029263093
32,41.77850417112145
64,45.573639272002374
53,48.51938586820185
32,37.81204508014502
19,27.02988407743177
37,47.072625529491106
37,49.65661192473551
60,46.628022223389536
65,33.49933685524891
28,40.22025101571164
62,45.6514900293774
39,31.733815367606198
50,34.91393508735512
44,43.52212809980063
42,36.936928546551556
56,49.399411570334806
19,20.23296565447004
64,49.12900807318776
23,31.51501944026527
24,44.779767357874114
41,42.74935558464344
14,17.56968876895681
54,41.264982545106676
77,49.37901931395557
20,23.639961443264028
24,25.991807712788805
11,14.250489245019645
23,21.45093707710811
39,42.376992276757065
41,41.06794326795236
52,18.679843908671284
60,47.330821095428455
45,41.95902124906138
69,40.91886102153888
40,48.64903439801082
20,43.59805088049704
74,43.20707435309882
35,41.79577287802331
25,26.147463957979642
27,31.20510607429519
51,53.77092954514359
24,32.8027343302218
52,30.57377266282068
30,38.15485360731013
62,48.70598411686923
21,24.450822255883665
67,62.86685270673111
28,23.388837656311342
29,40.939340228686156
43,41.52900481735531
25,39.34829742387341
11,35.824894284455894
20,24.601490980053676
31,52.11266329935388
64,50.67980595236509
49,50.20261942217947
40,44.06913470255534
23,33.80980878020387
57,42.57369122466415
32,37.676144114980204
62,35.65066549056885
54,50.58965711960113
33,40.32686849997479
18,35.87493173938967
23,43.47576196363151
19,43.77079004941415
51,45.681687259984976
33,35.58795526281467
40,39.12724929118731
32,41.41474243751891
23,41.01841133103263
13,32.255375654004794
12,33.384037767442535
58,47.022901740186
45,36.28288334832882
86,50.7975891737503
49,46.04516312274228
29,46.710981524377985
40,43.18839449461083
30,44.38951732359646
55,51.030375516326885
60,46.862630056668465
54,48.68283616470103
24,32.48214563707272
78,47.193710908532275
52,33.817117160542104
24,31.89397571525002
47,45.11237356851141
22,44.09343389392432
14,36.354812766116545
27,41.48186190531369
46,41.184319511220856
40,43.62070441505275
36,40.63028842835152
22,24.80726143080427
20,40.06130358255255
59,49.61158642248973
58,45.344059632104866
32,37.38963107232162
42,42.9786068738948
22,34.19404100100562
21,27.79573068582915
34,61.216444383844355
40,36.38331985053876
20,24.904941260504774
49,44.07050663415145
57,37.25548249607328
38,40.5418310741397
40,44.17960619414231
45,43.116452576854144
62,32.148710756626485
52,34.95562988190824
28,43.659669264795774
46,42.89698541995653
60,43.42943714595921
45,46.22513821555241
36,42.494296270441986
22,45.38555839192015
75,64.18061906434636
22,26.10934583592153
24,37.92851071682936
60,43.428644201028035
41,42.66745804400027
54,45.130754853813144
28,37.76419757363368
30,18.164449921329567
21,35.03925453539141
19,28.238433418282735
29,34.42510470108201
24,37.83895592484209
19,33.2080379833958
55,39.05779104489523
18,33.20853951129581
61,60.54239739381069
63,30.78572839956437
37,45.80875179891933
26,39.88655743423482
57,46.23343731197793
34,46.46766065091987
52,49.51150104594873
50,49.87131351159987
43,47.831090537507826
10,33.60535578261015
21,40.87843328034526
68,47.31695569288776
46,32.3894814021227
43,43.31158715341367
23,40.748933785551486
12,18.92046750292656
27,41.03007438696134
20,40.79168306558276
39,34.51713407076197
66,44.29297261262095
33,36.29452778455112
24,22.925415092081476
42,25.454489631899392
38,40.6163224034888
55,38.866505292120145
40,47.19286471281289
18,32.50350457705013
44,42.351407102023515
67,44.57227073601214
50,45.95114657167183
21,38.58845644987017
27,40.08949017768232
25,40.480071538341505
67,51.84224214023607
65,42.28590750392235
51,32.802778180632075
57,55.11916125394626
22,26.09644795801107
16,38.24788126882239
27,26.470909809884656
39,42.66767090596587
24,34.65706288917063
21,38.50703220186961
24,40.48451613068214
30,36.660279283057584
22,26.62673001226087
26,28.260493625162443
81,49.44060752433013
17,22.98572929928987
29,47.9064070488335
48,36.36823030630538
66,61.17849658202382
15,19.494961384805613
49,38.05013836145135
55,43.95821606598503
19,36.10397994175498
23,34.2921979219575
27,40.45633675820909
33,38.16940916730992
56,39.254806536084295
21,24.4102576487862
45,35.970233098654646
52,24.88437544480834
65,53.1119269959709
40,38.64504340700242
60,38.01138813442223
41,31.48934920414155
55,43.72866567498515
47,38.86424000851179
13,27.512390184109286
58,44.82750852627958
19,42.503743070228296
66,41.15189725483038
51,39.13311638180479
41,41.496183704609564
63,40.44261633678112
43,42.48540512986551
21,38.06351555361303
18,26.245536981397926
18,45.8428451404438
48,21.559727314710305
32,41.340730800465906
33,40.78128291039217
46,30.500835538532314
48,43.97522655998058
26,41.92639314202054
26,40.63037250680729
70,49.706604604395444
24,39.781223951713095
38,44.443897472115715
29,23.404427820060054
53,41.355329983743694
18,21.970984921349785
33,35.99678721613234
47,35.101050872338384
24,36.51352275578541
65,59.774154588681405
21,42.1393591218381
32,46.18458282052075
80,40.730526049042695
20,48.30842793645486
23,32.14267386232914
28,33.49607443842851
47,45.086154218514324
21,38.99019657603455
25,40.85238695167201
54,42.99613531414133
26,37.9353525809833
47,54.77671381242311
67,27.499664608746915
20,30.85094910536087
17,20.259557097415108
57,49.00908709961283
46,47.624672099238204
58,43.837747868644875
18,33.846914711874255
33,43.60340713860701
44,39.80352982630303
34,42.9347681291607
27,35.91625877694134
40,43.14043488095094
57,49.62381494640811
58,44.666314540156115
46,23.130572049394246
22,47.248432727681696
49,43.35944389865044
42,51.61992048228889
16,39.97402991066523
77,35.64522650870444
27,43.16782456353569
44,47.45075691345477
13,16.491272782031032
19,29.9122101229705
19,33.87373120358912
17,27.528658083074365
28,31.830488249347624
62,36.939201098593394
76,49.65951250927663
63,45.24360386675081
32,26.460113726561453
84,48.51857097838426
42,35.73566107340372
10,34.578210698891304
12,29.227853288555437
35,39.65915798530493
65,30.650695688424356
43,39.59761440005383
65,52.97521392415316
44,32.07782523879545
19,27.58909512977043
49,33.72910271017878
20,20.866405831919543
53,47.151235688968015
74,42.95811789480827
22,22.86722115598428
39,36.761369020764256
55,50.79102301296378
19,26.125204196640095
42,41.21805463802265
59,49.392124835846055
71,49.462634663399285
62,35.879813751221725
60,48.698490805793234
35,40.554529899719306
31,31.263118251782053
83,44.57867536776426
41,41.11911061673126
51,51.69049669476063
22,30.91438803291848
30,40.6935615044887
52,46.793445052727876
19,32.53174738003518
20,36.03288478400986
83,51.47164483121278
52,49.17875812136795
46,46.637725952122736
40,43.638711442051275
19,44.02879083248085
28,46.24399110371935
60,48.58827203556393
33,35.72405272001253
17,42.848693149403914
44,47.67158037252524
68,27.068054648458872
66,42.96208219466741
47,44.94293302977657
52,46.61246807724599
80,50.72373727889209
18,34.64222680289325
11,42.864137735040465
27,26.855614587702433
46,27.934829749129037
10,31.22741563298654
70,62.29475897682958
49,40.60850431073875
63,50.530103301977334
60,40.3858160156304
40,50.946711442717486
47,44.246227092389745
11,32.60859665732532
25,39.428783030035696
47,41.98242066061393
25,36.818364410262284
72,42.094021381916136
48,40.541059392726076
31,42.058616688183974
26,37.498917329467254
68,45.65619972707398
51,44.066822416969416
47,42.04915213981222
42,46.29856664884878
44,46.95057699461949
36,34.978272605451565
27,47.65232752249685
46,46.69933932508303
34,48.3389882879832
44,52.71385958238293
71,40.50515498345638
26,32.18568557766469
16,20.200532033780707
37,35.96606774998764
54,39.38296086916135
86,44.20590816738536
43,41.861569215403776
11,35.92323876895453
25,40.37974400073509
63,40.666251369388036
51,45.366877423546455
38,41.90810959388614
26,42.04575384046129
39,45.763282854605706
21,27.410569882754547
59,51.781618400679015
55,40.772959716869515
30,36.0223320458746
28,40.240741350934314
67,39.05231229399122
49,38.58093493297402
44,43.22905409439938
28,25.628229430170542
27,34.821191472191614
42,39.989199491123806
43,43.674536782330705
36,39.338992852916775
26,36.962880846808275
28,39.034055166794865
24,38.01488151795252
22,29.56311524254602
44,46.041912614332475
16,25.232143568018056
25,39.096214689179284
59,52.12006913444438
23,39.727851505256446
52,39.40193654277484
33,36.32477008532718
30,43.97348486532928
39,43.81099671236452
41,35.8240497063845
78,49.526104082166476
43,44.67864715046116
74,49.101455301257175
11,15.226148799838743
19,22.678345174029083
58,38.94146929811866
37,45.16306684491673
64,47.179482607628344
11,18.372222701021325
39,38.40472026005961
40,50.463550835642884
22,31.774298278648924
41,42.481299337343174
13,21.28750316352994
40,37.397700149859936
18,31.27648529171138
62,46.788815960115045
37,39.30120972396107
65,39.95608132401465
53,44.14451350871409
27,36.358320754212265
32,31.71295494554643
67,41.078328110847835
65,47.165904671865555
53,52.002149209612945
45,34.87228523960124
25,27.372678605885373
35,36.05509263243668
26,24.390147924671506
58,46.66265374991033
55,47.025741944880885
18,22.39361443629199
44,48.84361725860546
31,34.48507743451175
72,39.13641325249344
13,19.97516269275433
44,45.493388541676325
51,38.93892697564306
25,37.27744440498292
34,40.613314079733456
41,38.38476229850482
19,42.106558635290064
11,31.141410069485442
50,41.89310769511634
46,46.99037378357706
50,50.52179743555426
17,20.13390484001479
46,41.34052734047743
23,26.741204934934757
29,40.9347829049539
19,29.63370008434226
43,42.982008694749766
45,38.514938855350145
57,46.050979854605956
45,45.663719374083996
10,37.60498272956118
54,45.87381366377257
40,49.592525103025366
60,43.54751380774688
45,41.134367389139285
33,47.24830020156023
25,32.98567594574023
26,39.89518269414736
22,32.09762803846251
49,30.02848551606647
22,41.97129792347871
43,42.55766302696959
45,37.54511190710709
37,41.98767378620425
18,29.79578328983473
36,42.98219790125647
42,30.59077906324603
34,42.44381590995677
65,41.60445880577386
25,39.52980708279435
47,55.403731154512386
43,46.14626126070156
21,38.055661517849686
65,55.695121420531024
26,40.28704968241666
33,46.646951972859114
31,44.34445397825678
41,36.49030112928086
47,50.31436997647809
45,36.24872475034522
53,34.7042395216804
24,33.29380368132793
35,44.07324905281864
47,37.989575378827936
22,38.036330254725605
39,36.882646162448744
85,45.492806435680386
28,35.70916201843134
66,41.09223152771821
24,34.028032076592005
15,19.395913278107706
25,23.364815173664052
56,42.62335840842577
47,38.286552594664165
34,32.36659220234213
23,28.586533672508104
31,38.63493166530005
44,32.234147688119954
24,31.885804944718934
46,46.7933701673023
26,23.165998057064456
28,49.46437356980652
49,41.83015003047858
22,37.308589476833916
40,44.97630865870681
58,48.39429735490974
58,36.13832929048994
34,46.42202931298262
51,49.73747000981893
56,46.06362869348725
24,33.8459796063517
63,41.914622593019516
72,43.41177045439895
18,19.7895610191462
49,26.00279388082316
68,48.26921296640617
23,30.79227495266987
38,41.31516787167707
18,28.924357140429557
38,46.12036049137688
19,30.672037801980228
50,43.462927156883616
62,43.086775173459294
54,51.64846990859376
50,45.10116392778881
64,49.94160561861413
40,52.303638988991445
23,30.5061746556523
48,41.116353875623545
44,46.4673014153816
15,28.455976524919183
22,32.8742512859681
17,19.22712051018962
37,34.0880688819844
72,40.8319339979712
51,41.71170770330894
26,33.3696208014918
16,41.53360758572427
44,46.900473812814944
49,37.033725000955286
43,41.715664649935334
47,42.00713126902751
45,45.12292689085458
18,34.101182154808704
26,30.44483841076136
23,40.155495133204134
37,45.2072235572454
49,37.91256652962815
23,45.208708635777505
41,42.47285588084991
30,38.156999529284555
48,30.40051848714695
54,36.338333617957254
36,40.221427879954064
23,33.15910805249827
41,43.59767524522299
16,26.144157009306987
23,40.3859590249953
54,28.033082038982013
60,46.29618087875962
37,40.18331413354442
48,37.752002622916606
33,42.671985893688834
75,54.63607223265604
47,39.48723644795085
54,46.677085893457864
36,40.7756862309527
36,47.63530721082637
54,42.96016025556237
23,37.36069013968937
52,42.846620320337685
60,48.394619840435034
77,52.999704829808
52,46.579904493709364
29,40.749269962751875
48,43.17628059208752
12,16.577612934827563
44,34.8288886062453
55,32.9676216696344
54,37.03471259114205
19,40.18023742998622
45,49.800771032139984
21,40.69124133336939
46,41.83143630707529
24,31.910467712915157
40,40.93184725364577
35,50.52360879509749
25,37.176518156215785
71,57.1040430644629
68,43.45517221045433
24,24.65393908591622
23,30.941800703930554
63,47.62504087711704
27,22.552815591180014
60,42.80159730968132
59,46.931634657224265
41,21.616441460107602
35,40.08159999641732
50,38.54382778475572
68,52.10826501944429
42,40.351245257230076
45,45.77221501903504
32,49.139282987527906
50,47.258038463604436
41,40.581708723365225
29,31.616983527091666
56,32.167815744945514
28,46.46373378801334
54,40.602794144120175
34,37.97502169915629
22,30.90874147653772
38,37.397377598293154
32,41.530628909904614
23,36.27913127948287
63,47.899230762087306
35,38.99030412702595
40,38.92744627403005
26,31.12909493910779
25,32.5468725057758
30,29.99427812975401
26,43.998165502436024
46,42.31972900099761
39,42.173167621953056
45,50.60198518348135
26,25.79602807218779
62,49.715452490774396
23,46.83378900468456
28,41.89358866099422
37,38.44073373938289
67,44.08080938847441
60,43.56062097609889
20,33.09910572642073
17,28.799418177991452
59,46.69132622273031
46,47.031099463596
29,40.2688737268742
33,46.053978555542656
16,30.348312498730994
21,31.112506051773927
22,37.667133960102724
31,46.435323776570215
24,50.914336442995044
29,46.578581824323756
39,41.25230684070296
21,22.942561075767138
42,42.7712468502991
24,40.54594983578311
20,23.637318873704686
24,45.924393749811294
33,34.83807465762169
23,26.78745717093123
71,42.73203818475102
43,41.55980638750975
46,41.26746007187022
27,43.21131186769874
25,35.308047653964586
58,46.940218064651255
17,44.45225846503627
10,18.6201521721214
23,34.56614265097821
22,38.97506004816828
52,41.47122650388356
32,35.40693649941668
44,42.8887535073198
60,42.420624100456365
29,39.88901602431977
60,52.833566778386654
21,27.388416833288808
41,34.593521268414186
67,51.59560777183585
18,24.427464310787578
47,49.64007141804607
38,48.86301387529264
38,47.13128893309016
46,36.11016278511668
11,25.48256281014923
33,47.106957896346884
62,42.83024212111328
55,45.62852730447127
13,34.77141402331661
44,45.42544818294663
21,26.724350376227985
30,33.70707891043486
46,42.66757251591698
11,24.893178614696268
21,42.83052624599961
64,40.505158281940936
23,31.680580021887227
28,41.86927950812335
27,43.58006228395772
46,46.90392121699601
28,40.88259243721879
58,48.779931518121764
54,33.89644905565695
72,38.423725921492824
24,24.052476789474017
21,26.397447031211463
40,35.41007038969624
19,21.073666321117734
24,51.06508339462684
48,41.73846202810095
29,44.579848640548356
29,32.35218733559398
30,43.962070103876655
13,25.769668327097012
49,41.46243304075037
48,40.62705672633294
34,41.11630469699048
30,23.81978513916658
25,23.59266327514556
46,42.94303212744162
50,51.363249267140425
37,50.73941135785935
16,33.01744974585
37,43.68279860295641
41,40.700629842198374
17,36.92136450077714
24,36.37323059528053
62,46.20864959118992
51,46.611624409227844
52,48.40408020746926
43,27.68415476066187
21,27.000142118844877
40,44.36179330400011
50,44.070953843399174
18,26.42053368776533
19,25.514925393086926
22,36.11825455400717
27,36.00705109612417
30,36.00638338238536
60,45.714036845392556
56,52.42604148953693
41,32.369556636619585
23,22.886213719570122
23,42.61737427678535
49,29.225590694106927
49,44.93716073757615
41,46.00322645133067
26,38.00283827708599
43,32.86024664084839
45,43.213934160870046
75,51.48990576940719
52,38.91333772269347
40,43.9610668876544
41,38.92971130411021
46,42.47302962342757
22,30.054305326198758
20,32.268494706533886
49,39.58940077762973
19,23.76847828733636
17,37.601572210533384
25,36.17228580811053
34,44.60129417301509
45,33.57468357868168
41,35.47101850150447
38,39.659695260161286
59,45.6388603111019
71,45.60914780803933
47,46.05427717803969
87,47.603438965225
53,50.8200597921128
49,32.60250997397314
16,32.02393832941517
41,40.67007728352278
41,40.98064284170002
25,38.135703999093906
58,48.984157329249946
26,43.64290815308729
17,40.58036764943675
64,48.91007907963388
47,47.42134262053928
11,28.512572455394807
29,35.25622022865682
17,34.35635706440121
85,46.231504681841564
29,22.264069127912013
32,43.576421078944456
46,47.10671006189287
25,30.585024714010792
77,39.79561595770957
26,34.69793105516278
21,33.54281126783299
37,40.7241317208423
56,48.730977387078404
52,41.79583790411994
26,31.049418324337374
25,44.650918599194256
61,29.425182968470867
19,30.65801191664013
21,31.65531248803112
56,36.3189376995154
37,36.95045834913487
37,37.93370583404046
50,47.89840552924351
30,36.966637089827934
64,37.90152855601667
53,34.17625268659882
28,23.397408470419155
61,41.48995602104808
36,47.080447227309925
11,27.732119522906263
47,48.60933532229121
41,35.388134252189694
74,48.35179079291318
37,35.49640905279039
26,44.9055864981765
41,44.29750313430661
23,28.97123586218043
23,40.27520114390065
67,42.112705787903295
45,40.57884756656042
36,42.79803487967131
64,41.63402351112848
33,40.23757122792012
10,25.72882479395324
24,35.343069492404105
19,33.435589151829255
37,42.27538240154208
15,25.487698315819575
72,44.33547120244934
21,47.69136342488004
33,46.76910164427048
50,43.067820066595
54,31.178977884825418
14,24.899271206314896
20,47.52329756031171
68,52.47078029502176
15,28.205126728041726
36,40.10030287535698
57,42.41046877625137
78,44.712714383454376
75,52.074085560014026
45,25.72869402849515
25,49.33805196774668
24,41.77145018479221
39,41.52765361708339
23,45.802785437158725
35,44.16254010626326
73,44.57568916079729
23,21.040756376260237
47,45.83774370472917
44,40.791994868419074
44,46.30383540832969
66,57.663627398056654
30,49.58598618187466
26,41.013883957573626
55,43.18864138644958
20,33.037540589393934
25,43.21862359591424
36,43.15751215977961
20,43.2953104546303
21,42.194971793033574
44,42.28249161694489
16,43.55082454390311
45,41.83391435781959
71,45.71545044616064
40,37.23824689167925
63,56.53872962744152
47,44.638811558546095
37,39.102521438425
11,25.301245574814175
14,18.123792512577605
21,33.91690662923697
20,32.86526665805014
38,43.003359587690504
17,38.61424441023187
51,42.68507743385898
59,51.42086778374972
42,43.15646777268207
12,30.537074333872837
19,46.7769032015279
43,26.683025475470508
43,32.7098564567623
22,35.33413315521124
35,39.50089140605801
20,24.989781203822616
40,41.394744119461414
48,49.17603728823334
66,49.4239280017552
42,35.5408059517528
44,41.78410373507413
17,28.783961944232573
33,45.6452682479869
49,46.26219848579453
45,43.43984906671888
16,22.417775468569154
40,42.95946028334512
12,16.436306314600433
56,53.54110696476555
62,51.106424588721396
23,39.592746079493416
65,54.370939305656606
78,49.69133204868944
31,40.25979459150362
18,28.574134908557017
58,44.141992746590496
54,54.02890696060327
54,55.34858382741003
26,40.60942329528202
49,44.259035764766814
43,42.07950990628443
63,45.12389031204435
27,42.43381843902779
22,21.400361257185306
46,38.30461260155633
52,40.51425850249366
41,41.32374373334535
50,43.154367676677566
49,39.76195336125265
65,35.01827333602814
68,40.30892124219496
68,50.127509996333075
36,39.27338736848431
22,39.5411800794101
66,35.958046247256114
32,37.918834044022745
54,31.547138085388315
68,33.522372691691785
43,29.413074587267165
64,45.340008815668746
42,32.746536566631505
41,34.357441050017094
15,35.46080233879379
35,44.08078686624877
19,41.29346795341653
63,52.882254269420244
85,45.04321070725732
25,30.935935361583905
68,28.93086091447898
44,31.798936900757177
45,48.10794449840917
42,40.97479755034536
49,39.66712220035879
39,46.48639068076843
53,34.29334422945136
12,28.61166108874901
48,41.41841407360471
78,42.80989102858504
48,47.89091816419498
17,27.760232681722
48,41.52141453399862
52,47.23084271571488
55,39.96099713288813
21,37.40717833987346
23,30.242509056493354
26,49.20552370378853
33,41.06638416510182
48,48.15879840685313
18,34.74093518242255
50,34.07709863747895
62,44.16248495807665
57,52.61171045637207
32,34.65788959298173
21,24.736762547797596
40,41.080422095347956
28,39.56692756288854
28,43.00570635849265
37,41.7781511687471
18,24.604289282712948
43,46.80523707062802
63,45.721275269162646
23,30.53228319614651
52,44.21092426878572
40,46.65810319057559
63,49.88988746202147
20,36.59962186647561
40,29.604838169621644
20,33.441004179766935
49,53.193120991628
31,28.76879578359043
52,39.50223056994276
27,39.19140066243244
47,30.80174331637988
26,22.310607242026528
26,39.06818887005426
50,39.636428973615175
88,55.94670589024184
23,39.31677714146023
34,46.91206003036972
24,33.594938564456385
40,38.778934115573584
52,38.094162006501605
41,34.305304406790654
37,43.142029770813295
48,49.424847622628086
46,41.18920001425101
55,39.65550915791813
20,34.00576412394653
10,16.469418460101018
34,41.80785538983804
24,42.43621242525663
24,27.21310374961329
41,39.85418275245237
83,39.44820140147703
31,45.48212412994908
49,31.386609156204415
38,41.46666071937281
24,47.06895146086363
62,43.581009074618436
63,47.42978477787126
43,46.250803532702875
34,34.21540554640149
42,39.24230208081547
21,38.94198996207595
61,36.57469499267566
58,51.261026032289735
48,45.688216635930395
29,35.87158355431066
46,41.867455331515636
35,39.41260307506546
71,48.948447407223775
56,42.716832379912304
26,40.58061389319455
20,28.289116495389802
50,43.238775131665605
40,42.5168147990181
30,44.79640618803003
37,39.66903467793004
65,60.47511288337633
27,24.703802301532427
14,32.83076183204511
64,46.05557499951771
33,35.96937049347149
31,41.65674472888021
32,40.77829904607714
26,23.97144133564643
49,32.25414013013373
35,31.915340735707154
39,43.386819644793505
56,31.038491866887572
50,49.953461652280446
49,47.84166886156382
56,35.83054453164464
27,24.84921276815247
22,45.05243102397432
22,33.395091796938026
21,34.03042115541341
17,27.032402406392467
50,46.702806935125956
33,47.36050279456539
27,32.50794944877783
33,48.53185221157384
19,20.18165147158054
27,32.96943803682785
30,36.32948221083059
32,35.43839937004422
37,40.342266117611345
49,38.23471206382826
57,41.10481908581629
25,28.76750670246999
64,47.42822114001843
37,41.7357509182003
26,32.271848081329566
27,45.09904740198133
51,38.48473026856585
65,48.36709462789776
40,39.47536483997314
27,41.0846177462272
53,44.50406263246794
23,24.263885939522957
39,42.78183246753345
10,33.799583448661885
22,41.214170123538395
78,46.07703152942633
25,27.911012483415817
53,42.07848919546175
49,33.86717399096019
66,27.882619581149306
41,47.102814536743224
61,36.55233637514245
19,42.314154111939686
25,39.48745314059227
41,39.37777026764638
47,43.52319362880709
60,57.28832294970928
28,41.2707379780292
62,48.44035910713861
50,35.542918184716065
51,40.95100805210616
36,37.82361976217642
32,42.3796734375669
59,49.16178121149596
43,44.99158710358372
53,32.254122140141696
66,44.75098264220544
33,34.979157687899736
31,41.79476180553892
16,31.507310811887045
42,30.97134172915668
21,41.21344996593367
43,40.71595493491695
25,43.814097062818256
11,35.165392712614306
30,46.24446870499231
24,28.631523152469484
24,30.905953031995118
46,48.64534334031093
25,28.171357753957068
47,30.628560983854022
37,43.08175365467671
20,42.01251064520001
22,34.505212170566814
60,48.40435194255255
42,35.04078337708528
30,43.610696317311266
37,38.93131824018888
12,40.465568014931264
20,24.12805319481417
22,29.826077100300143
36,40.90772010297829
41,41.17555600710239
35,40.83759861931229
17,28.95980208779777
52,33.371198969377076
77,47.8542681401834
35,33.59276794860737
47,43.72339177067149
26,40.33662297865256
11,22.07763270531595
72,46.43938904019628
40,33.49661417084486
20,31.471034111093037
22,36.210001422937886
50,43.375743213355356
39,44.91243810124804
40,50.065574519871014
11,38.65090988316501
59,44.11344360750313
50,26.224078664884896
44,40.58879385386924
37,36.22330573628383
37,34.69520701628605
20,29.377559354070158
33,35.23000845294002
26,36.95437251098606
62,47.194780378552174
44,47.76104909217654
54,53.05547911927076
11,33.09712116221771
51,45.678012376275774
37,38.05501968629557
22,40.9942985643329
42,47.90032768415872
43,37.51282083471899
59,48.11494252634632
53,47.74103340366647
24,40.85191481128306
82,45.85653111814148
56,59.94137001875865
24,27.89497058340105
39,40.558893180107304
17,27.91956644955314
62,47.69425184623412
27,40.37962664341253
34,43.3514418842973
21,23.72469306171984
51,41.12244404811973
75,47.97004794757357
28,24.96532354825467
24,25.364503672264615
32,37.90587522787612
45,43.15389954377897
20,49.71295850691783
49,33.2622036761802
32,29.35372826958077
53,35.28239420089117
54,48.02636245800236
26,37.183647084167646
54,45.14417078586965
39,43.118325824505725
11,23.549574138410932
17,35.556132154922345
28,13.813589104961993
24,30.81864404647021
75,34.58030887906314
27,34.06900356409938
24,34.10834424990392
20,22.341334108289594
70,46.5857765450284
27,33.09795820752285
39,45.131725657035844
15,42.75367089498307
70,54.3505620185939
21,26.4415312160932
23,41.887754345577406
25,32.0676514701535
21,33.39093258009113
61,41.2635220420127
48,54.31476686959773
20,44.38936744756302
30,43.13858440308003
59,41.89941916635815
61,45.795056249572106
26,40.162620219508625
62,35.09579708007859
21,41.778898679567874
52,42.42303870370492
38,43.433398893879975
53,35.572024044995
18,29.395556896400507
40,43.67292848279344
33,31.70526632231786
28,35.650800592121776
47,54.42031298148017
47,41.07172362534001
33,35.92594648224658
49,45.42186777368018
22,32.8625022613419
60,41.98670040837878
37,25.95915908960889
18,29.358536957467482
48,43.296133531579265
87,48.60472034002535
40,30.573043451796263
21,27.130711536440707
19,28.78121373157907
51,39.507414697069315
53,36.96479982215678
12,27.96106096210231
23,30.8785400397988
65,54.67004472644061
24,40.82853689614813
71,45.94202742133536
20,45.18449212358838
48,47.242715635599104
26,30.89423459112187
39,41.372143231798226
12,35.323877440251096
49,42.24741483913737
34,47.96927327708141
22,23.80560020850517
58,50.093871308939406
21,36.68353579005013
19,31.673257994254786
34,30.34505132435881
26,39.049355284364324
52,44.07537760080211
34,42.198713572508105
30,42.73764012572256
65,40.162900769279474
55,48.36015359972326
61,44.518012197478086
25,32.672719454261824
64,39.77400812511859
40,42.10113574386314
64,47.37601936618847
44,41.0553019117632
42,43.46311571697951
68,56.78559968770336
29,42.216858393106484
10,25.596793329296773
60,30.678898465612555
47,36.64057257940503
51,36.17483387474885
19,20.464291589121324
26,29.803316361387896
40,45.893115132728674
39,37.03744482179242
13,31.518460329945604
43,43.58794964277341
43,48.32209697954792
57,42.404728025507914
19,23.562000467199137
23,33.760887081834206
39,43.95520141914778
49,47.76289042289196
49,30.20208538280384
63,47.968069519210864
22,34.979348294327394
30,37.22278039675034
74,51.83951645957024
18,28.308863873927084
30,49.397941263080114
47,36.989252436240136
55,39.331216602431034
10,32.64328550084583
28,27.99210029685323
49,48.21103439536918
14,14.936307199768791
34,39.99707165765056
41,43.142423631955936
20,27.718225258037084
53,46.26831810194868
19,22.91674345282413
24,45.12429139611446
39,41.06471427135092
80,43.16272594168122
70,46.83322761644903
38,48.153476082798896
40,40.27175346369558
22,46.79015826334355
18,28.520462587180045
50,42.646789411400086
17,35.46628128626059
33,37.69155165906726
70,46.238439483998455
19,34.24398995873671
45,39.380803936345025
46,44.20788180461781
41,36.44205861213366
41,38.69787853417005
53,46.93658897187873
26,33.00526051127857
22,42.008961774170004
47,51.39122244538478
43,33.064890693327364
26,42.97015911917753
27,34.43622189342469
23,47.39451251315209
33,44.34005925693113
66,57.08360147590623
60,49.9515498742338
12,17.116970166700522
30,40.48956229066361
36,40.477181951901656
11,30.872645422076268
35,42.238802772985444
35,46.78687448113968
59,45.26965350236595
10,17.352251207296973
18,22.76904139490916
42,38.9285866445044
37,43.631820931430745
39,37.56441389405782
56,44.161858653518465
57,37.810020389628306
45,49.1090668086949
73,52.023954002554504
18,31.81412773581246
61,45.085158748438324
26,42.147349598627244
38,46.75994643287784
31,19.22342889681125
37,39.51022765275283
45,26.450134162677614
45,43.95456336668403
37,43.13697480912825
49,38.327327310447366
25,23.262679873211333
52,34.824072311145464
22,42.01789816690277
39,37.05055381714339
56,45.4041870247998
48,40.90629385564078
19,46.73020334149454
45,44.71518616830686
39,46.787735187529286
21,23.55625618701897
32,34.9823007271408
37,42.72553187162823
23,35.849983358098534
31,44.33901810646437
23,25.93728380411093
20,33.52086872076582
69,51.1709148137396
23,31.94926008274168
44,43.74518941166289
41,33.23550587658077
50,35.48133560239421
21,22.96162537388691
36,32.75839124513733
39,38.456220028670444
53,33.63037284453721
43,40.56669086832247
46,45.9825165065884
55,49.82104183129491
39,40.99145008335644
37,49.52865256454419
62,45.10465426069465
62,40.3694035536596
45,50.345298841043515
76,41.40900478754125
55,45.43724923251415
61,51.259028993663975
18,26.237826730985834
20,32.647663436701926
58,51.52832493402859
22,34.51281026832831
45,43.40535074553216
21,32.87811548525294
34,41.278454304184514
60,45.18992675264137
44,37.34391990113026
27,41.00809415668537
22,40.05575598760573
21,23.842727131949005
56,48.18099431970176
20,28.18698911609044
49,34.62794444338589
60,39.00490774761482
58,45.518843199811954
49,43.479474895640706
13,36.675186695370684
29,38.48119089010795
57,40.314839610302016
27,30.820221841326234
17,30.585902182997557
16,35.34102138980634
56,40.227684792239
30,40.00330304464453
22,30.31105945371789
64,41.70979138203874
44,42.33249608246392
34,35.78973724891017
38,41.475613916007475
35,47.002691212575165
55,53.76450528074932
39,42.59992099167621
41,51.40292789196658
33,42.0479613231453
43,45.21217759641832
28,38.524578847609966
44,42.16495240830343
17,38.84633135374052
52,46.24557645068596
63,44.6469829344541
59,47.316261830632584
49,32.43709475798923
24,36.708048439426
53,41.91779975985928
38,48.08346385650956
55,33.18901002388311
43,38.56266807166164
22,22.946841281215278
60,44.91342530554356
27,35.102744864747876
25,35.26694945768808
56,34.66967169126527
45,53.075989029732035
18,32.05159253346844
23,36.701982256833496
37,36.13285854186149
49,37.84454504701147
41,21.803429345131978
30,42.02049526484083
26,31.078194775502194
30,38.96114489320359
54,46.00879457815315
28,38.227245172782176
65,51.38675972828141
23,39.54927567097217
24,46.339633849915934
34,35.894225245483526
43,31.61903484617825
28,30.57409478366776
27,43.106718905339775
30,33.784444952857505
44,35.56995676197485
20,35.41167951280687
56,50.343399103650164
19,34.385817169010444
37,41.57936421615728
41,45.74381257672796
21,30.817821039721913
67,37.711359981678044
20,48.108888932472865
36,43.67892271164603
21,25.239695141028793
21,39.08811520182373
55,49.235305769203606
38,36.10313492703178
23,29.84627892468476
27,34.24805682611933
47,43.26051339655553
49,44.49187539606941
25,30.065445637979902
24,28.583928032657905
54,48.304076194834394
62,47.4168899725805
57,23.162891942085135
37,42.82594641035007
67,62.74639064234435
44,31.816158649458274
65,46.14855052750874
11,33.37118814320724
54,46.25035523177417
35,36.254111022814804
21,29.044932020277884
58,50.64155064730391
35,39.55919037262157
48,44.21355629470902
43,44.69993440886562
35,42.100209949080025
46,41.39192440277268
38,37.11243612629002
47,43.135148752469725
11,37.35681349999002
44,47.378059329303426
48,42.928380038135074
47,40.66320895222363
25,20.726237317408685
47,39.03676469981135
58,42.44771041502355
35,33.587913554426166
18,23.347461797948945
26,46.401340062766494
21,33.32914302426221
46,39.95890710575657
52,36.61098680137316
62,57.390860769739035
37,42.17069642152329
52,41.144491969659555
30,46.666578713496065
64,43.38637221640778
34,34.06959055115346
23,22.43984258818984
29,27.992647905497197
56,38.07496328170366
29,39.49866553079924
34,49.01184447604555
38,42.11256673192993
39,31.0538942648061
50,42.91944546342832
24,31.744029930118163
41,39.90994630052877
50,34.85242772215086
79,41.74707170711103
29,34.10760493876502
39,43.7357998630498
48,48.69812865870786
41,40.33801748380408
69,54.865680865550736
22,33.029621709035084
36,41.52635293184748
39,38.31777318363201
35,45.3883041630457
46,35.75988583880138
67,30.725511316631376
55,44.59209206719838
30,35.54086344578748
31,44.86787484802693
35,38.80437520578508
34,50.19548673923606
23,40.136492238466296
58,40.74001870841353
63,42.04011583494502
40,46.15652827830841
43,43.864498271020814
57,37.80405866591296
33,28.27022701123723
69,42.61216971633408
18,27.685381363992843
42,38.276243683693835
54,45.67862494000496
42,42.65324974054039
60,51.453815637998304
54,50.61076553680014
68,26.861559861289134
50,52.46432264093238
43,44.577358604599254
18,14.68581446946992
19,42.18546840762357
20,23.625599300956942
19,30.34318290442634
29,37.47335242383051
34,30.50788960661066
10,35.59377925928275
12,37.26246510603696
37,41.79585457551359
32,29.133098531331747
21,30.378948245507917
39,43.275473070501576
22,25.01572061782973
47,37.33359714131102
23,23.635432167766357
20,25.769085318367406
46,47.64922967448401
23,33.639521431961036
40,37.123159644530006
39,44.176120327880554
28,34.40365928788549
18,33.65899744467584
35,30.910715346037055
24,39.31169268833665
48,51.14326843766562
50,34.82116338687405
59,39.311662087970326
37,34.56779251869296
30,43.34113806958129
48,38.126333496466124
32,38.67567068878143
72,40.91167300648127
11,28.666495837410295
19,36.82306720066979
59,43.06360473393229
89,50.763467959219504
10,35.76889557106254
21,26.6230618994441
60,42.81915333108289
41,33.67984121048194
41,41.196594722774606
60,38.0185116778489
48,44.13913268714171
43,46.1957980211043
45,40.81321057342668
21,25.7319601489986
59,33.711705610563705
65,40.33835257957648
31,45.77768659135963
45,41.706760875475986
39,41.41939102366553
36,53.07382425873331
25,24.52791685442044
54,41.11047797555484
37,37.03645745173437
66,56.531833108962154
37,34.195290106096
61,42.05152762374009
44,26.8688139085432
48,39.08599020211463
12,28.10149382740593
22,42.656394516041985
47,43.14205501251669
34,37.680492494129105
59,52.18743338244696
39,26.20858556218338
72,51.84988351044345
48,47.7540377338919
20,38.46045549437466
55,40.87934336628225
51,47.2331055324409
25,39.15782443567112
30,35.47352055459121
28,27.760469265251942
67,40.64929033800324
54,47.28391818111044
58,33.86604380055614
63,41.45905830226826
32,42.844554861496256
51,33.7711856592422
21,24.488203099070805
73,44.55222117579111
55,36.472313616850656
49,45.30261153219108
20,35.2500179656357
21,40.93040069413729
61,46.47290754296495
28,38.681416623987545
32,30.207496318307477
42,42.03899678575769
17,21.912027161188547
24,41.63228985260031
38,43.848316189428324
37,47.449011622443635
23,41.812605259605554
29,42.10612943386721
45,36.563885912558746
46,42.7325292846343
34,47.24037641962146
71,42.18303535349112
42,49.15550171223137
64,47.06314851093229
18,42.05109395778727
26,35.274278312867864
51,39.38247103878165
60,61.51613296427451
41,41.83824379828652
51,32.12303021494881
35,39.38150993849169
14,16.646819789888955
20,29.581016482658214
16,27.9707227832027
22,28.120033422505582
51,51.34096722919023
22,29.845290856727335
40,49.30932996118979
29,45.747405859394846
17,23.484047006406687
24,26.93860197161878
43,49.436341797923426
66,49.734813815452924
33,35.660001976221174
45,45.62327384786924
20,26.781052198708363
16,37.11120828307803
28,45.558886612142196
33,43.16595108903725
60,48.92617617747462
22,36.559985490939376
35,46.52012759524687
25,25.749371938130007
31,22.56335858603935
19,41.797053148488004
44,42.16052080947991
22,45.81736297686718
41,39.6636749010525
31,40.25662157726839
32,34.95956916717624
35,36.20510738720823
19,26.579144623902167
67,52.81480645042975
42,42.55135194003819
72,40.181984033971546
43,45.63824233929867
56,46.322122251911736
52,52.8094785996964
21,25.6125039443667
58,39.380475281948854
14,40.819336258511186
74,48.019935188688024
42,39.57495136287219
40,37.15591387274659
41,34.78764967355967
46,42.526698607211884
23,30.645047883283848
26,24.487151288387366
57,46.10388246342191
41,27.77818013264168
44,41.9974860257976
30,38.408243033999625
46,43.5334476290867
28,39.45908166820458
53,45.18401938461463
38,45.22607167858796
65,42.20530368114278
23,37.69877693192847
47,42.65567318073616
42,38.02255052836321
32,42.306501551245404
75,43.26376547448088
28,37.328927336141206
50,46.64582017309918
52,41.291692290281304
28,40.087758236588215
51,42.94494246853432
52,44.456239210594624
48,42.15247916416195
44,39.74081432345551
41,27.092022835962506
47,43.476286639082836
21,31.470336071987695
15,31.835151707073145
38,40.919873846807675
44,43.492567711009485
83,48.2688417013662
62,48.96899399293232
21,45.064610407471676
42,40.8431683439867
39,36.88570749779541
71,40.70835813490254
44,46.722596466041665
51,39.242768731321014
52,35.60454071495245
23,39.68224381362272
29,39.33017575242087
31,36.727551940553674
20,32.608692773997866
21,19.565769999548802
37,46.43957280091055
33,39.98978471837045
20,39.56060008923033
42,51.05732131505804
59,38.973173231004246
44,51.67045007459585
32,28.95532808736562
23,34.77116582415235
17,22.496795038679757
34,37.79217233287508
64,38.8560955687417
19,44.88163882314488
55,42.259112298962165
17,18.077249712353016
16,19.316571371595426
46,40.55608245950295
41,52.83013965083731
53,48.366076967645924
22,39.23476960638861
49,46.00148293601127
64,43.58787561976595
74,38.62657279809398
39,42.61655917494559
44,45.79336427544709
19,41.193887467753235
26,41.706891962744095
62,33.85802252397233
21,33.07434040746911
33,40.07942770451615
36,51.26950394696824
29,33.81801147935998
42,35.52494868723566
13,30.782697543297203
37,40.5514292603732
34,39.8008139195135
43,35.326176166340616
55,50.723210754174005
65,43.679667788327826
28,33.49649084451165
41,41.99535196649877
43,42.13787096707907
50,47.69601649929333
40,46.02989709877738
51,44.203099732681046
53,48.815163910643584
22,52.329418897722405
45,54.225984733779995
31,43.84585289545583
24,40.98625845045584
46,41.96183611707586
10,41.647671046112116
20,26.0339524184825
29,38.55799259377879
23,39.66202602539088
39,32.47724967102019
20,19.63430105841128
45,41.121361065941194
63,40.40918299043988
25,36.74409543615441
64,34.26011393964754
34,35.58950869132566
47,34.345074780531746
26,42.891520709734685
50,45.750203650890406
85,50.07473713857039
23,40.58970939304373
60,52.47409298243221
23,39.767903617746235
20,38.279888943010825
34,42.68080936827553
32,37.360857626003195
29,43.22328802033526
61,34.76169483291729
63,43.187319244620895
40,42.92135179305922
25,34.42497011042731
51,33.14025236518926
22,40.432769382818336
23,30.45670124844994
33,39.27608681105075
43,48.59311843221268
17,41.74625780575233
65,58.380985705438505
63,43.65638769169237
33,23.51570174392353
24,35.17116851420308
41,38.585626823814756
79,49.86506342811803
54,42.54512350080572
55,47.72291800908504
38,47.53623535924813
77,37.84539289794841
55,48.223526327610635
22,38.68660016466156
28,40.07219763405022
49,49.76332216725749
24,46.79816556318558
50,40.83044466794117
18,30.27808763642699
63,48.39350795351823
50,30.74899910883485
41,32.573324266843244
19,19.273632970220604
28,39.262871414942055
33,43.01538966309489
22,31.421298204817003
47,42.80475922196546
33,32.56928743627838
40,47.718738527152375
42,51.53042731468294
49,34.3145487463807
37,40.843960621701214
52,43.980385368588266
37,43.2813168233825
16,33.37876251341285
39,43.38124826860613
67,45.60145808575762
22,33.070530356338566
24,37.19105246345724
20,39.11428618129424
30,51.8517950784829
20,28.940486793296746
57,44.82857631543367
42,39.26035823279514
49,41.72263891248785
22,32.08574349236317
39,46.87895641596815
16,37.499782855156894
37,46.28468752979873
53,45.29317122120171
56,39.785756307902126
24,22.388553726595866
39,49.49184882793
24,40.01291486557353
22,45.96047611543042
48,44.02345649352228
22,29.235743971750484
46,45.24622775139501
52,41.788841989084425
38,38.70997447959246
53,52.22595941802533
20,21.407115199117605
26,42.12471797270563
25,33.42573201789757
57,50.29586373502329
41,41.302513944669336
36,30.515678415345384
33,47.810312405584874
40,39.695394096024
71,43.082866859398045
40,41.561772420594544
19,30.911759172308816
29,41.86938817829624
56,39.27223483144618
23,24.464183297624487
11,35.58162273042662
23,29.6108836664881
76,47.87946500481479
40,42.47870662577505
54,41.357762030959094
65,45.264017980753195
13,30.958201685590208
55,42.813356474062466
57,41.14624796542386
65,42.70133615989298
15,43.02535924852944
52,41.133730694939
41,43.4511917576343
37,49.945920906713155
53,42.94812944714398
23,34.85279479379036
23,49.454282763859965
43,44.24807889688672
26,41.890363891135195
74,54.784127503935
58,25.720434195692842
23,38.017608127795505
33,30.584373709593507
26,23.188603486564038
25,35.52509994244158
49,40.57746165195248
24,42.39593004006331
33,43.60930744005789
48,49.93211988337979
39,40.240722447539
20,35.84108276444903
40,39.68729565631747
52,41.18402371915042
15,38.21656851400118
17,37.98264297049437
80,45.2187407367966
42,24.90125695712696
21,30.430303468921114
22,24.062883206192865
23,41.34925423685511
27,45.535252982402874
41,29.7659503458609
27,26.825045513792993
44,38.83127542893864
43,27.82442323823937
20,31.248794998258226
63,37.411527534502554
30,38.43262550558884
13,28.042138054218427
36,35.69053357049766
47,50.607402939153104
12,17.860825507604044
65,42.52645651161508
21,27.52953111374716
53,53.58565228717076
38,43.062434630885576
63,63.60121330724856
23,32.999302487108174
19,21.167093386105535
21,31.645576776299706
28,34.498710165426616
53,34.38302699672693
19,36.22296851211697
57,36.36111933692594
60,37.38779174351839
29,27.6269097893253
21,36.27776072092199
29,44.24648067173055
46,43.57204781352634
61,44.924000181693
17,32.404900678523944
26,50.161497515486225
34,47.50756789647616
41,30.991452167161995
17,27.007324026394354
19,31.741416429004257
53,43.754832584140956
42,36.819633296164
36,34.88027712475467
49,41.57121367438258
52,32.73452697889084
12,38.571148717472255
37,34.63471481502848
42,35.24321014284619
16,21.208517359324073
15,33.62011932237834
28,39.183723843254896
74,47.49161059792993
32,38.17433652312945
20,33.277771731622295
26,37.58399355565793
49,44.186300706530226
24,36.05195739768909
84,43.884394929100964
16,20.291392071435816
18,36.10389197146277
26,40.261684358185974
36,43.37949770500829
39,40.516564669902735
29,51.11403674154978
59,45.33851332659265
38,40.67695573925647
66,45.922709896244875
47,44.00466128768799
29,40.49860889243992
46,45.63944165133623
42,42.795697662278805
43,38.44154536582136
66,51.18273820945598
18,39.13554779631434
34,41.46035004655037
23,21.286779414111052
61,46.78375546372645
46,33.43065660787539
64,49.950008353432814
28,26.64811287180118
39,47.20236800234874
32,38.89347784793639
58,43.20706168669287
59,43.76445143192686
11,35.62546990826309
45,28.99903878179641
43,19.381963356945118
60,40.217597609191756
57,44.4543936394124
57,37.400855239882446
51,46.32875881731125
42,25.543788783122146
21,42.4793758599764
37,33.66026995992998
29,43.8505970510999
26,38.50695856311413
34,38.87774052966372
29,42.557337309625446
46,46.79469941176216
42,41.402838235142646
38,38.44925273111885
50,31.577596987852793
40,49.61221508969821
56,45.670038012659596
74,46.50272755153135
21,29.319296055296647
50,40.485340350630224
10,29.542269044800136
75,34.538722436679365
13,27.88576469507901
43,47.477206685862605
21,44.530601757752926
20,34.943211570333105
63,43.036295172070325
47,27.929013386909723
33,45.47986725060605
66,27.782167133420845
60,44.99752884206474
40,42.75389434357941
30,42.787507455221956
32,43.405589576975444
36,41.101243024255695
56,38.4636988557478
65,41.566016463905605
24,29.375452397103544
60,50.29724283480528
30,50.449886223623345
33,34.64536144922615
21,40.54523330989945
59,54.24203200108037
60,56.205815674658126
26,42.493952810490136
24,33.34756536288071
37,41.72364240701479
13,19.800084291105513
43,43.57846720833312
23,46.927791672952566
47,37.244423914777684
22,42.78501634504774
39,41.400301613831765
48,44.64324071555428
30,36.574939790683054
53,42.49888638397956
47,51.484915785970294
32,40.279023666993595
25,46.343453778876935
36,39.71485171152352
51,44.122815612191395
20,43.60960195928673
42,41.777021694132564
24,36.38993463263487
50,46.84777972556988
52,48.0637039463064
22,47.71197380945364
44,44.70893954676801
47,40.92275866834626
31,34.91121938514455
27,37.899589522456786
40,27.81900151716166
54,49.06463259117306
51,37.14253567254884
61,31.29475612763929
11,23.103499259769027
34,39.94656985805382
62,59.5501204843786
52,50.9263777499327
54,44.34059456950939
91,47.98331572475494
20,45.31125686123046
30,35.264893523371605
28,42.7004091949255
14,36.094788976001226
42,39.87452201737451
32,41.820373193619886
18,31.109532282726217
40,34.72047684424868
10,26.440301431439522
44,43.529612954701015
54,54.7233827602712
27,21.96933370753623
14,26.647450133093244
59,45.933147670590095
22,27.843737354225023
48,44.331518166741446
12,37.20337265126685
20,30.41798725379041
45,47.19603923640002
69,44.325273574089266
45,48.80392991107546
41,40.40942593875025
29,36.066519388318405
42,36.044009220162565
23,33.96975650668754
42,45.16396881799969
26,35.6876359978065
34,18.279091800900066
24,44.75686182145744
69,49.781753330015924
60,39.322533650779704
55,29.38191204237608
61,22.219672849897947
46,44.40175701565347
32,43.346695380551736
26,36.77321728178501
33,27.265714676079288
36,50.090500070330954
17,31.896116326170496
46,33.74037334095619
71,45.544376398297324
27,48.051793920994186
50,44.84530532455183
18,23.271868134794918
41,45.115411879221966
47,42.1983662803637
32,37.626241388947136
42,46.7658760460588
50,49.44975389334408
25,27.528059630460476
51,43.21323427700646
18,37.51780327332046
36,30.178188097540833
12,20.2317683982684
31,43.39981572666361
35,35.70532397446554
35,35.439383264048345
11,43.46070027473327
35,42.935528069998576
18,35.65635970906496
12,37.54958049317985
42,40.91011290784206
35,47.68803632582289
17,23.38239202843618
15,33.76035361248495
31,44.767964133747775
14,36.40012812185748
22,40.517244837810836
32,42.10358962373828
19,32.703545038253914
47,37.26961822752899
30,32.71454143580083
75,42.718639813098505
42,38.90140709790699
66,46.94810949449309
67,37.45758490676215
24,23.664885146472496
15,25.04287923619156
23,34.51070720868023
22,27.284791691835103
49,41.25409991945684
54,56.17579773213262
56,61.87814301763944
23,33.39138913259538
22,40.684443337288855
25,38.83784236353595
11,31.18458368837868
62,42.25079983100699
13,35.29875213786193
10,32.70241696794638
84,39.994615323468196
22,26.683025184878385
36,35.72231932850281
46,39.81929148910337
47,37.81920575971585
21,37.43544554843902
48,37.13751093497221
52,51.86255524670747
11,29.98411243734519
45,41.3912752869999
16,30.080807733552025
60,60.19018869652782
57,37.213863230655164
39,41.97632029511391
21,41.853710418006905
54,33.86396384843046
26,37.626267828908915
38,40.033682343194876
48,38.76408464728539
37,38.427493112679905
32,40.1124098142213
44,44.15467959924209
20,32.287326878545066
17,31.412391813293606
52,41.03815148973171
37,44.67699751090665
19,44.235917940934876
24,43.200746931359234
19,40.92807922385107
31,37.61915280040112
64,36.75368294464752
19,30.303540955824772
19,41.76205523728219
59,33.75581470622713
18,23.80832998261793
45,41.44285416036776
69,41.45654815582907
28,41.683429750779105
24,29.869574502261784
27,47.229073666534894
73,38.06339466786147
47,50.90052249119826
20,42.84779046758487
45,41.39538322920066
25,43.36388652674785
42,42.17724518344121
60,48.43182458262097
21,29.69432655836938
38,41.599423324204245
23,27.910154537631257
55,35.652976302879345
42,43.95140932836414
65,42.05346430469194
24,32.72925254151132
20,23.333026836856853
36,36.93304628293122
76,55.824075806618815
62,53.46620396698665
39,34.12503696542293
52,49.24008982879371
33,39.557940969407795
38,48.70915752491618
12,28.08121120921645
46,50.79818660078308
25,48.097042245655814
25,41.29376907268843
39,33.48132800549904
19,28.74808439017111
48,32.74122897538284
29,41.956060843325005
46,41.55488253274943
12,29.976367929024363
26,32.684628012959934
52,51.258418929779744
18,26.887559081462356
44,47.41927624944972
55,44.59430042316771
40,41.300995099276314
44,49.386676316942356
62,42.91387883815203
19,22.439939945923896
30,42.28490387544445
31,42.330851975101915
41,41.651775016281036
62,47.74852594860562
58,44.4457925183115
44,41.978976725967414
26,23.078317555843178
59,45.13814936964352
46,45.59679723135371
22,35.20901000296357
34,46.066929553297214
51,41.39763882657345
29,35.77595641722744
37,46.33834967959271
18,36.1493020273476
17,19.737782460805988
37,39.44461131025119
18,38.51063845679867
64,39.25285021090439
42,40.24844116075401
49,46.801261008044754
78,47.92524050935124
38,35.84908656680044
43,31.905240147593688
22,27.730319660589544
38,45.524136777268914
53,48.46319635099781
16,19.506065434160885
50,46.731783384932676
23,25.890935004771922
52,35.82094142369235
54,42.492228563180404
16,29.88147868167425
48,31.32456081816848
43,27.423453493420965
23,38.312456657627834
17,34.541345118047644
63,46.70832921586291
23,29.323598796287914
17,15.93933994216434
22,26.516236958392305
16,33.32578200971811
19,20.930733271339037
27,48.06117223608282
45,44.35490170248929
51,28.982045905305252
75,48.24355972876099
62,40.042924800412216
52,43.77055765404758
20,50.736791927032435
67,54.554127007293715
24,37.66417507360489
25,23.939793556152868
44,44.57386422599072
19,18.363520916776082
22,33.319400094985845
63,48.40867481970077
21,39.986634244555255
35,44.762521651865256
65,48.08540461288642
13,27.139446798290134
11,32.887262110551525
24,32.10204761967523
20,23.15850922104771
52,42.22428734814694
46,43.79837366572822
41,39.85542290974467
57,44.9056052562408
59,24.654179653601
15,38.18737473499658
16,22.13625335509143
19,43.24039229244832
44,43.56742803903109
30,43.37186183983243
36,43.263825353390196
38,45.66771964960678
45,39.16684334491693
57,47.4982623311501
21,34.74928324095638
38,36.10451619820581
66,52.48352377963254
40,42.95461136610711
45,40.885404331954376
39,42.138169236262165
36,45.312749852037086
10,29.624900071144047
53,48.26009292136428
18,30.900811422368403
19,35.426406097395414
77,43.04583337880737
43,40.469733637654976
70,49.59126501203969
33,41.62468469254963
53,37.67805534769245
69,41.00924896162347
73,44.712529437643596
27,40.37402355102924
72,34.608896281852424
46,41.97529553833052
62,52.671747012611334
33,43.089233433320544
42,46.570974582566485
36,36.06004970317565
14,35.33352208521925
31,36.622573792911794
21,25.789564294587972
75,45.12809699573656
29,38.959814147344055
17,31.232828535732178
42,45.436906950382564
28,39.42024543029492
47,36.64773867213639
51,50.25278281870513
30,45.602023392816015
46,37.66059476085808
23,25.072692801503937
18,27.457948615461245
26,31.33588420595746
58,49.721776835113815
59,47.655679917715396
12,28.28013204465586
38,48.196609015792454
19,42.99043002842702
25,28.126267227199847
10,34.058742606632315
34,39.50524498697304
32,42.01686009944777
32,46.9572554690211
51,40.13902745734779
14,34.89136168427343
22,45.54018571415868
49,37.89093704901293
30,45.755997687299384
42,41.37662948063772
11,24.475875050495407
31,44.03410342893464
34,35.43580431889653
20,47.88511081807955
50,52.23149247563303
31,30.746962925378867
66,49.17958888857359
41,36.124924951428554
39,41.82181628788378
61,53.674017225260975
28,41.01708000428237
19,28.384710575866404
35,35.95242127821364
18,37.97692592940126
26,42.47358488390817
21,43.44912883851255
53,43.17166794879547
59,57.74575051557771
50,41.42049190424233
25,42.42579405528463
25,35.04410433830346
48,44.87902320844766
56,51.27667311463477
56,28.72209590939185
36,40.01239127927656
21,26.642149481894815
27,21.595765879918385
32,36.3896419507071
53,46.66739172008505
49,45.86979504388464
17,37.21917935767948
54,28.146301403964408
35,36.79697949977483
33,39.82287613199336
34,41.24302365337307
50,45.537426523245806
18,32.235402503214715
21,37.38445110817529
27,23.689907939410947
31,31.849959489655195
37,42.10029988128035
28,32.807405687270695
41,43.05114403643739
63,47.92311580000873
61,49.666236780039426
82,31.408536741544875
15,29.387244348774615
64,46.72264502384507
47,31.63698704837395
51,50.627970248274195
17,24.627393569682795
54,46.78309846952561
20,31.321486709384526
74,48.86334802509961
34,41.678173300908085
25,39.11116630644583
48,46.9097075774255
47,43.311916677622115
56,41.47536598470359
23,32.45354075734126
55,34.62945206424754
37,52.91862981568448
30,38.06524498278126
45,40.45146946755886
22,31.067568121262248
21,38.90394620724484
48,44.373848489538084
42,42.30296102601356
23,46.646768095523875
29,49.08132415679068
55,35.45732294410193
43,41.490658297461785
45,53.801151360282795
41,36.01559425215648
39,40.0475278070157
85,45.46023636806034
12,13.67871603433598
48,41.45569578194458
45,49.62144986293765
16,37.1925677681924
27,44.79886519106155
14,23.111233261466673
39,44.14024898174099
32,26.883420978105242
16,12.921543057136489
59,44.29323457494255
26,35.05054048807117
54,44.95412730943858
66,51.019277529685326
50,42.46251102603176
31,35.080400274614696
47,41.57860179841474
62,40.21436469768603
35,41.395598253449805
65,47.67900986905329
12,24.534152858642607
34,43.24841172857984
54,44.298601264346686
56,38.24915794276916
42,36.30948539349684
27,41.140461948802134
44,40.24595342284369
74,46.52304581248232
36,47.932042059500276
37,43.67850415757235
29,48.958519263498786
41,43.17348170422935
36,37.38076323977835
32,41.36222815451489
57,38.395965135117414
15,20.2131312780848
44,46.25424984732567
22,26.44910567258978
20,50.16428058010816
43,37.264435990640585
67,41.50157589585919
30,38.63785489202206
52,44.42427671027554
52,39.27711360999665
25,42.23560771834511
38,37.74563020283625
25,39.535294568213274
58,46.48751269180308
43,37.6400440164378
41,43.32262363012459
23,39.57492018636397
23,43.68505629597399
43,41.504637570982844
21,32.2546328607157
74,46.907213768078456
38,32.17369869312783
51,28.277095500882886
50,49.378320147085006
11,37.78839168922179
47,35.79956263239416
27,30.630753088195334
26,38.015531054755186
38,44.904063551344706
64,49.413965629412125
51,41.891540029871045
49,43.92629799069716
55,45.32708428781102
45,42.91361628783566
33,38.48649674223393
57,46.2354659261317
28,40.650054461427814
35,42.066138825117285
52,41.08146672417962
38,49.10183536114215
17,32.677972408621436
21,44.248706404484444
83,48.86066360482533
54,40.9812622522496
20,45.57405343493585
15,26.273652771403917
21,32.007101585102035
17,36.16932379427695
34,40.63254989103234
36,41.90857984383415
28,50.02707735715187
73,37.01270222330778
25,33.932332546536855
18,25.58261811659366
12,26.651623236716695
55,43.772653320399186
45,55.57732194217601
30,43.729585700011924
58,33.62816192059592
61,28.237021132780185
20,22.19618911203401
16,21.23592995693672
20,22.38884507377751
18,34.28629076332682
13,29.549357402625994
23,49.37063365959599
43,38.39348560141004
65,41.22705571018295
44,42.69581096730936
48,45.48784831218579
20,28.339114835286615
37,45.76557088507841
23,47.61026067192822
15,24.223509295711995
53,48.09500123128273
31,36.859843869414746
51,43.39181131988243
47,43.7628096044256
20,32.5568381906161
65,39.7812064623146
61,41.192165355606924
66,46.14019014140162
65,36.27764283865439
52,49.0316443897745
46,32.739595522187734
38,41.68981954984592
45,39.40176360109505
37,42.14182222108959
24,45.789045168464106
54,40.300532539811485
34,43.2725379606054
50,41.85186543284586
63,50.42315624035239
42,47.73030489826017
28,49.78562910314804
37,42.97182293291908
26,33.64605706801178
37,39.44228674192034
37,31.804792094163314
51,43.40150385475953
20,36.0855261558343
36,27.827153729736242
47,27.447231817546566
30,40.890955542195634
65,46.014729884190345
32,41.15722859108317
23,44.994131913969156
24,41.20040955173823
26,49.86753333292846
55,26.55176261884343
43,49.47642448682855
41,42.04578962920848
12,28.267568333944897
66,45.03296272599753
49,45.12575290154974
27,34.66694048160964
48,43.677857124941454
17,28.508808427818444
60,46.72739571369053
46,43.517657413554296
40,46.686568389001565
13,47.1141781889758
60,49.56245852609533
19,45.66902317053521
58,46.73746586562151
71,42.45891996847881
30,42.160157260844954
18,24.853202975112584
68,49.066129148607324
37,38.48528321666463
67,48.09123304045034
48,45.60172604053411
41,40.01009928222565
54,43.0417597687299
30,37.59295586450842
78,49.50687489839846
22,19.775888844362502
32,37.74490581151335
51,40.68890973884472
40,46.264559938600335
37,40.58168190251404
12,35.029949838028244
71,44.65823941085585
56,41.08398779714307
35,38.479203265485246
10,27.666174605912783
79,52.81474476222842
42,35.96010342147943
19,31.61665516119336
53,45.60724820906912
38,38.967138943703056
56,41.4214791552881
36,40.85513711717906
25,33.19009465880507
30,49.3659862025937
50,51.47105309769577
68,45.023773797164615
21,36.451174290480566
48,37.73721801810888
52,51.06958055290221
45,42.151799391180255
24,42.70012008046237
26,33.803538716160276
56,48.615197531394635
23,28.61436733458501
23,33.7264868727683
12,23.889929981063254
23,49.12329719762889
41,42.99064235215561
25,43.791773252810806
61,40.60510808754325
34,32.656080139470866
24,38.45744527700819
18,31.142667439661196
19,33.62474841752256
55,28.969978226480194
52,31.28656090165211
25,22.378574187260266
20,38.79198476152126
18,39.32524339227015
38,37.065418691789866
37,45.1312854694466
58,29.71050312780634
17,18.009184806274558
62,49.15927121015494
43,40.47917701690266
43,43.45784268527915
64,58.3442017699582
69,46.966333940607946
11,24.73803878025842
41,39.123078469929034
13,24.112284992986176
69,48.24179965486947
62,42.06953980064873
61,37.42525752727245
58,55.77848951148838
40,45.126010444170504
31,32.352442263202484
20,37.20450202483585
22,33.80465198330969
63,48.75429555458279
60,45.22081935745424
70,48.416020965133576
34,40.39912995977666
47,54.144266230111015
29,28.75565694516781
39,42.083916944793955
21,36.324927439648846
21,42.366801083349216
28,41.657883357369045
25,22.186120674979158
44,42.29806166384917
43,40.34255432719741
23,23.818214791679114
10,37.25444582221432
43,41.35281667657793
56,46.41841511928928
13,30.38325309382667
23,41.85820665891142
19,39.25460819614537
35,45.254519031492144
34,31.093449842532255
44,44.344676789438275
53,45.17864313730018
27,42.85307077854262
21,42.57051994617907
48,33.590719887202454
55,40.08034496755475
10,26.131516578053834
20,27.585959363430806
34,36.15247231368673
54,48.26367904628025
18,32.64150843522996
45,42.881535921593006
24,38.45658560208201
14,47.613308467613166
38,41.201925803148086
47,42.39639844464945
57,45.95628582973975
41,49.73029371322883
15,23.16991208812041
22,32.8917895822806
18,25.594345729874764
37,35.40635748945602
31,34.786625719826255
46,43.79319446173281
66,44.69745209276666
18,36.7903088578906
67,48.56561520781426
59,35.49999471628992
51,51.40980898452316
38,33.6271963695154
15,31.15762421992838
36,31.17169056140067
50,45.01667416532396
37,38.20904890426402
53,34.612282555296105
56,39.610081382367405
10,37.348723816879115
16,17.746992545853544
43,60.835981211925954
61,46.56954615597353
18,39.903240205011954
52,35.500772736307795
22,30.371983558539558
38,42.867207277989884
27,42.19400600964612
57,41.433366727923655
69,51.363249267140425
45,47.17235445447051
49,31.483717203920506
39,40.510190562690276
57,39.33849838840416
58,46.81922456252797
30,27.536721457604035
45,36.335023568667744
31,45.47607549367584
58,48.47869369384861
39,44.246128957184325
67,37.98282894466105
43,37.01800274011938
57,39.2453562193202
23,23.38094349648598
63,54.23453522408967
34,40.156318019202374
39,47.93429581459284
58,49.04721023715819
39,43.06731695863862
44,45.551761799974905
25,22.656641383364157
53,46.08757208126504
55,41.035776669378336
47,46.53489947130025
43,45.594257406144294
59,37.45328965478126
26,32.712435436857895
13,39.218099902078485
48,38.797873620731586
53,40.30310528259089
20,24.027309232529692
56,49.76487131782983
50,49.2084868009793
23,28.309701338365866
58,51.83725475887807
47,41.18139588695681
21,42.257475829859956
50,43.46610963817247
60,43.10414371515347
10,26.855818724763225
55,50.430280131220236
36,38.4914499006165
79,45.84493393181888
15,39.25477307353998
29,27.43660476205529
36,37.89034090679494
24,36.838313952252825
41,41.01449846742431
42,41.92946569462399
10,28.57427593226043
55,41.51746670361544
46,41.1532259758209
17,41.9583686041717
31,43.24102017690186
52,43.67001471041063
53,44.004353398146996
30,39.76591305570089
27,41.572131808891754
22,47.758808423516975
18,31.136857269528768
42,32.55008512792091
44,48.21226606206919
43,50.873105551997675
37,36.00066878274278
24,26.19936861738805
33,39.02698492928796
48,42.1397465013391
13,16.04177759749738
29,24.07198176722169
13,31.946627437293436
42,52.031473928013654
66,45.69026961079421
59,43.289333055172754
42,41.32929476814892
36,48.78776240945322
10,33.01227836703769
55,42.21167835969473
38,22.704300453580956
48,42.66468937286646
41,42.64440367550972
12,25.706661697399724
41,39.468115841117935
46,30.75098491414341
33,40.052767095934755
57,47.60769915672554
25,35.32141641897459
54,40.17231931184923
22,43.46897426489198
45,43.35275474204181
24,31.631156208730577
22,48.06231355387662
38,36.19348957611733
23,44.06701836720597
21,37.60034153952425
31,39.958858966418454
17,31.940975095273217
60,51.95390009366338
21,44.04701596246013
39,39.66573666172517
48,44.29926087367578
17,22.779249568298074
39,37.46227367567997
53,32.86599593226815
10,45.8467202861606
28,39.870110605703836
29,44.24556302575496
28,42.655854154143235
41,42.21849002759046
53,36.96671291186889
32,39.453358435563885
20,41.394754491597034
39,43.877360967102874
66,46.6190959711097
23,31.69040965941789
17,42.539474358099426
55,48.688339448284665
19,33.602233205051405
47,52.62129269738712
65,46.1097538463242
13,31.02991100703261
33,46.84393377737001
10,20.48804620753518
11,14.00739105185981
37,38.17492603316407
22,34.69551699882964
57,49.18766619503701
51,39.841585268568814
15,26.927151678661044
24,21.880980935817416
52,34.53966885750182
26,22.83557084791071
24,43.3866076830433
53,39.32515642952726
30,48.00049605576395
32,26.6642384619106
14,21.828974513463386
42,44.02438989835757
37,32.898175143925364
53,40.646242606392214
23,36.10454602414141
18,21.010507084352163
35,44.17718494562796
24,45.131329651684
32,31.93358882867881
53,46.65091292662809
41,44.449180457189534
12,32.318637745190365
58,38.31355937795356
28,37.21532376009014
26,26.99500533694972
70,56.52725786231239
52,34.211787473958175
54,54.72625006055546
12,31.943225935624287
20,31.536715733977363
21,30.951815305121716
71,53.802146661349276
75,45.273176116947305
46,49.42379541349894
58,37.478588916652406
24,27.92890340280306
33,44.37494104807544
24,29.556243035156005
26,36.28053933508311
26,33.34166743076677
76,49.775089802347914
32,38.69143445249801
39,37.35549323560568
38,22.961694768771363
46,41.85306749028337
56,33.47659830258768
33,44.07529100659147
53,46.124103443085595
71,46.08129957203674
47,43.29591586534847
64,49.95519654516257
53,46.44364423377227
17,33.46292206987142
23,32.58111284623964
54,37.32118523638591
55,43.849048762546715
21,40.67760436266432
21,35.67225787021312
42,44.301657348117686
60,47.651079138604835
49,42.445238031989895
58,43.19338115415965
17,41.440378011263
43,47.17531478060626
19,20.383830588893943
46,41.283454446746
33,35.83348443280245
33,36.31049571378361
38,46.996185622137325
34,39.925571762699725
33,33.8500304042476
45,43.29210345430568
65,48.15957186183033
39,44.88995800128308
30,37.90339612213335
21,27.104701489444015
16,44.3144435899267
79,46.39179580915497
38,42.290861301374335
48,46.60807594683809
65,44.886049352888676
42,42.26105011481467
23,47.191009462791556
45,39.84863547381141
73,41.904646110100074
67,39.12971934855441
21,28.51490281878741
63,46.15445814466011
34,31.397892150962786
47,44.87390832948281
40,40.35444414600377
27,30.50827405945681
18,37.85509925809758
16,16.52229493034114
19,29.27996763434128
63,45.861429259475074
44,45.75721274964836
26,29.655853422930733
18,53.11672644714376
13,45.00987130584745
42,28.909454517247973
42,42.03559639577881
31,38.96499797403263
18,19.01190479422697
74,42.99287651279993
71,48.623225280887254
40,43.21041189360766
17,22.389587618082807
51,48.85492751351255
62,60.22255460302411
68,53.87214393773624
37,39.233784345193946
67,47.333892148892026
10,27.717463665971355
27,39.451732828130986
63,42.24891675616387
34,43.90848651818831
19,20.308815832652364
21,23.725163536364615
15,28.097598509276104
64,41.62212111866851
42,40.75564053483782
28,36.98233167566284
20,41.5801511272512
55,45.92203952240081
45,38.97874498967412
35,41.441949296549865
38,39.64483075929635
27,41.727173903837986
27,37.835240821314194
54,49.669236253757354
32,40.75036101062234
18,22.181815302981896
48,48.74129597162145
10,40.640433693203946
82,42.33367880004779
63,45.54983160761145
52,48.55184423933409
65,48.15055499065197
21,39.58084495666822
23,51.18264448194258
35,43.142636149624785
56,23.775984184229774
40,40.612274204411456
77,41.50641422346435
22,41.19143244984273
40,48.68621606692015
16,22.086430842040812
43,47.29983855310801
46,38.535450478930834
54,44.1194522053646
54,52.181222169700824
35,43.69918755376358
47,36.38736983989871
66,45.19410441064863
63,42.541950319768695
56,40.52274436353916
29,33.659937578669506
10,22.688727625718602
22,24.062358853615983
43,26.652111640318463
37,43.42441732958775
36,46.35408260379429
43,35.635791275182676
27,24.78029352436574
28,37.97654804644224
36,35.038991447073506
38,35.44200458972629
20,30.61906745614467
14,17.797314916733693
18,48.19265111147735
52,38.492761455229214
58,56.19650287616732
68,31.47571353510232
72,39.769248184923356
17,20.215984565789135
28,27.23844723340692
21,39.44239017108239
33,33.66159394552461
17,19.942127413127412
51,46.098280771366625
76,52.64706412024398
18,36.913198171630064
31,27.33984987829802
28,35.15300630393261
25,34.34356458499222
49,36.209959440630996
75,27.758827094550266
23,39.99276468570277
32,29.89448897447438
32,37.20395146039685
24,37.710875033321756
48,39.6252929128954
27,38.6472900268002
45,39.26371441391553
40,44.91759525955676
27,43.212091089021214
65,54.07895607807725
62,31.88497868037633
23,36.922195660702045
20,23.769158067564653
54,47.41389542937925
52,55.402177433553845
65,51.37741414435364
73,40.62294307635886
51,36.16493989931026
56,45.20447075299697
23,34.71618728729489
23,25.388877089413644
10,37.65695207337667
22,27.872179783068006
35,36.292019880325
48,49.60449431049778
72,37.78401123352271
55,45.61094816826589
58,43.2321313521654
31,27.630442209868733
64,41.90219557062684
16,25.914392707310288
23,31.017395005149424
23,42.68536053702056
45,47.335620523113676
24,35.57223216273407
10,27.895480759672836
61,55.76051073306523
50,33.88848216847768
27,38.599038320844194
41,42.053263506955005
59,46.557351255570765
13,15.12655985489663
21,16.69311216660825
15,18.466790157622583
30,41.78276575264268
61,39.004216298181824
22,26.320968692294873
14,27.592705655724316
50,28.814465117125852
20,22.505674771844298
47,45.584184105163
10,38.31355947535198
36,38.521983278832955
67,44.31707406258491
52,39.17616536741453
44,39.2887569249233
31,46.75492090413496
58,40.06177761064542
61,45.58291922926682
36,38.95934359375849
54,46.43678582811348
18,37.793099008113174
14,16.737417661763097
18,17.081313544354813
50,42.49891919400842
53,31.84178267994191
12,47.14328162474157
43,44.74018057715288
34,41.7583846901354
47,32.72472249945918
23,41.42990453718223
59,44.97822284358856
32,36.75945129307619
53,32.44369080290198
24,34.29046918526299
35,35.07045631043111
58,54.845083677690624
42,31.366906089694318
64,40.67488470173917
58,52.162855492276115
62,35.05671850532386
74,38.171283264610445
21,25.66799874774663
20,50.36889182752374
50,49.96757369222521
76,47.73650990986334
25,30.32131449727367
53,56.37483513823265
56,49.40660535697735
19,22.926770256914665
23,45.68983132991545
22,26.127890359172117
47,42.947453946821724
11,38.119157894341335
40,36.8265556828256
47,51.80587090447806
14,34.56313011760565
19,36.55477433846379
41,42.00165341894773
35,38.07238126248857
47,38.772699592571456
25,42.02269331664781
55,32.60653229392998
30,47.08370546872182
52,49.093863691287794
35,40.09335723573051
31,35.90044361851919
23,30.550054825150838
41,41.061680182821355
57,41.75878077224208
66,47.28109434874562
21,37.38393877813513
43,41.31402761083376
20,35.43998593328294
21,18.863633767692892
66,47.054172761893426
44,39.2386562023139
17,35.36847677878209
20,31.93948161756022
24,45.14540538858462
16,34.47335186338683
43,35.48251639816789
15,25.68859516467486
12,24.065175366974525
31,42.198135814291156
57,61.12956764575135
70,41.91402232175573
17,19.833462803219483
17,18.89442642690708
39,39.68453105462331
52,43.9307426244753
23,20.08794050765214
68,48.536156826790055
40,37.85097844160174
82,47.91633833918189
24,43.48531509494871
37,40.571703527094606
19,35.93722433896076
52,36.17829485790102
46,50.32413869289489
63,47.54444548218606
32,36.546634709782104
41,39.08771582145752
25,43.78673300430982
21,22.9822519283458
34,25.035919354315325
10,36.51064096551936
63,52.06695357737058
49,34.310244692194644
34,39.53579758283772
31,35.03477124673289
47,41.29396305288443
61,31.574020394508455
73,54.73074662788693
32,57.55023252196119
26,29.056487557688296
58,39.94085171081994
60,44.357683634844236
39,46.49330578879485
20,38.26636767401573
51,51.359280208034704
40,42.76209701642485
17,24.66749445777914
50,35.53942868946772
47,51.76896646498606
25,42.06970205116185
26,45.372273763084586
28,26.76349632856462
48,40.35839575111378
29,46.66530660120342
26,37.33807034954791
56,28.9109906131181
39,40.75065137325394
24,22.0190564789858
53,41.797678489655794
17,30.56383574727456
58,49.84509951315492
22,27.850912221256962
56,40.58491574606259
74,47.85118886193342
66,51.435310659931076
15,40.6321676593585
37,42.891905915998024
29,30.919635608776574
53,54.85329605611108
41,43.2609030647286
45,39.63091938982522
18,44.01634832169868
21,33.44250867761382
17,34.70250975716364
62,43.831104163547394
52,46.06780862747625
76,45.4704477382747
60,46.77397344509689
32,34.49914876354746
14,20.951182450007217
57,49.276203713436765
10,24.54690009864567
29,26.81945597238999
21,33.67897202055159
21,44.01695537873171
36,39.779972966407996
42,38.32859676314783
33,35.603669424671985
59,40.95961198529569
35,32.426218031522275
20,39.36812064443016
59,39.19675548029182
34,52.73815133724646
45,42.656394516041985
20,27.46316503775098
12,26.63448697649751
30,39.741352773188225
10,34.42592616992098
52,44.001296418508126
40,47.810121229970825
21,22.33218876426799
59,38.84750407514622
15,36.36425312559806
54,44.6640219114457
26,34.43735358958171
39,43.50260898347821
46,47.59347444668073
49,40.709211463326625
48,45.44474267123386
21,32.117747106436866
65,45.28345190167589
16,38.615571708005874
38,43.053411172811224
18,43.716648905780495
29,34.192848446042305
33,45.601198870870256
19,31.371273333043426
17,36.44251660615513
30,41.49992932478913
21,47.41367364470251
29,46.27883175569823
40,34.14676648873106
50,44.760380285884594
57,50.58186901027271
25,26.211581104968
18,35.078332118818125
64,55.23433034248062
20,34.62607085244304
62,43.11714779110548
57,50.49275272430471
26,41.81280545083152
16,15.517710286010153
39,36.40207887523547
11,40.61364281179778
26,28.012444591168254
56,29.891377147710983
29,45.73620284561406
28,34.75669456634731
21,29.573145770586763
23,31.3898969860837
18,28.31103776885449
27,49.94859192981695
48,36.59891996690699
56,44.87233060656362
28,34.58056598265914
43,38.03996213455392
62,37.282488172114675
36,39.700820879250294
14,14.954670215241851
28,38.39129724047476
21,34.76838013277369
87,53.30436129587142
54,43.974143649641384
45,47.76659667897291
16,26.082521494069912
30,42.86479695060993
44,39.18302656357328
35,38.354317972281194
16,28.674173873501026
58,44.786596785305704
35,36.90910266292981
43,40.9713472650602
11,38.62062486536561
40,42.395800621646394
29,40.234601988192374
43,40.39063013949098
38,43.14114204364707
31,40.361823436333
22,34.24088374303682
44,34.751856516999986
48,50.480611172784904
24,40.781223602916846
41,33.731327067637324
48,53.122937423599915
54,38.40476417418388
48,49.19297303779647
20,39.58604253927911
31,40.695851432975786
41,47.715018778010574
14,28.87127676072617
17,49.46388619295168
36,34.188058263359196
28,27.55523961794929
37,34.95008374878459
37,50.06203283494563
15,24.45437856586138
29,39.71491317606131
20,25.50537829699216
28,41.0100397873252
25,39.936944270445665
33,35.104782119576576
59,46.3023771686389
31,37.003242260118746
65,50.03254187580021
15,39.0177714120883
40,42.16935851360696
11,38.12375838598394
59,28.685242682990552
45,37.48674701032226
30,35.6451759857737
42,36.80453462250568
65,50.8699433297226
48,30.829070621232972
50,32.88303525227024
22,34.81535045992414
48,44.68547082830106
16,29.349203498930564
57,41.666889413357566
49,42.7654934722191
25,28.20220739225091
62,43.552231398883976
58,49.777106602450345
38,41.89858843015656
16,31.252834594441413
78,43.01518275490286
52,48.35079261508249
61,39.95671688261885
71,40.23475441226249
21,36.74837557210982
79,44.13025431842194
24,34.173161867948636
45,46.572266916069836
49,38.52821735597277
21,39.72471792070261
43,36.92429744030961
19,37.30149846274351
26,33.63454209928465
72,48.03093752028648
30,32.45368397912178
50,43.41638230484071
33,38.20829399793894
37,28.45645912593876
49,45.53695339574963
21,21.05597484210188
30,35.128862686481284
20,24.13576058480334
43,43.123036781778374
21,35.30496272145374
46,47.01262222363787
60,34.45375780354304
23,28.57315988136314
38,43.21844124807898
27,37.84025134774277
50,44.86264016730346
58,43.340996079751584
26,31.876648631658192
40,38.41470337914577
57,43.554552182666676
24,24.30001505983425
25,37.70966813950218
45,48.53947609501767
44,48.182354324138466
43,47.48088600665683
26,46.77378999820901
47,38.52822274880695
28,45.5712270343998
18,45.84419718585189
26,37.24570259170375
43,41.73742493678979
23,32.97382356574763
37,33.72544998482039
33,47.13926365216632
60,38.6686751548231
72,42.47631297020108
49,35.896185268652516
51,36.632416245539936
37,37.179452156174484
52,43.703078596447746
49,30.96949341378394
32,41.15678414376368
43,43.704326637305506
24,28.0309204836827
60,50.18923799771024
54,37.99779579020043
69,51.20767122499952
64,50.678581067889745
16,29.094407043291188
46,41.72983143463821
35,27.16534728343468
39,40.68575986552364
29,37.93366260807209
40,29.307499820466134
41,39.88771180542576
50,43.600092749841
41,44.85029236183028
18,37.827411565767065
31,30.005833302289226
31,43.39795272944445
23,39.99670145824539
27,40.67856548603749
80,50.48331540024485
13,23.00031949457177
20,40.037389798939266
47,18.332593039438215
56,55.1477932782076
65,46.33452011246928
52,36.034662312779304
30,37.77135364775765
37,36.993326713916
68,37.12907649165573
30,36.53828940424605
23,40.91304278671246
64,46.305728539536794
45,41.76683043604878
16,38.81467569681965
51,41.844397707009804
55,41.406839960833
39,43.84071653720425
61,42.47414010056763
39,42.605013249359516
70,49.204025461228476
11,23.598375738700796
33,40.359978713922
71,47.68316039221199
29,42.02057947685924
28,52.237477225896875
60,54.01173019927296
22,32.75040025991098
44,42.88272431549285
54,45.171362792706866
32,38.25677856921049
78,48.0935792346338
51,34.77187989568033
79,43.22506316019787
39,40.99251681858286
39,41.920789839318275
43,39.89085554696654
11,14.97353796764104
25,44.66441089773363
53,38.1146370986812
18,21.19755670866833
45,44.093233590802335
28,35.20372581952266
40,46.536801898296055
11,31.533410215335024
16,25.051326449715265
56,48.80452304546267
57,39.67244004297997
44,41.61046344746855
50,42.69954877981072
10,24.286084514394197
13,13.984239142411807
45,39.07201217518882
48,43.99732506005535
56,37.757317454557594
36,51.57635994996287
31,35.521074474032986
32,42.993194429146335
65,49.04732310608298
23,36.09193288876045
49,38.25962455743126
25,32.36215101799681
12,17.9254034492048
42,43.32199946318936
43,34.124712074083185
54,43.36728057931804
27,38.13062826568415
40,42.327579212029306
23,27.880353296601797
47,44.824641211737045
54,49.410506926397794
57,39.101401131295276
21,31.408282908109598
49,48.23238725349583
45,46.095850712916906
35,27.50609119865759
57,46.01272102871882
56,44.99378708393519
58,47.91863529347962
30,40.85586930839373
43,44.721713026423856
30,41.080670027632415
62,51.320450620435224
47,29.62023871072739
46,35.353407206638074
17,27.820438048188652
21,25.782258679339563
34,40.01809075445848
51,43.23901496520867
56,46.129790304754124
47,46.439705770747096
18,41.60575943767288
33,44.065817061514345
21,27.201956138819977
33,36.67824606538777
12,18.299310931327035
37,29.572355962095994
54,55.34992881590383
17,32.55686775395857
37,40.4099558657994
20,33.47783084725616
44,44.72215416559763
45,40.62676582244645
24,51.055905012567045
35,49.44108903808081
52,49.091305340278396
37,46.06901474211626
46,51.774004630390415
22,22.096157996664534
43,43.053266374573425
50,41.00672017813061
17,22.261377001513388
24,37.423443129357736
15,44.43193400122461
32,38.716379462843605
32,41.60485611637241
49,40.45683789794439
52,40.91764950788735
45,44.40286094570443
53,49.20432776375355
67,43.295595113821
34,39.937615410060545
28,32.37429385093007
66,42.00572320370699
38,40.604296703214644
17,26.13424453899968
29,35.61581780672165
58,43.21287005016903
45,55.57009906504083
31,42.13454812031617
67,44.586457414644556
25,43.19746624419006
46,39.605740790061525
75,54.329140080584175
42,44.061179024626725
54,44.492688471775956
44,45.06305600328054
29,42.09640931658065
38,43.35469719554246
28,44.522942710633636
57,43.78237631648155
28,37.08001250235593
30,41.35910855030638
70,53.212742210577744
64,37.97933284127077
53,41.93097770730954
27,33.76528337349272
48,38.41701396838949
61,51.67680745030727
28,40.038161899808586
23,30.718281358434396
44,47.771406340631046
16,27.97191668029034
23,26.131995889849218
51,47.672954908982945
15,49.18767377704385
36,45.90997587714121
37,30.365288670342608
20,38.14644137520792
32,44.259198418877695
44,46.0159737451683
63,46.80153968314691
35,45.60671548590115
27,28.198953131556113
23,44.24954745542107
18,32.753245073952485
43,53.70024800234112
44,42.79855854204405
32,46.04753276571108
53,34.11917862229252
43,42.933082452933405
58,48.80109024629084
58,39.866723661103826
34,36.89355530253057
71,46.189427123271926
40,31.290336363572973
48,47.02437610971418
43,41.77227946293662
37,38.736943082803904
77,42.48147288786761
27,26.871628804036064
41,46.91561353730178
44,36.09119688800488
45,45.565714928784935
45,43.769352004286986
49,43.06060847726573
62,44.16045554769962
58,55.36212319277742
65,41.56354674101644
23,24.721778523118978
68,47.5970746609963
39,40.020856092070815
39,41.821430903582076
75,41.604667302363794
18,21.909075702226996
13,22.037042573296485
60,47.18083877768413
45,39.37777026764638
40,43.85237005720851
75,51.24202081106462
22,19.8667265715754
42,52.249698205287544
60,36.52318619445321
62,39.128303400763116
10,26.621357499540924
37,47.70449433984479
68,33.38937521237374
45,47.56743567355128
29,35.90301981780251
36,39.71684674645037
28,52.37144053342679
39,46.893858350111884
20,48.42715748061776
59,44.89745337550871
34,42.84376433839492
20,43.9623611374892
49,37.33876291393019
61,45.60152252524634
28,30.009652082536373
32,34.33581776706049
30,40.58441044370869
38,36.01389653923066
58,41.7385213173668
41,58.35802480746402
58,43.83515040815828
22,30.954437155773103
17,30.85493951567884
20,35.46166608064122
12,13.885245134575985
24,22.622427732618704
39,42.469243651164625
19,35.58491043055113
43,41.789380838188215
45,30.187383595705445
36,47.937846785032896
32,40.055380604423775
48,48.9109232771249
21,39.14355395266156
16,21.014075819095584
52,36.68128801356349
35,41.186910284509615
33,41.92846148397326
60,38.21783730491121
60,61.580544462432606
22,32.280683149794825
54,48.94448073378503
53,46.28612591415704
37,44.70079032612248
23,46.42279548036591
70,36.91462776924009
33,37.341245387659995
37,38.55705826565859
59,40.485086076822746
20,25.95311517070995
49,44.98171742739093
68,54.16078117803802
52,48.871999371687345
71,44.14640417020619
73,35.452759910796665
12,28.41602659054659
21,48.576377956507756
56,50.14546077981881
42,37.68295249165757
35,41.40047186020146
27,29.80124257419482
62,57.489671184357874
39,42.10923280256293
36,34.84964647448157
45,39.842992311082035
44,38.162773055002596
48,24.69853000014598
52,38.83036619524492
61,38.84618035484803
47,24.79685951661015
52,30.027601125842963
48,47.493068272796684
54,46.218939407407824
35,36.221315732219466
65,41.779975185846794
21,29.815818142353756
36,44.35867664532076
35,24.408667898106373
75,42.17159073541281
60,30.72486248473722
34,39.08158812572118
38,45.26413363743726
22,29.958870822605572
10,25.771427484891014
42,49.44911998546615
38,41.41330321840942
27,32.98245180118001
55,50.42313728285503
20,36.273410193039716
16,21.74615907147017
51,40.25957569457005
41,40.83965854029483
61,43.45190208092656
47,51.120713318527606
51,46.03873602705257
32,40.13519096660863
41,45.896670703586004
44,39.56742001926308
20,21.960299855597327
25,39.3803100130259
59,43.69373007379395
23,37.28488650381026
15,21.94546665761841
29,46.84673384945181
57,55.33587139207676
50,34.45709348835012
47,49.232779780983485
44,40.6391429290821
22,42.40064566282207
40,28.608780982303223
43,42.03609564000349
34,32.84164079492614
37,37.15591387274659
31,35.705422865865344
46,47.715310569139085
60,51.72383546006466
70,50.22124903730381
39,38.36611864347371
74,38.33954664055504
26,38.09889014589384
45,43.73641392403438
45,41.50442271259308
24,35.767362414903985
36,42.41158729095193
55,43.65366774717557
48,47.45720543054754
26,49.07025621763857
27,43.55255230107229
21,33.13781776756924
59,48.39215043022357
41,42.90225263256141
57,45.232713182971914
22,38.25003982711791
27,38.376923529039175
29,37.517143261256564
30,32.32317157273391
30,35.347216982559985
18,28.28970338338442
20,41.63031422885722
36,36.24780115699232
21,40.48506024370812
64,37.949856155351114
26,39.60917448457903
31,45.819084502684376
56,46.68756039517874
25,32.930054355020765
21,30.383116926555335
31,45.451557703585316
37,34.07690019820732
21,43.48512660237747
44,34.67808340484063
40,33.44523228158993
24,22.131357521890735
44,29.26692566331498
11,13.803587807622574
24,46.187350624091074
35,39.64425025066816
37,18.049776226067223
41,39.90399306553098
18,26.535354418677894
22,37.50029376625023
35,47.43393385409775
35,50.085470058645654
53,42.72645083089217
43,40.127158450084906
41,44.57738634823926
49,51.72320648810903
22,49.75152121834728
12,30.471421732416346
40,38.348568101100085
66,43.31765465389574
58,42.94217939699205
47,39.99307040686812
20,29.16794023251376
22,22.024925017189613
50,36.7256037056747
55,48.486219864529595
43,46.8094258010288
57,42.55822854893104
24,24.315161112468125
51,42.186208685405916
20,27.494551215817282
61,49.55832160327191
16,31.182160775150077
60,35.45911538540873
13,19.2743503656386
27,36.06482510621617
48,44.80803767905758
28,25.82901050945363
45,44.16970888743728
43,41.245560827055535
45,46.75249491900464
45,36.85030548917292
24,46.37001051012598
66,50.837614456101704
32,39.16592150987178
59,41.46372421463827
31,44.63896291552854
25,17.406304029304025
55,44.418537303885216
53,36.78850198798601
18,20.11831071579634
60,48.90555037303423
40,41.50864046220506
46,45.19650492344555
46,30.94919962011959
34,41.218244238754835
37,45.41315116047294
59,38.12376944949688
56,44.553257970720296
11,21.889887432599377
61,35.574933548210865
26,35.530782337324325
23,27.159188088890957
64,52.968328365340604
52,43.42887408388069
72,46.302550146104814
76,46.73592567572732
37,46.31649699505698
45,39.737669131289806
13,30.85198609222631
32,37.686974001309245
52,38.961698583684374
37,36.688616163270005
62,53.794560987121386
38,47.754903024201305
25,39.572106753180854
20,32.1087054884933
21,42.57287588341466
20,26.630586222610745
34,38.663195678447664
40,39.78097664074051
44,38.54140100531217
24,28.397357971717994
17,45.20586118884759
15,14.237695425213964
59,45.07612903131979
24,36.2435611307896
20,33.18387962758075
34,26.020448010401946
56,47.643824641303624
32,26.499189428972645
31,35.13957094298525
31,38.94314168853528
58,43.84181929254342
26,38.34169461991406
23,22.492199537045703
27,36.22612108858426
24,32.90480436347891
25,32.31449016296881
14,19.938158581786038
39,31.946601877948577
20,40.944973783640144
49,40.74227461910028
24,36.248617632139435
75,39.50717927803058
35,42.585830216036484
19,27.68061212705247
27,27.282907244060375
52,43.15933227661786
21,22.831895124482976
26,48.15741272145208
22,38.46306547718379
33,42.73403055720948
29,31.201746066036236
62,36.608290585106865
40,46.16144953872531
46,46.9529353862378
53,52.03912276006103
31,51.52990421207067
30,42.55509043331955
43,41.075596759293916
42,41.77962693804595
47,40.80093294906196
44,42.8562648298598
58,42.384725396508884
15,33.540293084417556
41,41.3988808373414
39,40.519039868716675
22,23.06699037549314
55,40.42807169243148
50,41.60890389354205
30,51.823148728913374
17,25.48999501351976
21,32.7686401215442
44,28.525811962117565
38,37.61342662990944
75,51.48925820505031
30,35.954795699148036
44,48.44814403039948
49,48.365917957353986
40,43.29284872767053
20,25.558937210043478
21,40.00891586246084
56,53.249075935780404
43,38.727709828868946
60,50.78278543677322
31,56.46959732192141
36,35.98840960198851
40,41.16857414293118
22,42.430016726247786
38,44.88763947093185
34,36.91274813942071
56,36.61301834545953
24,31.584569995001836
24,44.01421596625525
21,39.09649747065809
22,22.8690176805496
67,43.35616820082905
24,26.458592626125668
21,32.65653648885051
55,45.71948417794202
56,41.82580737701189
33,41.21192807067755
59,42.240342169769804
22,33.885744534317865
45,43.4185429094251
44,38.126173015530576
25,41.57660787106648
19,30.710486955855885
45,32.75623964443494
38,45.49886510147767
53,44.42946989747389
61,48.04610556467985
13,38.220709722058494
57,35.39988831756037
18,23.52728907448641
50,36.830607810405645
16,22.44143600185737
33,38.661330796888116
42,44.72262203863471
18,35.84395366218347
27,37.315340478217
58,33.30627326073923
75,51.849861757984655
54,47.116481446764475
37,38.86704868535471
29,31.85641601947759
33,44.25982049513238
42,39.4913509738906
16,37.46855769187797
17,30.994379438080664
44,35.46747378093254
80,44.51152411640113
32,46.55946036232434
39,45.23687135631044
19,17.729106819337755
33,47.39655535930742
13,15.759807988098691
45,43.29812672029009
69,50.83721886209324
56,48.003249054613185
27,40.37469880177205
52,43.39386525176414
57,46.6708063698134
59,50.144970776582475
60,40.719065631633924
33,41.1749147374174
24,40.6292158307841
55,50.746640116722354
35,33.06221090012721
47,40.247142356423154
20,47.33495983503937
22,28.65463499833954
19,27.423141845587544
52,40.95462518398515
33,42.522566727636786
33,47.24921758622509
70,44.124487875312504
18,27.429141491847773
53,43.42664296136423
67,44.81689663079991
45,47.07440179724976
26,23.403714654334944
28,36.679138602721174
21,24.92336228171197
37,36.078203846027215
24,29.780032928005298
19,35.87227097079073
14,42.18717846112467
38,39.257156099005925
54,49.01329599970254
23,35.46274914936543
56,48.257184695888164
46,44.48655199351814
51,41.368559540808675
19,35.59643107659952
24,29.103088749300113
64,42.50982274476719
73,33.699328103665394
37,35.38225119600281
45,38.3574489224412
47,45.42354197701583
34,29.539798784798293
25,43.92831942045803
17,37.738877189901366
42,33.570961020933616
50,46.43877830625806
40,42.75972037375495
17,30.05494138000528
22,40.385294238262034
71,44.88872064702159
38,43.76294177651699
57,42.0269744776101
50,49.515381292009025
17,26.11338601726301
74,39.75732806981112
56,44.37777413909105
80,49.49640264946307
55,40.875749019114444
21,34.440550287290286
49,43.93535062486201
40,38.29731625033033
21,23.273766770066032
19,28.292746787196247
80,52.21292563313741
18,37.76964248566187
40,36.277405588071225
25,27.848955406896224
19,26.9223397142452
21,36.74797115123924
15,34.33815859407719
19,27.363680675462284
27,35.43069132394422
58,55.620221185086876
64,44.84405639254667
42,42.44098955918246
35,39.2405147327709
29,28.250923428492342
39,42.22896944461238
50,25.51298933387687
39,38.618399585374526
75,41.18818109679819
62,45.621496449623436
53,54.76985234127516
51,46.61732004812825
67,59.68858466051796
48,34.25059482040019
56,40.272089082856695
75,49.43796955563331
22,35.74618010409208
13,14.418500170003645
44,39.707168947810686
21,14.372164545845214
32,45.94397268473842
15,22.33172948998259
26,48.41233606427652
34,49.66288228442676
20,20.166487885105624
71,49.71430051535619
29,32.30759134049296
43,45.701677550259994
43,38.06616992510952
60,40.53039496736903
21,26.707280580610348
23,30.95691293626796
41,45.419784897703515
41,37.70719543917496
51,41.67494522005332
34,44.459173003314284
23,48.10236175919042
36,41.4713658045642
59,50.49538870759719
62,60.08842732958771
34,28.472790660981392
30,41.44987777175804
27,29.400080870380656
20,40.20459099001972
29,39.2473394342097
53,29.503641471399668
43,40.2145134619674
44,43.52343039736108
61,53.17614680031121
44,42.24016334679306
49,51.35148615008041
23,35.44446633437687
23,47.14710791213312
17,35.351270121127506
25,39.50701746525712
19,35.11793540376466
21,40.62978353134101
43,37.57907808506369
38,39.00920510159078
27,22.929837713592974
28,36.40975553410225
65,45.86056047521382
42,33.81971412234037
44,44.1370586786374
71,46.12512961434564
28,43.88289325099971
26,27.75499712970395
29,40.183761041455725
61,44.7607180894961
45,43.283363541990454
50,43.996183254212845
51,40.684410421962205
47,43.26017339503876
38,47.684435583234475
47,33.3628292661281
24,43.070184873783866
23,31.881735626466273
29,42.505562745767165
22,30.456057559583254
22,28.375122101108538
59,47.21600146480134
28,35.245766798787606
45,43.275184439947935
31,40.964425659900236
32,42.30481765597672
50,41.37614437060494
48,51.0180945237503
57,38.78648519111836
54,47.826625745060966
58,43.15851939459398
24,39.250429586925094
24,41.77629478043751
53,38.92996095173361
24,35.62189304496544
13,38.64098381850672
48,44.09987667058534
28,33.171770974659616
20,15.433113775917711
49,44.80155213320498
19,38.66979820763746
11,34.926486619878155
55,38.84789225879675
23,37.37553500718016
46,36.372384363762265
34,41.98779196113473
22,35.4920251039193
19,34.76855137738311
48,41.231863606778255
35,43.646889545377945
33,40.552199975088975
20,22.855176805324696
12,36.79909181656551
23,41.54235047629341
60,39.08089182609696
46,43.64194080509236
52,41.69952051374482
35,43.3202645040414
38,42.849242118135045
26,44.889790721966364
55,47.657396819639
24,45.34815686028926
59,47.393118420357894
37,44.93572605079525
38,47.80800017543125
63,48.70648234174635
47,44.81190546534248
13,13.343929646641266
24,41.661582408408734
59,36.19562881913227
55,44.93996802947436
16,35.754628726810125
22,41.058433958470324
60,35.049250643762335
56,39.3759090565289
46,42.65148247541219
66,45.08563577901548
60,42.52160140709596
46,41.244843290500214
50,35.82936308212261
49,44.29238527029663
35,42.33174267171563
17,35.82701079260824
25,43.79266403997732
19,30.201834780728646
17,32.84787836271772
55,39.334467000064386
28,38.06990826054473
34,34.298216490748125
23,29.07810139655083
45,37.733944178873585
39,42.594864722385765
44,41.9512711053384
24,19.00485673680484
34,40.54580797209135
57,40.87177053358498
36,40.85484239191459
52,28.12137364887242
67,41.251146640032665
35,41.74385412503457
22,25.493425522509412
53,45.29708437488362
40,36.69080689495076
19,41.34782300730882
58,50.6333580581954
40,42.52468196457406
40,42.397984808504646
24,32.06785286746287
45,52.429853227900324
12,31.22598442037266
20,31.101021390257305
16,28.83913425439865
53,47.24889482976228
41,41.47260914259076
39,40.97188105948074
67,42.33029710700105
19,29.71438119336543
70,45.44057118613521
62,26.692773454291537
36,34.161332628135526
47,45.82695283261742
25,39.59294623033427
55,48.738732285347794
18,37.03029321589573
41,42.521141310347474
43,37.01141670047408
59,37.60647375630209
31,35.922579825120295
39,32.612235740492515
49,39.10161899446659
61,36.33791443409919
58,34.78503461782752
39,43.8697922649051
35,44.66597028453224
28,33.36755452794776
56,44.53210108253492
20,38.11738423753523
37,44.315188468723
46,33.19673288407355
72,50.31984846518012
32,36.74764787723488
14,27.702215978264572
19,35.74858357109173
24,29.83701528858239
30,40.584153075609294
61,36.10472042831454
23,25.30065089198133
11,39.29324001417628
31,44.17265861418507
50,32.88080085613489
54,48.64394113814228
61,43.70159661448367
67,32.061669672704944
36,41.84194861274653
56,39.71662122026582
68,53.11092148296576
43,41.4160933181341
21,32.659394104097736
43,42.50553966378929
66,39.887628971133694
34,41.328697637259665
20,22.057541651285305
11,33.117412096664246
45,39.40589252776511
33,26.624620302813934
38,40.751800355685745
44,33.2096907853222
89,47.37005637406725
60,56.650225029762694
21,29.98157618743041
11,39.89082198443178
37,42.729159718105336
57,46.40091902055067
54,55.933845003567185
57,29.979506538276013
65,58.789261161788325
28,18.130363845513912
59,51.93721563760252
35,45.216893915452665
19,23.36066130586063
47,40.522014891532706
32,42.95762507228922
25,28.969531644111502
59,41.246260795909876
22,40.21001980783183
26,45.426515081456344
56,46.57437337178579
22,28.141511467990814
46,43.4552133171452
28,41.75430549507422
28,29.99074100621585
18,25.72660269489756
36,37.71459823367848
57,58.326267443506666
23,29.768932898510037
21,31.649138501196916
67,50.274169439139044
22,31.101700470444992
37,43.83021848783831
42,44.696873923747845
38,43.87555574347452
61,38.342465619073025
36,22.290597747317417
25,26.438238202505875
19,34.921375398165445
34,46.580370956104595
23,44.52207081875654
64,48.340986187300906
20,34.75793914202894
50,46.33550430018036
51,47.05183966849654
25,27.159933234103192
18,35.607902822720554
51,43.19835878066776
25,37.56105469254564
27,41.66370185150976
45,40.713169738722186
30,24.143615850536563
12,23.09506196002732
60,47.64654239261512
71,48.000293909930654
35,36.55819706435696
37,36.97109129871092
20,13.198098906431897
58,42.85227512411103
40,40.678389382696075
58,41.10732255923284
59,48.35763567749759
38,42.80752645391635
43,44.011510213962445
27,26.963480297019828
23,26.29920553422936
47,44.99243943182692
20,32.67174592010057
38,42.02279107068397
22,44.26813654373322
41,37.19563038149689
32,40.46820899988814
15,39.46995224173604
16,42.914252586705025
72,47.8256393522259
34,37.25263261943494
58,43.14340575728237
54,30.62559490462463
34,51.44069149902585
65,50.404849802651995
35,41.41363069012854
47,48.00533595399179
63,41.84103750708618
31,47.51936383484247
56,37.9843264466598
53,32.58046175871543
60,38.41248075538008
45,48.19405057873836
37,43.59843046254512
65,57.54395844494842
51,44.45497174159004
46,41.917690745013616
21,37.05376556303413
22,23.042897107282982
63,48.360218410523615
39,36.520068434413616
59,37.97897800803407
20,43.93578622430691
33,38.98182602718449
20,33.05639135284983
55,38.65145525086465
18,35.995331763377905
22,43.7514144521195
56,45.04838898139694
28,40.36314376000988
27,41.25261669035637
24,44.973312942201225
28,40.89159386410766
38,34.39748943867892
39,43.43109344860077
35,40.24093467491456
51,36.46396554512513
25,42.13467582300161
24,25.984865100059505
17,25.706582012913188
35,42.84136120925041
11,36.020274484376884
23,38.55470387796298
46,44.99945423928183
60,33.36799524678364
27,36.145690170008145
41,34.286552837928284
29,39.42259645214165
19,18.54625983025594
56,42.895448617235495
37,50.47109220811182
63,47.092125562993935
43,27.159057970395715
23,37.36456841027253
40,40.34196400763961
42,37.63456244146118
47,58.89520841871253
58,40.55624486209276
21,38.95071355471424
38,41.75089593021845
39,48.795310891168
13,26.93454038785705
25,28.95033416485418
10,43.22520524884756
23,35.280173458081265
22,26.039470058035228
55,35.38384319912759
46,34.44804500187543
17,31.560163891724304
73,46.151725071331356
60,41.5861495673456
35,38.52192931392877
28,41.57544191278462
41,39.994339084327244
19,34.36676685526155
13,28.11561844485827
45,49.05800562753684
23,37.8885580218442
47,52.65393156298599
19,32.04619367467863
63,44.02003087572234
36,49.33004046961027
18,41.08594316005668
57,36.71801442923547
31,38.44338934537283
10,44.67446388873136
25,36.525045704133035
60,46.91912186459984
48,38.57745251005983
27,31.49515659252644
34,42.6339565407429
27,39.71927451566444
47,37.55272936294335
26,43.23779214112746
42,44.76991276906264
54,51.68747047510339
26,37.70945461439543
20,42.7421961399819
38,37.946155318600866
71,50.014626962121845
43,42.8878572162301
44,46.05030942641545
31,41.989892775729025
19,44.44053491402743
39,42.58797311822596
61,46.61895997861814
43,46.50727546150353
82,41.230662798242705
25,42.86302826438864
41,37.46964626664054
50,47.87920431855822
29,41.284912893934205
14,18.389270113680737
49,38.168232080332835
23,40.50426461818533
20,34.85774078829001
26,25.397150072025205
48,42.309506551151856
74,46.852879201750326
74,44.3823810971292
53,43.27059334571557
24,50.26741477593684
54,43.98973709704825
21,50.02888889423818
36,43.17488802533941
21,36.59556814066275
30,47.29539698814322
22,37.04170075080184
56,42.00312074772821
23,38.15832071779832
22,27.550250605509227
36,34.02020098133813
48,46.043920442222905
20,41.466191711021345
29,34.36086365725582
84,43.364880491207686
58,40.60336210569669
38,44.837551074046935
59,33.20056475099212
24,25.519869413228477
28,43.81761374720152
28,41.51160555747555
26,27.36104563701614
51,40.408805859566534
30,42.42374244661571
30,42.238401436877915
48,44.14021613505442
24,38.43505297500367
15,23.17903646936676
26,51.01792604276575
64,43.14014348532374
24,28.63823616667826
48,45.880835291288285
16,22.01134276572752
45,31.701952654640785
52,22.74481775722044
10,34.301163067805135
56,46.7161701724236
27,41.70970846413964
47,37.68074008020008
13,19.0194911437652
58,44.76287151739885
56,40.38983347502765
26,27.573216934268814
76,51.00656603042737
56,35.25139994682184
33,40.73527112511675
23,36.45829913456868
36,40.09842738819899
22,47.13625087008797
21,21.707400975061162
27,41.45681457091174
22,29.915856751516582
33,47.799407879115506
26,38.995505701977244
39,42.36000358056172
17,48.85182672067061
61,49.655805643870984
36,43.817290911731426
39,48.78565496894033
73,46.115286530714414
20,33.58094797743209
42,41.395338628355894
60,47.32728561189944
51,49.99888189165359
41,44.880986615405774
48,33.85725323130444
13,16.121321833720494
60,49.48432006959606
61,45.526591420631895
55,44.87541472889494
35,44.573949880327426
29,44.35268271554901
19,32.78269610679436
28,41.9758932237049
56,45.67514429510188
30,38.10104990714568
23,15.53410770974254
46,40.85265980227594
44,45.95953268900618
53,43.52137216883846
26,44.28364828588052
42,45.91946835459697
36,36.28910919046053
56,51.858916168165166
63,44.147062849727035
11,34.61070866354981
34,33.79611613476439
35,39.96500741347316
57,42.128521239343954
33,28.885092789594214
62,48.435255470089
50,49.97631295548009
21,37.409523826027666
45,45.72612037645606
46,54.53805164642884
48,43.568464873972886
21,44.1697222272585
43,39.61588445857242
27,44.239619456112194
49,43.43872378928344
54,41.154123036796534
62,47.81857603169316
50,27.483176185470615
47,48.068639351541194
24,21.624125256537504
15,23.280102174148325
21,33.77209622732255
53,36.07122145577207
59,35.01516044278895
26,45.26509569377326
14,27.81830267542462
52,42.46803654739032
39,25.654226776312484
49,48.183467767793196
20,31.74285995994178
64,54.866047033407284
21,24.09278290270861
72,48.9679789878071
41,52.80904681421978
44,47.98240264383623
30,39.624172792349015
20,33.27750165635152
33,41.26579765516818
22,42.41569903943767
16,18.05184837727456
28,40.128734489305955
37,28.172403712825936
15,28.814599042064835
63,39.18756650920968
74,51.356079460380464
65,40.33777868880113
58,45.393853971830694
52,46.0993564653046
52,45.40078082693489
37,38.85691616968572
42,41.79488714088143
26,39.77557825588349
37,38.11223142716924
44,31.539269909614646
43,47.715348548352814
22,33.117555867752806
56,42.28857450583804
47,51.56637132335747
33,38.419967138036846
41,48.64898030235568
51,39.661788661378026
32,40.37914844397224
43,43.190111078062635
39,45.41629891153745
41,50.39903093084948
52,45.78831553068454
50,40.677511655105675
42,54.075499510368125
38,43.80825494809063
40,42.88509593764865
39,37.70925622700193
21,30.34631077534948
33,45.529993259968016
25,34.59982522131282
58,45.27153439370168
16,39.166974646347406
29,46.576899723944415
55,29.58635264575116
34,42.06382294729551
71,47.97016746783077
48,37.46262222607854
33,24.31857911101659
26,39.65864397376545
55,37.64392160869008
48,38.32855819241228
49,25.689286709919735
65,43.17677502500278
28,33.23488308345055
23,30.796337756024844
37,46.770055023811025
44,42.57666685806155
68,50.63554881833978
40,46.6917101763476
22,43.20614062575977
78,45.46924394054493
24,46.3200285351864
31,39.37068727602795
38,42.29985714546153
61,48.53032762597652
46,44.4954879307088
25,39.60680507704914
21,49.59142125999882
49,42.35469440084659
51,46.5311658879285
39,30.000429411218125
35,33.16713884183417
70,48.994854742486396
27,40.3208908989447
53,30.37081276372178
51,31.853321092960424
21,21.985382470667705
46,42.59904293354187
48,52.86432447951765
24,45.937041620596716
26,36.643047234232554
18,31.706422262582223
17,21.430992078078877
22,40.95467079841783
25,36.87942782927286
39,37.466253558755675
22,51.101146573638296
47,30.043979710328614
48,41.8424081687778
20,22.393607985426843
17,29.093194633602156
27,40.143787736764445
22,38.10652238393505
26,44.070725484020656
56,48.06846546516815
33,31.75504961617381
24,28.15659424871262
21,40.42485241631873
11,29.944224962606384
34,41.7468050836914
53,47.447367836209295
75,40.59508328021079
14,38.96830010762508
53,29.35488730581034
16,19.088142202433396
76,46.315796168722414
37,40.17033856944301
32,42.97261658551562
27,47.945310484034195
49,44.21358268749609
18,31.927502758283236
39,39.989180030873584
42,37.3350948690384
46,35.434936287639125
29,38.94085412967032
52,42.10738196590865
17,25.89901653341683
52,46.90709115996995
59,56.68977385375089
39,42.597370454483986
27,35.18783661893626
29,42.0625756147022
42,38.24482014672877
20,29.56602210025575
24,26.36073170121632
45,34.57862825509123
42,34.27276648464809
49,42.69070624078768
40,29.501419514726972
20,35.17941017308986
52,46.657687920535
16,29.58426827529372
29,26.667353336411107
18,37.662311269147466
26,37.280022868449606
46,26.983427990340374
37,43.33503615916203
44,42.58603994819262
45,46.35632943707767
26,37.22643003966921
20,38.89735650238672
47,50.622083950702745
33,40.99441318184809
22,39.49011487649143
36,41.174036904607455
36,37.31566814486642
41,40.218422624357906
14,25.109521872895048
55,44.52041915160846
47,51.48830515625571
33,41.64614756000811
43,46.42189471853098
32,38.93226641282821
53,44.059242551571224
12,29.174778200775645
46,39.686588343029754
50,26.486351080949177
19,28.372242329056512
46,44.346705147362556
56,35.76450318818707
18,42.13903972070373
52,25.027102443672337
51,49.33602114413329
59,45.33853044719005
52,40.74654605485191
51,43.524916323525055
36,40.941582143623826
78,55.34032454707739
78,53.19461077073106
48,48.1153451039423
62,49.688790379888154
51,42.39256981393057
53,40.83079443923932
54,36.612281156426384
13,21.29532679070587
33,44.22172034759476
63,47.474818258479715
41,46.670917988361815
75,50.34517377084769
23,28.4979254836404
46,38.38868486188984
57,40.20921447263863
29,37.61318194413628
65,40.88387128813212
21,23.626922864443312
40,42.588661529195264
16,32.73101791913175
62,47.65030040141708
69,43.17354650667985
22,34.911666468919215
25,39.09939420037718
67,57.71783009783814
27,40.776812142084026
42,46.014230587754156
61,36.62094749567764
77,49.42316889734242
56,51.75704474400703
32,41.33526926679207
47,41.45986874748117
52,43.620248714169776
46,41.130669162980524
52,33.072918796971855
33,32.5416899384385
30,38.16791354599043
26,33.765154777087844
21,27.666658697117246
55,52.716202033457606
55,39.696742833975506
22,43.83917888964118
43,43.0303737928446
44,36.11725714178701
40,44.455953060692664
52,40.07608085322752
54,46.93658897187873
11,34.90050535953065
10,28.04092297860466
25,36.71823687041945
47,35.14379787817337
22,29.125364801830518
43,35.903666166091185
45,45.05460138492465
53,40.58139250723156
34,35.62331246301348
38,31.799050455657717
53,38.11255659196957
39,47.84168454070786
28,25.54284401706972
46,47.31299265241052
30,41.368190957712365
17,27.76958046461052
28,41.269130517207685
52,42.34345646716738
31,36.60824606627594
47,29.908152565189415
48,41.30888875508506
18,30.358205330804207
43,37.47246957638825
66,43.60859959882409
52,34.69874091626055
64,50.25846302247015
55,38.4181802820703
46,34.08758530552116
16,34.6394437759061
20,41.97016481110524
50,42.665922096295986
32,39.44378647738569
23,26.009551429719046
32,33.35767615244137
40,35.53489344547963
25,34.832790850379844
22,38.78430168087642
23,43.84883109080634
21,38.435987902251505
49,43.965849711725824
35,35.14964902674106
21,22.291585461017576
76,37.620519361923336
24,27.46813221738965
66,55.215893584243084
30,35.8901113160608
17,27.117741204086116
19,27.78141108469824
44,44.89855041842651
29,45.61256509262531
43,42.0737567960105
10,34.728736311259574
48,48.34740943717282
50,45.89493556529162
29,32.267435500048194
46,38.8743917695034
41,25.99107482307025
30,40.72093732410748
67,45.7174815073024
40,42.212667420497326
61,47.656411801051384
47,42.40164323204329
39,43.74021822793494
21,21.39718997301899
13,31.32547038329491
59,35.80604145829125
41,36.14061593323165
22,34.20456269625627
28,42.39946415843956
49,37.815032344037675
77,44.06568346782277
43,34.92733926919242
17,19.580862161283616
47,41.83766922288416
26,41.34121539111682
13,26.50037929123295
42,27.522088172453287
21,35.23255550000027
52,46.34687891114949
40,42.170324484420526
26,26.17406769409448
23,21.717474031490525
24,44.65666272450213
48,40.13386299871208
56,42.25532000852144
26,29.673905257795386
13,12.337633091589897
27,33.96676625458139
18,18.153290051556915
28,44.61308030413083
12,28.094343100516323
43,44.28173396211618
61,30.795450885028878
56,42.45214431743673
29,42.670892328099946
29,39.08567908228899
69,50.26684363217909
37,41.27100347018051
76,41.72554715307391
45,32.085129915940065
43,41.307370722530024
29,42.99438391658951
53,41.257837242706344
43,36.19750024929
22,45.11976771268732
74,49.92651947750323
61,55.351704565989486
38,29.472655708853516
47,42.64449412390113
31,48.74492173797557
65,55.059526123893654
57,46.8894699086629
25,42.879437926423634
20,37.25052319109306
41,42.309479745182145
68,35.06974745774753
49,40.24383098286131
29,41.376182415965495
30,35.172134138282374
12,28.886047568088284
58,49.65512870970437
31,31.281627218150835
47,41.394460627344834
21,53.68202314740192
21,45.182872876669855
61,39.00063064909533
16,39.38354688268059
34,42.171737079318255
34,41.81947351145589
25,21.753432157833842
67,27.518101830043758
15,20.097935334887282
21,48.184053367392664
41,40.46639763254808
27,32.044078250374625
17,18.459933405626607
30,45.307844327929864
66,44.875412345407625
41,41.29982764858189
31,46.08992952783247
58,46.663734616926085
45,38.502673539661814
24,28.501841457673933
43,37.037150626323054
16,35.43517600653756
70,39.25794810433037
23,34.44217083648025
34,32.092024226361
16,40.91764710416224
38,40.98106922029053
28,25.70462914867442
52,37.44975907902884
22,28.856997617701317
27,50.923987992219324
38,39.068387147682174
61,43.078314782497735
22,22.2039213350293
50,45.10762498831608
63,37.2704859376793
64,59.240790182415296
56,44.60530021824721
22,22.01921679872567
52,43.01518275490286
26,44.83643644159193
21,34.01769003906599
41,42.86047936643084
42,35.145436278659155
18,31.001100132027517
58,36.90121553551788
31,40.4213817806951
57,47.435227713042885
55,29.709393264254935
43,36.78232210285484
44,31.07230870486855
56,47.203345015170115
47,39.06915966156765
34,34.983325207549434
26,36.890523667445606
70,57.39600556211684
20,32.10297903776492
18,46.523817197436436
43,48.606762746095356
24,37.42847932465909
63,48.183717123415406
56,46.26388884752853
22,42.29626241391494
45,34.42000693192352
40,42.73485298551454
10,24.147294201119227
59,40.67649251176948
28,43.60414611615586
20,32.23143696111078
15,32.332525200062584
39,40.66102268661357
26,40.19177411150184
19,26.68483778465226
47,43.33614819837057
25,36.71370528274957
21,24.278506181200925
22,38.64910146770677
33,44.66356702152305
13,32.35712673212809
43,45.95512004783623
22,22.364692259848216
59,42.95664225121837
25,34.1094655280393
35,48.15020998194145
57,45.03397442303412
38,47.62894620592084
22,23.012926167085705
65,39.01493710138031
47,42.56347465619604
68,42.04000583093949
29,27.12977138456841
37,34.39657425796279
54,40.15654708240764
28,37.44117621432558
67,49.237510984121165
20,35.297107067927634
24,41.969880140116295
22,46.896397513079826
20,36.00074711612804
49,48.233284991130006
59,41.62976158644019
17,25.1108704175706
27,47.90686113753951
23,50.4323159007812
10,21.59207216098127
69,43.27797425758821
19,36.34345181602662
55,40.313852921504264
69,44.74536068099327
18,34.524567379068166
23,38.47643803933908
39,43.2197582693156
71,50.608223742653244
19,24.507414220730414
30,47.59216731117007
28,37.864062556458904
18,35.190826505820226
23,28.290345379601234
14,36.885214900773036
28,34.060156799444556
22,45.101987039310956
47,43.22693774722959
61,23.772377205990246
26,36.87430803840144
17,34.049752060881275
16,27.000395971614765
17,28.109842886478887
42,52.25000084201371
46,23.132868384836396
20,45.1124205131966
65,48.09413074943407
36,23.816388151629646
33,46.6233242566358
55,35.87744387023909
55,41.73460189586834
66,42.39318465162802
48,44.44725276721893
53,43.29976279109136
74,41.31050147336148
13,43.956185628495824
23,34.40714170207655
53,38.06816913233453
62,48.13069946861414
46,51.2637295284453
33,28.013486144605107
30,36.14176464351483
27,27.190320602204334
71,54.332924544567994
44,46.629719883707864
42,42.878009516796375
27,39.7384897201525
54,52.140056427680044
35,38.949244350478956
12,19.9222054407506
25,39.182064346322726
25,27.082051970499688
30,41.78170601344445
30,35.642958804717495
51,40.44128364268298
43,49.21696683726801
19,45.26847887338636
44,47.22489259865471
60,51.03202861225012
44,40.81348786384057
11,23.10836264283263
48,51.67869801412663
50,49.63291551222069
40,47.331619977691645
53,38.54931878456541
25,43.66507813988946
33,41.46357831302405
11,41.90717543546223
43,40.865855580433006
41,44.53361073584926
41,44.201380580799416
50,22.86904808023741
23,33.330468969734085
65,47.414461675668875
21,50.2477424343026
38,44.530613074916445
26,36.035692885748105
54,41.98945211831224
32,33.66292860672599
17,27.046314115510864
44,47.98210555792232
24,33.32749473022994
14,39.82858189220845
30,37.830144589969244
54,48.40871316270109
37,38.578915265444536
74,41.601254663310755
20,27.714922415161567
27,20.257139237423765
66,44.54500207597292
36,47.64398621751622
56,41.69345826922049
21,30.36641060507374
36,42.26433846575949
38,45.56210599598322
35,44.390149209885074
11,37.2014943076376
21,39.973795407488566
25,40.7514167277644
16,20.487915403163854
28,38.58087587188462
12,27.503080408178658
42,32.98844857790555
38,43.14973635663824
24,44.376133134786954
44,44.42783646157361
26,29.02989496720436
43,41.055909189634605
63,50.839043128399055
23,28.782971886883416
61,42.515652033214316
50,41.12767435348824
44,40.592293903215385
58,50.795087470436066
25,41.07280983675455
57,61.816955514796625
31,39.89311184268213
55,29.023346521319663
31,42.15087724871961
51,41.21054117206781
67,41.12321937854989
17,31.54063178536535
32,35.80330965743478
44,26.723993171425963
58,37.681149408133294
48,41.166490832676416
10,35.279988659086236
15,27.410143722000043
58,62.05440521697502
67,53.54434778726035
36,38.72131505757482
20,24.081759236019753
26,41.147590705033224
24,39.653076451618
61,40.11921133332335
24,46.51010778727064
46,54.506077904230125
29,31.07140112505992
58,44.39545709271221
62,48.60493350489407
29,35.34883871609349
23,34.12843884595117
20,43.33016934953548
58,41.598186419662376
34,40.02176149655452
28,42.09056947810255
39,44.597478403881475
59,38.49001824281063
19,31.120919691577097
42,40.75112456098105
23,42.75730312946794
14,40.22599426568208
32,44.78242591324036
10,26.7174941498399
57,41.3950933132919
36,31.356470177738164
22,42.86784658412344
23,41.319014249738075
42,39.074620374266445
20,26.39890318421478
53,39.84787633252436
26,38.81068873605088
40,36.63025942094673
46,38.71889018522605
22,32.93824748533726
39,42.549482089191955
39,42.09388663584871
18,20.12671187780573
26,34.484998851872255
32,33.5029299748764
22,47.335293278728734
34,44.911651047776466
50,47.945786964874024
58,39.26990174819476
47,44.02012396635946
59,39.05391744572196
20,23.925605638185534
17,21.428005010924075
24,52.29192952121649
30,31.26704187039505
44,30.283948514714538
20,31.734945595480454
39,41.80215177516191
62,51.18798832713088
44,21.6137409030745
24,40.46155779917349
43,36.07179507549247
51,48.39540147923481
52,38.401826347672184
18,31.530017871448322
66,37.34184930754862
58,50.734909471870694
15,19.944553635738114
20,38.7551827098285
26,53.671900138445295
45,36.45474245307247
37,34.91529738972349
64,48.51437874559006
35,40.56551948485128
17,26.805790181710808
28,25.190774457377508
44,43.64645435838441
43,40.31674798489935
28,37.24246251177287
40,33.33932943844927
38,31.62544840551919
40,34.34458160580327
46,43.753432057285096
60,44.78252380013314
23,46.021699538466265
37,35.142696549576286
62,44.02474789331447
38,41.66018485399974
25,43.59570234702434
30,41.403167909218965
71,53.47459224759775
19,33.92848445361356
71,41.8770642848785
24,36.96451994689222
63,55.07869226350247
74,40.66045942468017
37,47.60133880497929
57,41.65430195582827
41,45.81519553511908
32,29.31580400408602
30,47.34535820316807
55,31.619048422703635
42,39.04360344387831
56,51.010160776723026
33,42.64709710856335
22,39.709538419960516
38,36.93548650694813
22,20.51163358864565
34,39.68832664443523
42,33.99050975358136
25,40.35686278092585
29,38.93384958105344
33,38.90908585858586
53,50.76251950856103
16,44.589111245304075
24,22.83077416800078
22,31.169883736577567
45,27.97860759797658
64,42.813986856067324
63,44.680092318229434
58,35.861723085907876
31,32.55642531777564
31,39.556698619570305
62,42.56131125814786
33,48.149666477643294
26,40.89295889334001
23,39.78015512291397
22,26.13579274647244
48,44.948662553179794
38,44.67199791588518
54,41.62097060039576
26,37.53697559369693
59,58.71097893594041
44,50.00040157128923
18,28.210424419641157
40,42.17983306344242
40,41.43096284270422
56,33.30742165238687
19,29.238888568745534
34,41.885800713924894
29,43.239957477392146
36,33.996223653559355
20,36.43016177044936
35,35.42125789659226
30,39.20625630028226
36,33.5769678287888
64,50.428018996148204
66,37.377728783915
40,39.39331450585357
34,41.61486689761475
44,39.69115898433771
84,40.24575871002129
13,33.155704478361415
39,39.45711826338987
23,46.2933941324257
37,31.228342352916357
17,34.793143620732224
21,23.732092381863534
52,34.70735406733911
49,49.45970128498447
39,40.488527632066855
51,35.30782945943022
19,24.91377216981386
30,38.18681077534605
42,42.71882813997789
59,37.99829831854513
29,31.98920088361648
69,39.06445558795174
29,24.093544310110577
45,43.94436751196015
56,30.69246165963818
43,55.52052321085167
53,43.503451996813865
44,36.007485383373826
40,41.84769507649398
30,32.06991610620717
37,38.69749194888754
23,24.571953783056433
24,33.633573883498094
71,60.24233355431157
27,33.58128807009036
42,51.71128342049646
26,41.68122786926447
19,30.64460130665193
21,37.85683349109954
33,46.46450210740129
42,41.86068468890997
49,34.544192478425856
64,37.508461729802995
25,24.854682836524617
25,39.98195560264755
66,46.26874207199417
48,47.53852286138037
27,43.623200745686624
37,35.696235645633614
24,37.039635029963165
69,44.13337516616836
28,39.381756200812845
57,45.90387444790441
30,39.03270211956928
61,45.42053294911027
38,40.2220374086301
46,38.19450660543587
61,47.419039942984625
16,35.82725534656214
42,47.97568293149299
32,39.42988144814509
38,49.916661030712355
25,27.00362607777086
58,34.49269229663062
66,52.9613439630505
18,41.078051404162714
43,23.882674244016535
23,36.86483170791104
21,41.67575007491345
46,49.262223719655694
56,36.37179103997306
33,41.249933161043735
20,42.03938747037935
37,44.87390832948281
54,45.14542912463067
60,28.833063560018555
60,43.86334416736925
20,26.261115729473914
28,41.58759627032481
30,22.171024098033445
57,51.641895748541145
44,41.02150914799271
36,37.22882343527284
42,40.906007088704776
39,44.77261038624246
32,40.64759232335634
36,41.16195438706953
48,43.29263870475713
37,30.48828411541896
19,27.70065534628261
13,39.07920614103295
65,43.259587298879694
44,31.85562726005523
68,49.98226991622725
50,53.2476919988603
59,61.062886220562575
17,37.42026793899586
53,43.77908496246118
20,29.527134745155045
49,45.66303776203552
29,41.698747982084775
25,27.907655746689333
44,47.326277390062586
29,38.665051060719705
26,36.38736254868134
37,52.189142631418754
52,39.783026161621635
47,28.13841560578718
77,54.07157590683216
32,36.39379607432586
28,28.49620835667083
24,38.17391984028531
40,46.03308853727441
20,22.491863882223953
24,38.547144042530135
46,44.52255370127934
50,38.20863624353622
56,42.26949624584722
15,29.567195254722456
61,40.48000991748522
63,47.60632187584685
56,44.44490856664381
53,46.88740507637155
42,49.43169280487473
24,46.0442135202535
42,39.63729538641197
45,40.315534905146535
50,46.86832350704273
12,30.415799690842313
51,41.207719122333735
20,28.809533052903706
59,36.612922924932555
45,44.89842485521831
22,40.0770956349219
37,49.53683749136492
46,34.1820763121433
43,35.952294260949124
24,49.75248122476669
31,37.258264842052
67,32.66825076578793
42,38.63222540393061
17,21.776918261857112
17,25.396234526413355
28,43.322411890459506
17,26.701358412299573
20,35.039368063373836
39,40.82510607924724
19,26.487528727820035
23,25.47075705969965
41,51.20580338254949
52,39.37079880436513
16,26.667269599771316
22,26.184954414114564
13,35.88959320660837
58,42.386085747767055
21,27.23829908094137
18,29.28333999945837
52,43.26661936893473
46,42.4083865719343
64,35.11560375058724
53,42.6936608615095
56,39.05571252359606
10,39.458679986332896
40,47.26982909448074
22,31.274698467746763
24,23.03456122486885
32,45.8605225401709
49,38.95605511562088
54,43.57160722114227
56,47.39757077993346
25,42.0395350160105
20,33.847104896416376
38,33.54263618804138
29,44.603872336758705
21,35.3356389964491
72,38.1783960838711
24,33.83617255360576
55,40.042079690644556
34,40.13404483041507
56,38.737527861643464
36,45.95923387842391
29,45.64505043490297
35,43.232504618569834
20,47.905614526447444
19,44.212396766421854
28,36.60057404237103
29,37.40300933420993
72,47.60275921371967
20,50.41295433427278
36,41.237230095648336
35,41.24070312347027
38,35.767683347322766
40,35.85909106582074
16,20.8326053930644
38,37.18437335538227
41,42.10275764304817
57,48.03477844950231
60,45.25624406565294
42,40.32107369199542
18,29.560854967229815
18,30.481496148864846
42,42.35850931742473
22,23.705011750003514
30,42.07812638943749
19,31.05387108933754
38,33.879532737444514
25,31.446034055513582
81,45.71947321980474
21,35.45117932776606
48,50.506700210887175
12,17.345422180871964
31,35.1067150977666
23,22.26586645597645
27,36.85534376054223
30,40.387701318427254
22,52.117198578322565
12,34.80087792675557
22,28.026475286346496
64,39.58679961645601
43,37.886811473522805
62,49.95973667532549
24,41.33163503908163
56,39.12491372124315
35,40.60326469416647
42,39.59887338218868
63,54.650655585326675
29,39.31491396828659
28,39.09679867841266
45,41.69063399136433
20,27.103677311423063
22,26.641790169975557
49,44.05193965436666
16,36.55499043175524
48,36.13917250203491
29,39.27506230368581
19,31.5748006242846
41,36.44268980927096
55,41.278914797465376
22,25.104546024186305
21,18.008575851294136
22,30.90153376719933
44,44.984036476161066
42,42.15466809917588
22,33.72200282511671
26,26.340822478220293
27,46.37154812656264
65,33.309490755571
25,32.65048412171826
18,24.431185331751262
73,47.853523408524055
20,26.74983432094201
53,38.064733105588026
20,27.765581833243633
36,40.622104462302175
58,51.94847150545048
51,44.3298029522779
20,34.94094243618192
48,20.605730169001344
61,39.37788322782268
45,46.90607321845624
26,42.30781116443491
10,37.97920011934477
49,27.570021118171418
39,40.97544259247659
23,28.88498481343588
27,48.60229425136641
48,44.37557375794119
36,41.46323701633374
46,36.189489456596455
50,41.33391180795108
55,44.70561000298735
21,19.876658010416907
29,37.82224905330835
19,34.443948702360295
19,25.56098962018966
39,44.341949118055965
31,43.30416425646832
23,35.10062016722275
36,39.42303023282854
19,26.717234789511437
26,36.95678858228233
36,43.57674189463724
36,26.08238856565455
26,27.14105280484176
23,35.111319381793905
65,48.08495724984239
55,24.695916285187696
22,25.679716965758768
45,43.46837427423804
67,29.80010087906786
20,25.62769404110825
24,36.88220041780512
43,43.74741257725285
17,29.837659543022493
20,26.996566177698668
44,20.499491434465487
36,43.10684383421426
28,42.75351054210737
23,42.570077362475075
21,20.909562670792607
19,17.72532445537363
48,40.785178596319405
20,35.505382498149686
25,40.679484759363554
46,39.89506113026757
20,22.775063230242804
26,43.97392151582872
33,16.783784984576542
26,38.89151314505519
28,36.294560626043086
44,42.508903007538095
32,35.24085043406706
61,44.866888689843435
46,43.05492588130901
41,50.47214074179251
62,59.99941078029425
20,28.830559297385943
39,41.73411031829577
18,32.0898799347197
46,48.403392704342615
41,41.793346378571606
33,37.994091022953214
50,42.32437834482037
43,44.78500328672028
60,50.46124699091249
37,46.56353570531988
91,49.108794502143866
19,40.83514966303569
21,33.007963435720704
40,28.656946633339086
26,34.40215022925374
23,40.63492995179271
21,49.872306604630786
46,42.016055861433976
61,46.7119931463088
16,30.84792838614267
58,40.58783828559622
34,41.60457786170119
70,45.78873729132495
32,44.568880306973846
42,41.42984868796361
66,47.31634546281982
38,49.433088488326774
35,47.411873912114636
52,41.25629938616701
43,44.61047633943615
53,42.97683974004388
18,42.786550636369
45,39.20800759488074
73,44.6767320310315
24,24.771056682537207
36,40.82203426447606
37,40.99446437044224
54,37.652025501217906
44,40.5658754897457
52,43.081455693317224
37,41.56430526804684
26,42.20979068899167
59,49.098162988252504
18,42.363772517364325
38,38.14231243082981
21,32.24179829714794
47,43.01231986991561
36,40.50742300716482
22,31.312186693068043
37,39.273303198046754
32,41.079084303284056
32,33.38099395420284
58,48.858409015591086
49,51.151831687867826
36,39.463560356925306
16,19.649389608297792
34,37.82067652838534
28,34.2135684831354
29,41.81304030131943
35,44.97704474352752
38,43.52009977758052
48,37.52811831889589
59,38.87919976225743
48,37.09203414813737
39,41.84848669998512
37,39.21738943501726
44,46.29658611822964
51,32.19745779464219
26,26.887184139851737
17,38.62776155893286
50,46.80977854439243
30,42.24604340392989
24,32.856821603457846
65,49.798696597538026
16,24.472209525918153
57,37.25734428803903
44,49.029611035679494
38,44.700598761074026
25,34.33463599350019
32,42.28615561287793
54,48.03086439128216
19,26.176161940134133
77,42.68944519158964
10,33.668636597286124
37,43.98995615444011
31,29.781108495466107
41,40.7565404245353
22,30.908974842337116
24,34.74154528430605
56,45.22055416049207
64,42.8136879394111
59,38.994798717127
29,38.70305477635398
59,31.723670664048942
28,41.01495859408478
44,42.09077014233075
12,32.56335195798189
48,36.772749400654426
24,39.97307387662416
36,39.35186578347244
46,43.06346198931962
25,23.09168548131491
59,42.69701311237047
12,35.60259121638321
62,29.420395047819774
23,44.242037529994015
25,24.960256549119514
30,28.30073214589923
29,36.875794124388065
55,36.977818610837076
19,48.48306820672847
21,25.016987698489828
53,44.12958983702524
48,46.92653817963699
54,28.572188188589607
54,30.013244070947117
18,35.128905500760176
23,26.289028961868354
44,35.78498241539879
43,39.613785741999386
60,39.942396104520846
74,49.3379075610781
54,38.58715143827763
47,44.30573431212574
52,37.85796488092011
44,39.62071605386636
62,52.2990283546092
47,43.20996969380236
45,37.695040039921395
18,31.50148431463461
56,46.581776787312684
19,20.27956355840248
16,28.27976503137302
29,31.6539761288416
48,47.40898560630854
61,43.89461325005678
40,39.08277827700919
33,39.546207388619976
29,45.11638026304999
22,29.165953234798327
52,50.915965599024645
46,34.051226988859014
27,38.142539682539685
27,42.60471849038856
58,44.91917314245616
71,52.29226685208921
27,34.22038365913778
22,23.093106176725424
28,42.0641611901434
39,40.62746848065835
29,31.19128820289913
55,47.03045205999605
18,21.494231379229973
45,39.21130557527882
45,52.773514036167114
42,30.781922636754135
19,29.180020474390734
44,39.206894012214065
44,28.712501981759093
63,49.708278642203524
20,42.84809813212045
27,41.067135060446255
10,19.576675947098916
50,51.92156273647625
43,33.87049184358156
28,39.44607283155022
39,43.64404026659736
23,32.167807777214165
35,44.972672441252946
16,22.446722435756946
16,37.426080191372805
62,53.86092354573343
44,33.074439254875266
29,48.27750910604609
52,40.15823409411328
54,46.715122638211696
10,35.576828659872646
75,41.10056226058312
18,27.57443778362282
47,42.85382719966966
58,45.6609745590969
52,33.74026255009839
27,36.52110176173798
40,40.06638643511369
39,35.98895103316634
45,23.54214049163992
57,51.95601834982108
32,42.26824890620085
49,42.79623580101102
39,41.96178397037014
38,42.806746333375074
38,43.917262311127686
28,41.130615589159326
38,47.40682763866146
48,37.46922382760994
20,39.10590065371081
23,27.51442722587793
22,42.28269590528017
66,53.155027555069665
76,48.16394264879621
62,39.98319439360103
21,37.48058592113651
33,41.44704638368082
43,45.263945740998764
23,45.0373140303636
17,42.078265632566584
46,46.328524762459026
18,20.48716736951472
26,31.67365293431123
46,44.54280742968406
37,39.41526069322883
10,38.1207966979759
10,27.713585064853422
31,43.04840028482558
43,29.955496337442284
18,44.35405668939657
59,52.31493882840473
13,35.887454511139254
30,29.101504328192583
34,45.37441053516124
20,28.423904837771715
50,46.07192184122777
53,46.29890829274712
64,52.086480714263324
55,48.038684152098355
61,36.46998525996211
13,26.716175143437162
20,38.0027657701395
46,43.9522031858047
19,44.0922747511443
26,33.75633517718277
14,26.25611305296271
56,48.51879753419125
67,38.797360628969116
43,25.92650256855891
43,44.96498872968552
50,44.97808474346245
24,30.991202473458205
50,48.44605717786004
53,49.00720105394072
67,47.56874659471471
66,47.57864882113618
80,48.30640053141571
15,45.20689008749153
36,40.8211088227964
44,33.85464874632168
48,41.75708494748323
47,47.396640220309294
36,40.47501288241383
53,40.0744184176074
52,47.23448932519569
11,23.179589016739943
35,32.54248081114657
21,30.40429301658516
46,61.459339477618286
48,41.81347992048144
37,49.15987014291741
26,50.91804641338424
23,32.88034587586551
60,49.82858706574422
45,43.86913369460721
53,46.825056295665306
23,24.29676816315868
35,40.996876230461794
65,47.46231019970811
22,27.066157561196274
20,32.69399939317976
44,43.45873734734411
48,41.062657981026895
63,46.30656104675447
57,45.90204186460217
60,35.78833434069436
40,41.97284844103775
40,46.68771301438818
79,43.816924178219836
16,29.29586687832208
44,52.216936950724055
23,37.96212736417243
13,37.760401329739764
74,59.356988747758
25,26.4415312160932
36,40.20425832249663
75,36.86786790655173
18,49.65100291980091
13,29.277240861073256
42,50.88109939812677
40,34.42791137836897
14,26.90689581111851
27,43.93752148854374
12,30.200937137557876
21,46.53853034030135
64,41.98451639310331
32,38.30461260155633
34,38.25520716707736
12,21.53933982683982
73,36.7443175967324
25,32.82707511091844
48,33.77254010991367
22,36.13688264062514
28,16.489429480885214
48,52.95040692556196
50,46.43967432431954
41,50.97548608453453
59,43.02891150931977
55,48.00546659376324
18,23.69382244027997
19,22.282213702691497
32,39.33885612992154
17,38.71754162962579
54,44.40895836307228
52,37.517809435348205
67,41.885106633403495
29,41.11787083302258
38,38.80210018262331
22,25.17062975907923
27,31.808034079738714
12,35.632532313183525
53,36.578760400158
35,41.22075198242248
53,50.04311361729863
34,38.62017081223185
54,41.47126617316463
17,28.451280431396466
23,28.749214840604782
45,42.35777911247831
47,47.57255445732407
61,54.246088810023984
40,40.4802503027649
22,31.110159329540565
39,40.8418244604353
42,45.85987583199956
26,35.42160592095247
19,43.42448758734965
32,41.54239012833272
22,45.00222562852229
51,41.24758811323882
50,43.16486708730826
22,42.303138108245115
44,41.1089100009855
18,26.445151960453288
59,57.495095327897424
40,36.81249612939624
26,24.711798743886128
21,30.907134732308315
57,44.433527918563875
72,42.56577594068939
83,52.07960490879074
32,34.990252888126996
23,44.70261528176804
44,42.91619810083895
43,41.67744841982092
27,43.93267648787785
47,39.391038184802895
18,24.892181696749404
57,30.982835797101696
24,33.43380245864736
44,30.00656863298965
58,46.10698188103321
22,40.195011873969506
68,40.36629084766897
33,28.049477665959035
19,20.28203476038102
45,47.30063456297188
20,30.97578501245338
33,42.80592591931379
52,44.35179582840143
21,38.86632441222226
23,31.07569910353763
59,53.410077747227554
26,42.90605155936383
68,35.85943663315616
27,40.74754137914974
34,43.073966110971924
62,26.76906348218356
10,42.157649653143565
51,42.71171790942422
19,35.957612010462285
42,41.6763119409098
60,47.21986784510042
35,45.583041810763035
34,32.44211064526225
48,38.937492565203605
28,41.280216690409546
26,41.303228622616
58,43.74353333684175
67,42.240223265207625
21,36.965246133178965
25,27.923312724543486
21,31.051397266129687
45,39.884766671075816
24,42.84696360413014
54,41.358416370262624
57,35.15388239470078
29,31.43672709317025
24,46.47728947752706
55,40.30878353502812
51,42.31410794806825
10,15.053558056925983
18,27.42327173629569
42,43.355202916089745
49,42.99441202690669
62,41.56463337784668
62,36.1800564469926
60,42.925128158451415
24,23.590110883249668
66,43.782393792488904
59,46.31200593678091
37,39.658286712000184
51,38.44965046646565
49,42.43687256983309
43,45.147286341812006
39,43.48254825695959
67,61.761474019867876
69,42.10645122328431
47,42.01372915260872
13,22.601077847241122
27,24.347982251083508
35,41.01460043176263
33,42.919930020610884
40,41.20516289394459
12,36.51661911348106
77,53.61468955371655
61,46.85693091968133
10,33.453142417237046
60,36.646712641355904
80,39.23698788365491
39,40.77164200838815
21,22.833068745884805
59,42.648144725477344
67,41.08026992375644
63,47.53512614426925
21,31.680680614011617
11,22.07642776050479
17,38.053569501937076
20,31.349166145252536
53,26.28883173609716
50,38.77842595302545
45,36.9628169328511
45,43.04414305312292
63,47.79044382167883
46,44.27839027178175
26,27.809675153068806
50,52.64011146675709
46,42.216578262729406
39,37.67805534769245
51,35.414555873621005
17,23.366832320069037
51,33.49837147617611
49,56.26722956223867
56,44.33748765574487
44,47.815349293589115
61,49.93615408949931
36,32.41140009434869
70,40.26159068941956
73,40.70058511814032
56,46.27035952827179
34,38.90922647855129
19,43.496873501626
21,24.612716123890586
61,46.43924615556378
42,44.824544007857696
24,30.85613368701885
18,28.820325952198235
20,26.742660208156334
33,45.69052490613968
36,36.082971229510676
35,32.9819654547062
45,42.44149110866513
19,25.74774720950397
68,48.889597103196486
29,39.01300569941492
19,40.2589136002115
29,40.14171799057714
34,26.452427638381554
34,44.73138423585804
57,49.69730541354813
40,39.46951188027982
38,46.33264159906449
48,43.73730672427066
20,39.45422677226671
33,52.82575583980338
56,45.74302100100564
78,42.3653590426139
12,54.7699822855355
33,32.1980484100633
46,37.605689103043176
66,48.27319145166786
81,32.812264346288764
23,38.045699082313675
38,32.53820488910932
21,35.98270171680119
17,17.670165189043285
34,42.3288435758089
48,46.23956259144237
38,39.91019569794185
22,22.364425223548004
21,34.656694158341196
56,50.687264399372744
24,29.601340370240646
44,33.16557787304517
19,43.835648287160076
48,49.842599220440974
26,38.972077260622584
20,52.5792906795937
18,42.151304241009605
18,37.28700659628147
51,35.8256904808506
21,44.778818673747956
20,35.272872832852606
41,45.632454603965655
43,46.14636864836507
22,32.63056744195765
44,42.31765336380721
25,38.82536111131819
25,24.64283246016986
22,25.72808952957515
23,48.981064617680666
57,48.66734836815066
25,25.490436163368905
39,42.192760222772975
30,35.18763882750149
15,21.64378716879726
76,42.43265084451917
11,25.626266705016466
46,49.73776288803756
17,28.224881143305055
46,40.65152749663366
28,39.789672724060566
36,43.732736195133
26,34.56933628542882
52,38.763910621512885
18,43.871599749864764
27,39.07462743317531
22,24.829314150832218
31,19.14761090076395
63,47.398860856509934
53,44.74112202733117
47,34.69627579335876
64,37.819599581085
23,41.43384997140276
52,29.589070562826592
57,40.85568905726886
62,49.06131373242583
57,50.90401970357364
21,26.74122751507288
58,47.17896651801688
46,45.85904811490225
42,43.62398336060888
12,30.88817360555772
19,29.623044089768356
39,44.04979048825538
45,36.337120284505836
16,21.965022215202854
65,46.104054790513494
21,33.28130809067167
26,52.108922647394344
53,37.04542276426459
60,49.40956529648454
17,38.910890629713556
38,50.12166818618994
35,49.19591575098959
27,25.170791319335454
41,43.66696897448498
43,39.901221482345875
73,44.47445140360177
26,30.47269269659161
39,41.39384390815673
55,44.50740334958492
49,37.652509864712485
12,26.384712725984656
57,49.039900524893625
66,47.44159932705391
65,46.6708730156386
22,41.08902671251036
57,44.65604258413483
43,42.591945639456426
58,34.23272998857714
45,41.716967336777316
50,46.06997496008405
61,39.18060597715729
28,26.11224324392641
71,38.434729164050644
59,42.46953010951009
35,30.097738251944136
26,36.65202519079987
21,24.23158932717732
59,43.30512926902403
17,37.42100187802981
53,40.75023943844107
39,36.962955631508706
17,29.581072472810423
22,32.491704552346775
43,31.096720437621
62,22.47215339137145
50,43.79984473310212
19,39.53399000212588
30,37.45579331183635
66,48.53455496640599
26,45.779953365687646
86,48.63234834669209
54,32.44347017035215
39,42.527771833438585
26,32.362924632015286
19,43.8947219539679
18,18.978665829087742
32,42.39719094536866
22,37.309064571411874
57,41.33236987488295
72,50.64149951375762
43,33.65083780963767
70,34.99623453083917
24,41.59835404516738
12,36.546962478621055
61,47.58565195881913
28,35.53959645481163
65,52.17164010534267
61,40.3165977450144
80,46.41214326269297
44,44.03770386127186
42,42.12097342597405
48,42.93325831214152
46,46.989652872998434
31,36.32082226624704
62,45.2634997507202
10,38.71394739807181
54,43.4509005727432
40,34.3945745352522
47,43.601367647587004
58,41.825830297593185
43,41.60987731443839
62,36.77931962579378
53,41.3107343854681
20,28.51737878445449
19,47.43521055959815
20,48.539513141512174
17,29.43171432001942
16,27.55316949863306
46,39.08949901917667
26,37.333876012258195
59,46.735434806368715
16,36.91014745063393
45,54.00602026821354
42,41.61439770480785
10,28.111399307415446
67,38.46490064080801
33,41.977278633131284
59,43.40761074590722
58,38.255598490594274
17,26.827748016772198
32,29.410951709200145
65,33.19593990190777
23,40.21796290198213
48,53.90174389771745
25,35.43793325670893
43,42.5537143977591
47,46.03467759774272
52,34.646252177245636
58,44.67343762062315
41,41.882316174111466
38,40.073873072553994
39,45.60372199204666
25,46.38528470050492
12,23.13691869137036
35,34.84840806968665
52,44.72451401453586
56,43.4144847798725
42,29.2490114804376
34,36.1859326651172
51,39.42355592420592
29,43.1041449574781
40,28.199385734086817
21,34.520050296920445
20,31.802638401042465
37,36.4662985786514
46,44.127914452808284
38,49.40251831338632
38,35.415534296504646
55,42.99753236145134
41,40.153819053474656
39,45.793480539895235
21,25.566764305857127
73,46.9415193068746
35,34.735304025828086
61,41.998902508291096
22,41.57452646563024
25,28.58798888494102
59,51.91536959748853
41,42.46656761401589
75,59.07225593463435
21,33.150171310587716
41,47.57300471497863
30,40.8952868525139
23,38.02910404011265
37,27.704429811215775
34,41.41155095024571
24,36.608726507553094
22,29.287214283192174
16,27.4664788024792
49,32.71569304678398
21,33.7463774973765
63,46.22834746929331
20,26.480727604424473
19,38.21220246572168
59,45.55807644485225
60,40.96593115467811
16,20.72706380250924
42,42.393163330781846
46,43.456235141830696
46,44.894173472808724
59,33.299112749081985
38,42.26313008647161
69,49.16079650026327
24,27.18663240521209
29,48.496862056721845
12,43.68549017061235
80,45.39174160309913
42,52.95040692556196
25,36.07998989491527
46,34.316183508669134
27,23.270385981118974
33,34.11617379887464
41,40.356605066633584
20,32.96805779612643
35,41.855377020650664
68,51.98826918493935
38,40.815669222995965
19,33.802848159893124
54,46.49139196689408
25,36.417922324455546
15,20.441946280136246
53,43.48206665558666
40,42.72158492188257
59,48.801993225215675
18,22.24001458699804
25,48.731738680573805
56,46.781621924144105
49,39.53937534178825
21,30.40972931928259
30,38.75666701493017
28,17.616803811459707
56,29.23455066015923
65,42.55257802656462
61,49.7628680205433
55,34.602827167471396
18,40.6814340275076
28,45.024229035049714
61,43.22748830089827
44,31.32299354508686
57,38.0164950586152
37,43.174100326554644
19,26.295297834005027
76,53.54043812631718
23,37.867446966439104
64,32.49292457431634
75,31.953106487183636
39,42.30221898440145
31,38.27059000820013
22,37.18616678544415
27,31.61798393596377
34,50.74862645798236
48,52.125237905777055
48,41.532265097236866
42,44.849260579554546
24,36.40416066144172
35,44.9891196756043
65,51.01226322621589
28,37.25764833769068
64,49.542600902459135
69,54.86630028868114
27,20.43326723405842
34,44.89157880906123
35,39.78712033159227
36,50.195747169881436
61,48.63139383788899
36,43.83035859143829
56,51.86177862045197
28,39.06781826605405
36,42.161862500649484
40,40.18289962190197
22,41.915838126999034
18,32.12079431510905
43,45.623209637650206
49,38.02447813310059
49,37.86299935344034
40,45.43308700114817
20,25.427479882627917
30,42.72763450709147
59,42.564713490738434
22,41.937283507021064
29,35.95397028752395
30,41.9819492093834
41,38.804783370282664
34,32.02370767770858
27,41.99030472824094
46,47.2265011382332
39,48.841245154376566
31,41.981994229816706
45,44.863759849752185
13,34.54510717935557
24,38.967143962955284
42,38.4442855701697
20,23.849662886067662
66,42.245017427949136
53,43.121362714411646
58,49.61582266041653
40,40.19400714163398
19,26.294644318579696
32,47.316664518584666
13,20.061029368826045
59,40.47615384296243
35,42.02665525373006
26,42.43931940067143
48,43.158569850326394
28,28.79402330985084
25,23.56783842829345
21,32.14269761652965
40,43.44701684744314
12,25.59906459864289
39,42.988521865931396
25,42.772876669633796
42,47.533018002419006
38,37.00917846747123
45,27.78711573123844
90,51.2046949448993
62,53.38799006151531
36,45.08779298103929
24,49.52835645854401
21,31.07625215673213
45,52.678061023624565
33,26.163106499918356
64,51.44387939147468
65,45.9578795541694
39,45.21559788046691
42,54.75886634118794
31,37.919001002249004
52,56.91705942928688
44,49.40517664115772
11,27.474973193062116
55,40.70077509251049
29,24.782490522334022
62,40.53858983511291
11,18.866066868316
18,30.449565494090454
39,41.55237677613939
51,45.333615072062955
46,44.14022288316733
22,39.57751186178996
24,41.92325605524966
72,44.359399894602696
10,27.001391915684863
28,44.948147653174665
31,42.55055815875967
67,44.07629979704103
63,62.007558400077805
47,36.81020287935707
65,47.37475263641822
66,35.92237679445036
18,34.94448068950951
33,39.80104174114983
77,43.88183669936776
62,46.747940308526125
42,35.62401929227066
66,43.15354241805347
21,41.925995808695255
48,43.98177256698283
63,43.96843851019003
22,44.76648763962251
41,41.5721255510238
43,38.36378951364972
25,42.37709263638291
17,36.840192013360664
61,40.31201839343752
27,40.549551970926935
19,38.694572591936755
63,44.12915691685507
38,45.48301625987399
47,43.24288545108233
27,35.48347464614711
23,29.59213650801634
50,46.953086229834454
50,35.584074900516
34,34.21338866178888
37,27.70441166750048
44,29.55934786077195
59,41.74200828584075
63,36.47685031988563
29,41.8758550875848
39,45.89694573731842
31,41.47735778489486
19,31.939194254861665
61,43.24360936947593
35,36.00630213085471
24,38.604900387722296
23,28.20926834901101
37,33.808522681061035
40,43.364270636327944
21,32.74503724098227
56,48.04284509735388
24,34.75420626463718
48,46.87910961176993
20,30.75880307908635
53,30.863428779382783
24,45.74790949917883
55,49.108755654790414
74,50.11600228791326
60,34.79046845541353
37,42.38843286230957
13,14.2822082829258
24,23.185645383805582
44,40.439967733816594
41,44.424360521429506
50,21.23690753056996
41,40.26518916565571
16,23.348461725640036
21,46.72043272596258
32,50.5784991505174
51,39.17788596328911
40,46.58480242008847
47,36.131554794037804
69,42.94692955020611
57,32.325907178034825
57,42.88292492483094
29,36.45278319250774
10,20.85640143492872
10,22.50637756136226
61,41.883606536405466
62,46.129988714712205
24,34.40509006604309
56,39.886496297687366
24,43.252507758281816
25,47.95744367397771
43,41.96508542203217
32,36.454707257157956
55,28.871346467438542
44,41.13456227722341
25,24.225870051306234
45,34.157194384455536
61,51.271739410098334
51,40.44831910105175
17,34.448672801710565
16,30.052716002964615
22,21.995058316322442
75,30.588919187236616
58,40.21305473059334
16,36.35931538216973
50,35.910433766423566
12,19.200057929738705
17,24.521874294940094
34,46.22138876552796
20,20.677774118872147
23,26.276118421605183
29,38.20726135579977
27,27.669682926741086
27,34.96574446068569
18,32.31209286112898
78,53.540597269465046
46,44.5183772602828
33,37.82604233815707
78,51.13340225769424
48,46.273777834314494
57,43.82634983719656
53,41.35623188416489
38,41.56501099201705
64,48.90575367959571
73,49.59849084692649
29,35.688711972245834
50,45.12243447530145
71,42.37384273373176
45,35.055352511858544
20,37.091895038698674
34,32.77553850778946
22,35.501406623807476
23,42.29916135337267
48,42.49010806865712
51,42.25070230170015
22,46.68573868510609
18,21.124038463344164
32,41.25061423577122
26,38.637615969037505
45,41.52797522711253
53,47.83132766398603
23,28.843644964863994
49,44.15767488107426
44,43.34578098502504
71,42.683990888613614
31,42.338174627142074
18,36.49041282417052
44,41.980997563488415
42,44.91850458035629
40,54.8594476711863
38,43.744560133079105
54,46.80774432684746
33,39.294079847526625
50,17.288634306685264
20,34.47156207149214
54,42.1399690155829
54,32.81506191145641
43,47.34918785778073
49,52.00498890624524
49,45.35305218684496
43,41.2649096263922
36,37.10315649928078
12,24.958434876084684
54,47.6887393742766
45,50.20731475963839
58,28.028691385120965
46,51.52946850749018
43,51.5444334159254
37,41.1142203955909
39,37.17327131214549
27,18.303181238248897
14,14.645319663272588
49,40.713160189875786
36,32.18421513056482
22,47.166623273687044
37,42.74262934629464
56,49.33332600514184
22,42.779352111302806
54,54.93513618095099
23,34.23167375224204
33,34.38718178530366
23,30.62232389699594
35,41.4601306323668
19,44.23863579684618
21,25.36736854619794
29,31.373797070157188
17,34.84089060426217
46,40.20113927995941
51,33.63704654200913
14,19.731147678005645
45,36.208345777247494
38,27.549142907838586
35,40.43942933580209
35,44.28685198714299
27,37.461642661663966
22,32.046969206067516
18,35.26002343155565
12,51.32394542759006
22,22.863197541270537
43,54.582141122516724
56,41.402654772818586
44,47.269563081262696
50,38.516095423516234
55,35.38844957573532
47,53.46832868794052
57,48.24528094328658
52,41.211552623168224
27,38.408368429825316
34,41.880458128502525
42,41.92413082971802
45,46.066929553297214
59,44.094151321496035
41,35.056949481187615
15,35.34713340735934
10,28.265444008510663
27,36.34316942105973
60,46.412745313728536
47,38.90508246045406
21,44.563484287952946
22,28.342444818923187
47,49.541775408599996
56,45.05118542199957
41,45.33591748257723
16,21.608133858102374
58,52.74738951378049
28,20.38632529883977
25,47.555520544561396
19,39.0791538491646
63,36.1062245937448
42,44.07506321799007
30,33.08833562841933
52,26.49002762786932
29,37.65906171019165
23,32.49550065477592
53,44.190881025305295
35,45.85013564721322
38,43.10222939522822
19,30.743232258434045
54,47.134971496997075
39,43.67596414438049
75,37.49102626192573
24,28.559872717727412
52,35.85362892063913
22,32.04619007773637
60,42.34674021524709
39,43.11965079057981
16,17.47361749888752
38,45.31125668014023
38,37.427697812209566
26,32.982894258106036
36,36.844754317637644
38,43.143491411801115
45,41.63750371875708
20,19.789264531606236
57,41.133160401239785
13,48.20471346977327
57,46.41509709748767
12,17.26354214031015
49,37.8243190845363
53,43.37144485981794
16,27.364844409812818
63,33.521402797000874
39,42.648773017754955
60,39.82109914228203
53,41.16394953372056
42,45.51232590716498
42,40.59521362778644
75,43.47375126783186
72,44.3794555092659
54,46.004409367925625
44,44.61768724497694
41,44.99041526458892
16,28.393009944970913
17,21.56720145808322
26,34.463953082268574
63,43.518586232560665
24,31.761685958968563
41,44.292257344902
35,39.568495646756254
49,40.46913874998597
17,27.18531828678548
70,45.11557427625851
26,40.50618135796567
63,53.94020834995372
56,43.74635412784892
28,42.93704060756272
49,42.156496057704544
16,23.104922109550426
41,42.09733797993675
49,42.811859227887595
91,59.092441597422706
68,40.20589303080417
32,20.57823388290363
57,43.73453878444342
27,44.657477189099296
48,37.35497018291974
31,39.58819036866609
13,16.206075147443638
30,47.85459838556336
55,49.51480574733763
14,32.757509783894925
55,34.07880957842937
30,54.63039016749229
33,43.90052322050964
19,39.70055648948032
35,32.60784295065015
22,21.438081871345027
21,26.73531089252202
35,36.414779923915205
50,49.08054114537773
10,50.11960955794577
19,30.28577228887114
44,37.49525835632915
53,46.61066035601935
30,31.388964614282546
61,43.850019348579416
71,26.14737287455725
11,38.81337559184525
47,38.91248223652204
66,51.21544611752267
70,46.980713430064824
36,43.81579788033261
25,38.977848737749994
23,24.019313437415043
27,38.71266276712082
52,44.342247654013114
11,38.01259787973333
15,44.451633947521415
27,42.22264066487876
74,27.207346704742392
22,32.26692771744887
36,40.581787033460124
32,41.508324989533385
20,17.388375735156867
14,27.85261009359937
16,40.05627926698106
37,44.29638006898879
16,25.07234117870494
32,42.576123377077444
60,47.743338993583556
26,42.558105861793486
30,40.630218952307274
44,34.42118130230413
35,37.99418956444386
51,33.49297860354247
56,41.56283385187517
23,40.660895471804345
59,45.76247515119371
30,41.92341068889348
22,26.57285134773625
60,49.63928542363436
42,43.134872136311344
22,39.45436200844711
35,20.22992212475685
65,39.312052749777614
45,33.43908330837044
26,43.413986069291596
44,42.185959297914614
17,44.726109173546384
79,50.568592309276006
68,46.22921208708129
28,37.89026372875161
22,42.94286296523807
49,47.00541567557935
46,49.30138592495625
49,33.51787223579535
57,40.954887981780324
42,38.821166836357186
66,50.246586252061846
49,39.366382367028656
63,46.1343183990085
22,30.07047247036553
35,46.65674387855435
32,25.358029546199433
42,37.83340761655617
39,39.603609510729754
28,46.492787995585225
59,37.969946643041204
28,34.779080727968505
43,43.64985520555154
58,35.45889232403554
47,44.96603681497125
23,28.984033628493865
40,36.33983273603304
26,25.39535506951414
45,16.24605439596787
38,40.15121933632506
32,38.192923792376675
19,41.09962632359159
58,27.761652858717152
47,50.17852302867097
32,40.6591595982021
36,37.76469635558851
35,36.740099409768106
21,41.21932390960202
13,31.464122755642784
22,24.168414728009356
66,43.924826916416215
52,30.456585528445103
56,40.249536467277984
20,19.903671226861174
24,42.53795993694591
29,46.88085495483956
78,49.30958933342165
52,45.67496656791384
65,49.54792000807389
41,40.429525180939386
47,31.40933018837599
44,43.87336127820306
54,45.97088391230188
18,24.779567122910944
53,39.27301984770891
35,38.59594568895832
46,37.70102866316921
22,36.93216818000184
43,42.44308991924089
75,43.27410902834156
32,40.07878806312544
20,41.371409248110176
21,28.528437645437283
50,48.428296272870085
40,44.95064779139804
29,41.929942984932666
25,32.60225057904855
21,24.90520372454512
10,39.60388632726068
38,38.84297943286308
10,32.77160664746893
51,50.47410305947795
36,45.805774021585606
55,40.778746223731844
59,46.80251495995537
38,39.986281510284286
25,36.33076444178643
26,25.529891782576357
62,49.12247304584143
39,41.024781769649316
54,40.924127218936015
35,46.68467648915235
43,37.59754273281501
44,41.37205892861743
39,50.576588439167764
44,52.437567473692724
24,38.60523653262201
52,31.691486466499622
37,50.0364736565757
36,36.21389094679242
37,44.13216147466292
51,49.50424666009641
47,34.505285347072224
64,49.953667139979025
31,40.14264343934455
41,39.20216518699587
35,43.59094557191672
10,34.829037852089776
42,42.55435212327436
40,26.230919088729312
43,42.579654997188854
35,38.93724751046073
69,43.87092235752023
38,43.926909710793026
25,25.728060001153104
53,46.88330513910536
34,31.93294504512445
57,35.904538376509954
75,44.32934080927068
25,41.580242861220306
31,34.63004860472209
13,24.058418387676316
29,27.272170433634827
42,43.32547605353083
26,36.63069299506755
58,43.217264237099734
67,40.036057423372746
17,19.41189547798242
13,30.161407128410023
31,34.83384632648835
38,45.50096445518381
70,44.21006970934454
27,46.12885624067895
49,48.93467287419642
42,40.11278692199659
70,50.18599577003736
60,51.32762375865479
47,49.89449028159366
40,40.58749072896198
36,43.10162048232856
60,40.552117277484584
41,25.554648376569443
53,41.07181472132502
42,46.571856380356486
59,27.163819499382743
54,52.49340768223241
19,40.96780019406272
46,45.8142170608187
67,46.698714832186106
43,42.463699609853485
22,22.905822478822042
45,42.846767902342016
24,35.30659640186644
24,40.50997431980174
42,39.79361841247806
35,46.03158290577779
52,49.282426898803195
10,26.343716136034846
48,42.24816229898387
37,45.259899694462376
39,42.22672715736257
20,25.7012564557125
12,15.563129220261951
32,26.930411450244556
18,21.00570228863965
34,34.72475325324597
26,43.93539169359855
59,20.860804331833382
16,23.172889473392498
33,44.97886703477777
59,50.97914248516238
78,45.877283104151054
44,42.015024602671865
55,49.0069410859622
29,32.97476354705962
56,23.412579803356813
32,37.391493326586584
48,52.44524235125298
33,32.28450753675598
50,42.45687124364634
25,45.26191007112429
22,45.780392787809866
24,50.54641883652529
48,39.70064506615959
66,44.52635693214697
21,24.525349576215913
26,40.097587306222024
32,32.43117278647785
52,37.23984121119077
22,44.560156862987625
46,50.47937918572626
12,19.935526702417008
39,41.6203306916087
29,39.51092053957165
22,29.824734316715865
21,40.517746995322895
35,43.26058037840264
14,39.68761130836608
45,47.236404286540655
44,40.333352457652936
43,47.934357685997895
60,41.78631038016436
55,39.05250604767589
55,38.24667576632954
51,42.92972189042659
46,36.716507217677915
43,47.89209913693691
37,45.90588495210225
29,23.13858577854196
21,28.019354523305743
54,47.49093034012344
50,55.25204011964743
22,35.76118440361484
54,30.40749520033388
20,36.369088088569214
44,46.54095768473475
27,43.71404504584327
18,49.23135062187853
41,40.10444648012318
48,43.368705551946626
44,51.92582855146326
42,49.67372936491593
63,45.278350409630484
16,38.25977691449734
58,42.75615577687411
40,36.53392319348608
27,32.37212143234334
20,33.273849341781144
44,43.85283718822852
21,43.97845533425314
51,47.62117867862301
63,36.79473629685682
30,33.39342648884338
31,42.766836043532514
19,43.08778842035171
49,43.48972758090791
46,46.57024997167404
60,37.67547167307914
28,39.62621080644212
38,42.933817533405055
38,36.92615967272784
58,28.606716281120697
47,40.52598216010314
32,30.04169221125848
51,41.62065124967411
17,30.25564097930643
53,33.24250079529524
33,37.17169026898968
36,41.41409946860813
34,18.849938882093216
31,40.61397471161569
37,42.20592091529179
23,38.82578295603527
45,39.2701917024971
42,44.67992515083636
33,34.02821034968708
54,43.65458609184692
53,36.20759692869435
20,18.040491754872487
41,41.75740571598196
36,38.51699689051978
22,24.94310953784076
21,40.38099715896217
21,33.96686443971414
20,52.22915872582835
26,27.519928895034163
42,37.49335629822223
49,44.69043925532966
20,36.460181330313624
13,29.625181651351294
36,44.688799885917405
57,38.45410300756936
40,40.286723260637935
38,41.03230937229311
58,42.746814293557726
45,31.976552316265323
21,27.721328878735708
45,44.623028172129615
34,35.82570500917413
49,48.13653393042171
22,23.2587572132289
22,31.94098254691508
55,45.21302623706535
50,37.186774502744626
43,41.39149702986149
49,39.16161787096291
52,54.073314567725134
15,53.869512022968905
51,39.0296170398249
70,55.07276615898625
33,35.36309452375336
25,23.12843271163531
60,36.04022834935906
25,46.666719953727004
45,31.81877033924182
33,40.45466082821249
37,42.25037210205789
13,31.358815776449475
32,40.63483951929976
60,28.233743187486066
33,37.79177765587198
40,43.78716308284354
27,48.77212533785444
25,29.474936768568693
21,36.22157719908646
64,38.55512895796326
46,45.01577215507399
70,45.07167356353563
41,44.336343363771604
36,44.308305039025655
46,43.7246961425735
20,26.37420742402189
26,30.741227907342367
45,44.679881534596305
88,48.83459495246503
69,40.65592872639538
48,46.18484711015462
80,52.75276223617291
45,42.97240789584046
18,31.138189769626088
49,40.5551630467382
52,44.85305522308342
36,44.089426561106286
43,40.99367534536821
41,45.78919231129033
34,41.67785427849929
55,47.06821803245434
27,43.09325822704213
63,40.55625520729745
29,43.78776753422615
21,37.18488851161354
54,47.14196090129851
58,48.41434200472411
11,24.943748875984156
24,27.886802180040064
42,52.16200382027796
15,26.074984798987376
41,36.132419304999075
33,39.40570212945333
23,30.140463270410258
43,39.704683839806286
45,35.303137921083874
50,43.35037645939136
56,42.91193261461869
22,36.32996119602268
22,34.70803606195638
20,36.36667461954914
23,43.11694553284142
49,23.31600001544821
37,44.17999088240542
50,40.889362242696805
41,42.58216044701586
67,41.73472337865071
34,32.6271910598021
24,40.4174768081736
36,37.34253217457646
22,18.0674142687378
22,49.16506603177506
45,40.09055946693005
16,42.616112208941644
57,36.40793489472386
20,33.841910777589284
29,45.56170330180193
18,29.26521626475957
16,30.06234157410548
38,43.536487398983496
35,45.06476783079892
49,54.95574379952456
41,47.17693026747858
50,46.55904458388125
37,37.06310967447327
43,42.71131250159196
44,41.170526451902596
20,35.89236130629856
13,20.81185628593249
56,47.86934027839795
39,46.14511884950982
31,40.76485776725386
44,52.059950048534034
46,47.01337546762661
17,29.250079896149828
42,39.70291944876254
18,30.783167758580806
34,47.41274178530392
34,42.75678874327452
20,25.38460372063939
24,39.44795887015291
19,36.211615710378965
18,38.04569139437929
43,42.832947984811526
70,50.80933621246555
52,41.58199302292984
53,45.84379047193472
37,34.09465707456309
24,27.326624241348195
26,26.86684754465045
39,43.013373555574
53,44.453769477269454
43,49.54251225497216
67,52.7834955356009
49,49.56228008222998
56,40.527732154083935
59,42.393905991313304
41,46.00188194083145
32,18.138478445397258
27,40.9261639327578
40,38.55051543335599
61,38.860972440270686
69,48.517716389493515
25,40.91206339441814
46,49.21233905769509
21,29.230401109427177
52,40.620987807997935
38,39.82154911867638
24,31.245975515286865
47,45.613158306210664
18,50.20352387397479
24,33.652175220185796
41,32.38737019492722
28,50.252153369417826
34,41.78353891241952
21,43.155726877835306
50,20.829519167648897
20,39.713057424658885
35,29.913181842738958
55,45.626141451375325
40,45.74243340183205
54,42.1970582172588
55,42.48740720656913
20,24.341193092522403
61,39.31520131449497
39,40.13872836573263
34,37.33501292883684
54,46.759836977713164
19,18.614348603376126
17,32.02152961613487
23,27.111181145384425
68,34.380773352269564
17,35.07575657885917
23,34.55094530004106
50,32.70363542938265
24,24.85743338635013
22,41.406782891225355
45,43.969129819854615
32,47.920872860649546
52,36.94757672152813
40,41.20755061262817
21,34.877194411835006
23,25.037317695112137
20,47.111491946415114
10,29.04712842287401
40,46.05964041699194
71,42.702533317366694
21,22.908158363896973
41,50.839346049972626
19,24.586593478790483
30,44.6531231766015
38,35.61480849418652
33,44.5962868449032
59,47.93849694568502
58,42.19835865002605
33,39.527823028656265
45,43.33909182781179
26,30.77578748763824
25,32.363072171032805
44,48.148828743550766
22,38.43987871822519
39,44.890610607694995
29,34.89431301296339
19,29.76962834326665
47,47.664613195547346
52,48.21149283641884
37,42.876288451847614
57,52.15814812382134
19,41.69725488699686
37,42.78559657141402
18,23.701249303580177
60,34.215083825908366
41,47.87964590331258
41,43.03356189819055
49,43.52419844057914
54,40.75902823161943
41,44.281027435804575
57,56.246789657724904
35,42.68781890277475
13,28.877246532347563
60,51.80864123657014
24,37.49406203248476
45,42.58929843003956
49,35.62553729253736
41,38.742174194063885
36,46.21387262983992
20,33.68363779176281
42,42.41564060274783
65,45.09865202991215
32,39.39255228167301
41,34.44048665501271
45,46.57556977508867
25,28.955123065926756
42,33.32458857394711
35,37.1398609579792
33,31.266217789717373
57,48.38210819416946
65,39.71789307231516
19,20.690391739570217
63,37.118700838569424
32,22.111019339215567
45,32.92809495160963
59,49.70659326464265
64,45.694374361218806
46,42.648283545604535
29,38.93886616530594
64,37.244423914777684
68,43.22146096657583
55,46.79903380697996
42,46.38627279720961
60,48.17863555947951
25,25.13556573788349
12,17.422965888481208
18,38.82575501214201
13,27.983899023605648
45,39.65444735325342
38,41.91637816815155
19,38.07001935312638
38,39.789436066663704
62,46.79409393025276
27,44.81829121373488
51,41.385286091825655
74,51.77452524357769
45,42.72200753608056
29,34.668381036307615
35,41.94928278500665
56,50.57749480644487
23,22.03398885600211
12,30.12549600858946
40,38.33170461877383
56,43.91860956091775
52,44.76543566200138
50,35.49833609845427
19,23.822694557283924
35,36.550424084218065
54,41.03953619687011
50,48.92883624094841
47,52.64011146675709
41,43.44432524481288
28,44.641043448430445
63,49.02979493928997
76,46.059840646148686
57,36.53585052523778
27,37.264443903154394
67,41.38821780410419
34,39.607067159279175
47,47.44776674054047
52,39.91920517221364
29,36.682980652253846
50,42.53332864873394
30,41.36385662928658
39,48.61675669354087
55,43.30197691682621
29,20.99093931877113
56,26.35310319909115
22,30.856677106132057
74,50.35484773814079
68,49.83878457854406
16,26.80144203492248
32,39.25814697294182
23,44.21114247123045
36,38.021331100694994
57,33.79818866990987
37,39.794679567939184
26,22.53656870292153
36,45.34853455540123
24,31.237707484679582
11,39.487151851992344
22,40.93825718238517
62,49.077891519495935
44,44.3365319652449
35,44.83615358828485
42,42.39853478950171
21,39.66602885532778
23,44.149953571876
77,46.21251967637714
30,50.22525691191498
32,41.31441506781565
42,40.53328603709137
39,38.0697636738236
51,40.98678491725163
44,39.12397149067344
21,30.489510729940807
25,41.411584938919965
23,50.13665819555012
46,43.28900890537199
58,44.00884041811818
19,45.08358914875394
48,42.43861467908173
26,44.027583248530185
49,24.301540752810325
45,42.07407640498605
62,53.16497156744469
23,13.619563977920166
33,34.696941588477756
53,47.02724869805225
43,42.75471034080602
33,35.64237655295516
36,38.272725573942864
20,35.34403104416396
54,43.231732602426376
25,25.81919723824795
30,41.968477502752805
14,29.912406105803257
61,59.41238638847082
85,52.85014046884785
18,29.37264409922729
27,37.83738908300829
27,38.34980054121537
43,43.96443513454313
36,37.239807772479516
29,38.86189690722249
76,43.331769097117196
31,34.74314176186967
43,48.93786593574051
56,41.708256250663
24,33.23804226053838
22,38.63781156298288
43,37.7947943664405
19,24.771056682537207
26,42.1804047615333
46,50.559351124808835
26,37.423720603676145
33,35.83867097633589
66,48.828859912437174
30,40.51970522107562
26,28.598686540179816
24,28.37321778456851
39,35.79562848384263
55,43.96226848801566
22,31.166094619071632
25,46.8406405670653
41,42.43487328546989
71,45.28499944073734
53,46.18580109661834
26,43.53806570106037
16,48.69438330109116
34,37.03394403534563
28,42.29789239750132
37,39.16733307585889
57,44.78983884897605
30,39.66967980909899
14,13.471916490752765
70,47.962815620047465
32,41.06189352860369
10,25.84287304308505
57,42.68292530821108
67,57.27000641177179
37,37.843554220264714
66,39.83248810248791
65,49.49182533983525
62,60.39988464265623
29,29.781296462845606
57,48.76144712842506
59,40.84714290987622
79,55.148935504193766
42,52.58653629706867
72,51.498201597289565
42,37.43502948922307
50,41.64733024322357
39,44.29762508036149
16,35.93706340935073
60,46.53073126407415
22,25.528377735044327
14,39.988708756702806
66,47.02400483162484
33,43.06250423180608
65,47.561517165894564
43,43.265299608809194
41,44.66589051271278
27,36.78828892468795
44,44.38767612870109
34,41.486229472699485
66,45.66925440151247
32,42.95305613043415
21,39.483758382271844
27,30.70343376045541
73,48.20862056399344
82,50.611038424005756
66,42.466681198212925
43,42.73847318133745
56,46.72927119518602
26,48.54871460809296
47,44.05154758335003
39,36.20983194323051
34,38.20082068825704
44,42.972503376863195
47,40.25261991634413
17,45.77098029185045
23,32.54003003536157
36,42.48093985655912
26,34.49346549893689
44,43.64039819386536
47,47.63073525901295
51,50.03125801225429
32,43.63172744372098
62,53.36510038230921
31,42.49629023868765
13,36.707193121208
39,47.7213866015492
32,44.2527196129617
10,21.777735643631573
26,32.26193306624149
29,41.54071951656214
24,33.5568796806665
20,45.485910646621896
63,36.28200920513725
29,39.94033003590435
63,45.76626014464581
22,33.43808818216613
42,40.32939187975802
44,49.25409370691337
20,33.252534409374285
10,42.004488394249
39,39.37992578932114
40,33.046559830027654
21,28.50246497514464
38,36.51210649970092
36,43.367071895726205
59,41.18905382052993
50,40.18287041782562
34,37.860496570206195
45,44.26251284352472
53,30.447715763607583
38,28.69045058682831
47,47.723180022659946
68,43.76438284185
23,16.204940814676384
26,43.04351377824005
21,35.44473928065379
46,32.496928397437564
21,47.18238529872956
20,37.120375147158946
49,31.528880929917992
40,33.847418560420635
28,49.51791949757531
36,41.18197957217798
55,49.27836642667041
40,41.955561972945944
46,37.37524145950238
47,54.37650486021353
52,41.679575254172626
16,16.15327873683278
52,50.53527045430796
29,40.95697991411623
67,43.14164073260964
24,32.438827643051376
55,34.61424211453903
20,39.279501056390956
43,51.0991505501843
27,43.02161154781249
48,46.990367061426724
14,40.74122228393999
21,35.24439147577861
38,40.7067598792392
30,22.776391815748237
47,51.12481245565513
61,51.891675577177004
34,43.51494228465049
56,42.801644340026
33,22.61416808826208
20,29.82485670666513
25,30.89811038469277
59,54.321910415924606
49,42.23086199873748
77,46.90898943160291
16,39.397779381681815
24,47.094960697526034
46,47.098905297918776
30,37.446069735511244
67,52.21469828995057
75,49.49733265639144
66,40.58319756182293
22,24.87530163080667
51,40.03976045845009
22,39.01943861095309
49,46.31561081116921
19,35.76429177912219
24,22.34332044658845
45,43.68162398669639
50,40.488590155979715
46,35.90895526127389
55,39.62188307469037
51,39.48932637774523
37,42.136031454557745
48,26.126132083667617
49,42.75530006346041
22,41.47032791142272
58,45.31507536199867
37,41.08044220799635
58,40.8101613969674
69,40.74005681755842
11,37.31255526420844
37,40.49860147489727
85,44.89766617434602
48,33.1779891225085
47,46.307199196095056
44,39.89206351798547
38,37.27355789183591
51,41.07027865750141
30,40.27183730778891
10,26.439276089953026
49,44.53392925112773
63,30.413282844332144
65,34.35555744358368
63,53.93967690871751
48,51.63113798155823
16,40.74122392058711
70,42.87472467715892
34,33.64105559829667
85,51.742300837666924
64,48.41228603300113
40,16.676627283149056
27,34.25600483520991
48,46.59418330814498
20,30.669597284234996
25,32.18819612057368
44,33.75444659889699
48,36.275168096968876
79,50.6654440261961
30,48.35409246491009
49,35.409905022873296
51,42.240365915219854
45,44.15705034474176
47,44.65965810418169
19,46.13749582600405
25,35.84719945635109
33,40.79359438819139
47,42.50197892462178
50,44.480723263296404
38,40.869412779537754
27,36.116883529645015
23,28.722119197755056
62,37.24064164282463
25,30.47731349125815
29,22.83472636881801
14,33.58753480448906
51,32.9819654547062
31,31.393822700530357
48,41.53675049471878
42,45.756048148989464
54,47.31191461551528
54,49.53565273176747
52,40.88441208414733
35,36.632444157209406
38,41.00764385554643
63,39.255557092480124
31,40.78582514670043
43,36.64566684969111
67,44.200867000015386
18,44.22667586437215
61,55.20811528120382
68,39.66627471130941
47,46.210116086143174
42,39.39586958158367
50,41.32626838991837
11,18.83124410977946
75,44.29873257846329
25,35.04507930114189
20,31.65416073480108
29,41.48799116705838
59,54.63221830594951
11,36.11490892966859
43,30.33481170999438
56,42.272232836885635
68,36.27770371008618
30,35.9854624879542
44,34.3451384164026
32,46.817125121592774
24,40.1583826684308
23,26.758159070951034
46,45.45437732108991
54,39.8015869711231
56,33.335172183534084
22,34.47478290336673
22,40.16714266010615
22,24.148410727330507
73,52.575272863908694
29,48.019995712989655
29,44.14086822377183
53,40.113785639290015
12,23.523769030538784
22,31.72224259382676
66,43.23742160867236
52,44.84555360878705
34,37.338404780137516
64,51.409362303425944
48,51.0242848235567
33,44.63023815130697
28,50.43515486036244
43,44.36777429355853
48,40.15373096167636
37,46.54870121309163
52,40.874923345816605
37,43.45786874510027
20,19.42125600299098
16,27.205353518374114
41,42.56473475910776
31,42.154774530201166
71,51.375280810445446
60,41.861540417091625
21,46.95100390341081
57,53.3716269860752
47,37.01730865158552
62,51.481727919628035
19,40.73177269273362
20,18.55133881265511
43,44.79071043996415
30,26.86684754465045
21,46.389749335315585
48,42.51077185180719
32,39.84177000395421
64,46.18254727351395
32,37.9609707943055
46,49.109793945886956
82,62.12191787639699
56,45.81734448974889
16,49.73671040968425
51,32.93314730691837
38,37.57264473207858
54,31.78530063585444
19,19.755349887409942
55,36.72176796543047
33,41.518682169547795
25,41.37754715475528
61,37.55281292069992
69,44.502598348484774
38,42.11544379062684
53,42.8799751524366
21,34.05979980088549
44,41.35707808294067
22,33.65608515743779
48,35.25260599020139
41,48.18021384701303
31,46.32332078655379
23,40.596015284749626
20,21.593697376101076
33,41.82727622696243
39,41.10373876274976
20,28.559149017749355
20,29.449943855018535
64,51.61746661161916
36,42.81326088081037
25,47.16420137822851
51,38.46649974878497
54,38.17222461587837
46,34.314828873357875
42,52.72584829803523
50,44.565448832713635
43,41.64392397675725
31,37.3861288722723
43,37.318904179479176
20,41.61795382305785
44,50.27677988595285
49,42.62982420686909
57,37.59300879912013
20,30.495475746899583
33,27.58759709036526
70,28.561637932857057
47,38.47929563084718
57,41.54255964335812
33,35.17759296445069
69,36.264185922181476
64,41.390793815142985
54,41.93052466468484
18,23.540028558797097
29,49.47728341093678
18,38.29269521859419
25,31.87013820843837
45,34.612278354350444
30,32.58721334745698
12,21.740792933079337
55,48.03808120193255
40,39.71531598640082
62,43.77564133876002
48,33.800912215863384
24,43.62138796836476
75,60.663565666924335
45,47.3011838110697
48,36.7675594120842
36,38.38661729087276
63,47.89265120919886
52,43.12085817931981
51,43.85013957410512
54,37.19898305004283
67,50.502984775424494
37,54.74946916966429
47,52.539459653812976
53,39.12566581838229
57,34.249389775467414
19,33.8459796063517
65,42.12610076944335
49,39.89888122636414
12,31.78351749805264
41,32.743150825307985
30,31.718881326019737
52,50.78055033330256
36,38.45689049458805
63,45.96308352950868
66,59.11964908131433
40,40.63175522627413
64,49.364203497022096
44,43.52530128008811
20,34.03186087532786
52,42.87009031835782
55,53.95075441900976
61,52.37394103367541
67,44.93779442345545
18,33.75109246532507
26,36.24576843539282
53,43.69754254992156
56,46.883747541398336
17,21.219908442170908
67,40.34863132350998
15,23.755281822669208
56,52.20796431617454
44,47.71670408171886
28,35.185173349129286
49,45.387105876499
64,45.243907824093455
64,40.805671744895214
47,44.87228023861817
48,44.607751992494066
44,37.56471076292304
57,38.22893040633866
70,45.50659968504172
19,37.278522851565974
47,37.540140237310204
57,49.73146559116455
37,31.41939779393182
37,38.84538744170234
51,44.78232146552019
36,44.68763394284053
47,36.92916059975013
48,42.79448499841849
13,32.4539829254976
27,36.44595657212745
26,53.06806492721865
54,43.03370059944129
25,53.38156913093728
59,62.29213229626754
31,39.06836868650099
15,25.015934821459513
11,16.404605387330957
81,47.808106809439806
22,32.44347017035215
24,39.05459060025696
56,47.30781661102972
29,38.57506369801057
10,43.949337167552194
37,37.11813263228118
27,39.89130039591002
40,41.77417754136753
41,42.2752539430829
50,39.92717056384529
29,36.45773749762419
51,41.19907322801015
33,45.31368546445337
42,34.5432542003752
19,51.64358526677012
73,30.430720910756044
22,29.301366823830694
52,40.27294731096364
22,18.382791436153205
48,35.17896732932841
28,33.6036084441586
39,40.970132827081194
48,44.57893255233658
61,48.213147571922676
23,39.209253775466735
36,43.33070211132599
52,53.57918925753974
66,44.069897005605
60,41.736774737438694
69,50.335702382818454
14,46.322302897510546
55,49.278124673561535
25,48.148080457388254
36,52.108128758247986
46,44.37843653017317
45,44.1504747294548
54,43.44207389393103
31,38.625305734442094
35,46.96031519699224
35,35.95166128155476
34,42.3333077592418
88,48.30141102127789
43,33.484438946081184
51,45.433143033929966
39,41.31823108361404
29,40.35778244021947
45,34.84942687665659
10,22.42647312181425
48,45.75228801646342
23,46.56238453586983
39,42.09277434648193
53,41.80970411787013
22,36.03353140435906
56,44.002646680974806
51,47.61939804695416
49,37.942492751480096
54,40.12776580869223
58,45.49393059975643
42,43.77706810217906
54,39.61290923828244
36,34.426051509766395
60,36.09323053925811
22,37.29511983182596
57,40.060089087202115
74,48.141663169914416
66,45.65734547792482
23,42.1456402755377
42,39.49649557918621
43,42.86416066195291
42,42.420624100456365
33,51.13596106701155
33,51.95415552478923
50,36.680641383017
43,41.79352537951197
40,34.90097986929068
44,37.92977833908795
62,41.516326098395865
38,26.992882118226404
22,30.807592827655395
22,36.52040762399456
45,28.998927004261844
15,23.936741341991343
48,42.57742934366307
15,31.767046708360812
44,37.78073226625754
27,35.83278457332143
61,40.53871843378883
31,42.1970582172588
18,28.512916667071615
21,30.44181451227165
38,34.07214009124486
26,46.96889176329451
38,43.3888863981405
66,39.663812239751984
39,35.52198485155293
32,45.471037981702054
43,51.52576203290875
27,36.523090558452225
34,21.750449603385736
53,41.24938953207939
61,46.52581248262341
71,46.42406925850074
26,26.10716128734089
50,42.19679409109783
54,25.45046339714811
20,44.22330499659919
36,43.868030577003694
51,47.13814257592481
49,46.18463876708464
58,33.04179761316073
42,42.804117125041394
47,23.91304005500773
79,60.997751484585145
45,41.94128330212402
20,22.440490495180228
35,41.793460593516784
16,24.645403574563353
13,34.81053735593512
47,42.242474464189996
10,38.00012047587269
82,54.80056907243826
14,33.07297398794154
61,51.207054485364154
54,47.06929178484249
45,42.568516447923386
51,42.466601151745806
35,46.88519437892362
20,24.247300950312216
63,43.973919930109794
10,39.82544045451859
44,47.67365543596597
32,32.78423437324789
29,32.492559135152796
33,25.717785704570023
29,44.63782004997421
78,47.030098516293094
35,41.83452604099439
58,36.94518808900251
65,36.94697988120597
37,38.84659602828208
36,40.47271364062857
58,41.62481184896729
18,40.27737548093453
22,33.356656525260746
63,45.83230253682021
58,51.10276373143569
57,46.22240267143054
11,31.522636264001825
15,21.871991624733752
41,38.05666563032013
21,35.517541647487654
27,37.65332231524868
50,26.63624333303899
31,37.30696670802004
64,27.734849219921553
57,52.421078704139816
57,44.06177066406142
42,39.977369516821476
28,33.37205400682177
20,37.63535926476361
31,30.768641598984292
60,54.40235532329812
44,43.74669316658225
88,47.86160379463889
41,41.69818728848769
22,44.00848671129494
16,22.62744165662306
50,47.264893865401035
65,43.30943655300904
44,43.75765930549258
50,47.78909061823557
40,42.8462652245459
39,23.538935888422955
65,33.338957582673444
45,42.416448965847195
34,38.28051819060312
75,36.774650133934486
29,43.637640877022974
29,37.24851599968552
38,41.87291359689028
35,44.7850728126088
31,47.79301590198566
27,25.283147256837477
46,41.254723493821075
23,26.83655911949693
43,39.8790885840082
41,45.75953605168886
74,56.51866533823724
66,47.77007903142566
43,46.30662949092273
25,44.543034860930135
29,43.90223419433657
70,40.38480112365098
44,45.00760897379548
73,49.4448883803519
10,21.82802573390455
43,45.809377443088195
62,44.940265592508815
21,26.224386916189957
22,25.11861218776362
26,31.44154533038753
62,47.23617223058844
47,36.24410554351849
46,28.63299571711174
23,25.37238069007698
45,52.512766552164045
20,42.0799951623206
55,38.51906134703934
51,34.37510683634388
57,48.01620106965346
30,35.67994135509948
55,52.50179690051609
37,40.94303849900989
43,34.311675589646
25,28.54590556826619
37,44.39927018310632
20,25.594088804720545
40,23.576379707438527
17,33.31699263660812
35,39.31620935018676
20,32.92675503049686
57,34.127617321952805
32,36.90980076941831
25,40.45702120673257
14,23.724832901156525
53,44.17210288817504
41,38.98554959278492
23,31.636814623998372
25,46.82826140225201
12,21.78825975204312
62,35.22833984227465
31,43.81812814840304
25,32.97033323028559
27,36.989556205739916
47,45.69130055357132
28,36.785841136866715
65,42.12113361467519
25,36.902979549828444
24,31.04718738564796
65,36.781193998141504
48,38.46639054668823
24,31.282759310168853
49,43.06491866711413
29,28.412564930948925
24,46.358750056757145
59,39.351386977049714
22,40.612567099165766
37,42.362873996406144
52,49.05801131446808
27,35.181348811280465
22,32.21209005023211
40,35.72593760704138
50,42.13771265750138
49,40.36648088132487
15,32.03825938109742
14,16.17105239423724
39,42.39397223113666
23,28.705507535263287
54,46.06272662844165
24,46.835929114189256
43,59.77467110436249
22,29.36627328489942
51,37.0477087242305
26,27.581537199876106
50,40.25576866817788
13,32.88752456690457
57,33.397421331086406
22,35.891482347421636
48,44.482932086556154
48,32.85332203924851
31,32.27874331852957
44,50.62447698195156
49,37.98640367249664
70,47.53879222814283
29,40.74803419600217
46,42.114535802749636
44,46.73113072867514
57,38.516634815307754
67,44.2268708326181
44,52.64295109425467
18,36.25637493495927
45,45.352083696308476
56,53.8359097826569
61,44.56990571324875
80,44.51193529868615
13,41.13395926643934
51,49.89793506962765
38,51.786905260831624
45,34.26543653522597
13,23.280574514737722
47,42.8987545572155
12,23.23533505446893
27,27.515235358354673
26,49.186812104705695
65,42.78430369428851
22,39.71907534358431
10,25.850084864174214
25,34.93641598359275
46,50.42784443789219
20,41.38937599955995
57,53.76950491859325
69,40.20553600053651
18,17.22156752851539
20,44.99374990311224
40,42.11867951596778
59,43.61770817612331
39,36.09605733275084
45,41.02457852081719
34,41.765990257996506
70,45.719341631493435
34,34.40459171071735
37,43.506804603257336
72,47.98192504573353
24,42.96725288071964
64,44.977109582584646
34,28.409901289279002
51,32.18021506362338
39,42.17503942056925
49,46.30283443439544
34,24.32573767767319
53,45.330120668457155
48,36.026356449828
29,43.575543562055735
48,40.45171032378338
25,34.153282890166835
19,40.76974198832292
55,46.28076513227054
38,42.23341436361515
19,46.48171684970967
70,51.95594289444765
20,21.919313833243304
32,48.79190120831734
22,51.821698979647635
25,44.73091243116197
54,41.982423432046346
35,32.90837489389884
27,41.70471051200539
46,39.79879468901065
56,44.826814441366814
20,31.482488406163448
37,35.25005537385964
42,41.939180116207844
49,44.929722649132316
22,25.138458421280635
40,43.38448915369609
19,27.448208299766737
78,51.19794613274715
58,46.68011488005473
50,33.69600491474277
19,32.85321107106363
49,44.277991313160285
58,40.9457449894755
26,43.56879953595331
38,34.67469426453526
37,34.5459529205344
30,38.67040867869008
19,32.41073070225291
20,47.35506502095668
76,53.79014862950478
55,33.662136162726505
34,38.548299698749304
44,42.109293984278885
68,43.89878007760971
72,45.79632010093513
42,39.385530229143356
20,29.02480117002206
47,27.153506859309122
58,40.42922515065921
34,45.63770817214123
13,24.598986358167117
63,45.737748324823635
23,44.34503555826144
54,46.03975514774433
37,36.942000722194436
41,41.284997115001204
21,26.2644258109155
19,25.89814689157809
38,32.3421253016742
56,43.99119100621846
10,41.03356556414539
57,51.72320648810903
26,39.38414151340145
47,43.01504049516995
30,44.200400783601836
32,40.979323969260705
27,31.955208682318656
18,20.37608887610318
20,28.600099503163225
51,41.88507270984733
20,39.95007320649005
31,43.87476705315177
53,42.35995448624085
28,25.451452758009083
43,45.396695951943094
63,44.631934601883266
60,36.33342647684915
34,25.876373413725375
33,49.553788749071465
19,28.819441222675195
16,22.69473317574912
57,37.41548224471398
62,36.43294983463697
49,49.71399711795844
26,41.16123793039275
64,41.65623075676718
50,44.90573828634278
22,37.34771473735175
71,35.86435017100359
54,47.22957764688615
70,51.68224376521249
54,30.496777429900238
18,43.30099219289935
27,49.060370429458814
38,37.90232384960265
44,43.73138518584619
40,44.83088854733351
63,41.55536894320167
30,39.99409256664006
42,43.498510754526386
29,38.13546862388418
50,54.32813557187803
47,43.979049299471214
76,51.96111302134825
70,48.57215452229194
44,46.20111154375074
24,31.083510340185125
32,38.13126691880474
37,37.67997446245188
52,44.74552275938059
66,40.366067644456706
24,45.311486093749494
36,38.63353019838893
22,28.563326934403854
52,33.28230243759438
57,35.8197511925025
43,43.50902756576356
61,43.09803326344262
11,18.63396208866301
15,14.352047517468769
64,47.00168589238949
13,33.336480169386384
49,27.21393136108488
20,27.66629279703683
25,33.362822688429056
10,34.92047486505464
51,28.488765037340368
49,43.67724718464242
28,44.63606969273785
35,40.859903137594664
23,32.01623412623681
36,38.11418338375912
59,37.483221581451296
13,32.291261085285825
34,37.69659556619041
53,48.97928178919453
41,52.86429349486678
31,41.53008429721642
30,31.223103844798967
49,37.197946429037245
20,24.14254388880998
47,45.566034778668865
47,33.01069812374527
38,34.91994858865937
45,41.19044455591579
22,27.24543763571965
58,42.81699588121362
21,40.605124422617955
11,31.35972834020642
19,24.68119165678685
23,40.190059533549395
25,33.15037942990329
20,34.541243351237455
28,28.761994689256916
80,44.69316475194949
15,39.520498354472146
28,37.72635839908809
65,42.24175142666476
44,45.736196914585136
48,43.43422976501233
45,28.953246989989857
59,58.257233813615386
44,36.354506996986295
44,44.06125451406608
18,27.172917307105873
45,53.702132941473316
50,39.67475444283201
25,22.60206740905465
54,35.04278427497606
44,42.98819858563977
38,43.408814952240235
20,22.122188297574258
13,19.248170181958855
38,44.430552860836016
48,42.13527702446516
36,32.982590504262575
12,19.977652870490815
49,52.50643849256487
49,45.22595183103074
54,47.00614718614719
17,47.36349770509096
16,26.89402607368249
47,36.057060816436916
22,44.54280742968406
22,30.00452054771132
25,32.186444948941066
21,27.976569334004136
48,43.80251100748583
33,40.71584207952829
44,42.16243799243737
33,40.84435554042446
63,31.940975095273217
13,30.034523440217157
37,32.17779352385505
69,51.79058565226053
20,33.906028990637985
38,46.347836379887006
14,19.471714375862685
31,37.376672655960164
21,46.805976106454565
71,48.71820707207906
17,34.733510979278556
39,42.385779949189235
21,38.8369280313919
65,42.98204449249468
18,49.94146686471852
30,35.283848320437905
38,41.14665079641466
34,27.55510019159621
35,37.64276928285945
27,45.79853732115154
33,39.68800627882932
35,40.65936375893692
13,41.88508630939125
21,20.299025189463187
19,41.340505180513944
25,40.189892457086124
49,25.159673343990086
85,52.69954429818918
32,36.63724604515732
53,42.12370890555123
64,47.54964814239188
44,40.52349558418722
66,30.1850025177397
63,47.325402144202464
21,33.920414287884775
22,43.05648219605216
62,30.890315246403624
32,51.059602945674015
39,42.59558656326394
41,39.40135137165779
55,40.68889051665371
58,37.60868302476762
46,41.4813762660033
17,27.157942248342373
50,31.368221116248556
55,50.509585469790416
31,40.61924562041783
18,26.16627553164239
12,17.970440853264382
64,37.321943018936295
57,42.6575990863556
73,50.66586823511979
51,42.070244187928985
41,49.2945153135564
44,38.378384430115595
26,37.36442483871691
46,35.351130358606675
26,39.75419951883651
34,49.09377343081551
30,34.79731968039129
33,40.097995271727264
33,37.64120380550472
43,31.815734580053025
66,50.33419629447882
48,39.73168974553815
30,56.9702962126662
31,42.68174779678426
34,37.40349249352562
36,32.884537988703265
11,30.258258061099873
67,50.570481037564974
21,22.416443915249598
19,35.031943290865485
59,47.371619116917685
48,44.784642490681826
79,50.19943237845474
59,47.68756314985698
53,48.462051632838644
53,43.27701376992073
42,39.998780827933814
40,37.058413923091734
48,44.09187630800621
47,40.047781152652846
39,52.6296639830365
19,33.49618164628653
19,21.488074162425946
63,50.22275663883179
41,33.16372325326448
37,47.71187261336655
62,48.809719880942886
55,42.286572026004485
20,39.966950982224034
33,42.15438480632811
37,46.49477951826345
53,34.80606913672494
49,34.99588768010211
26,33.9064696694224
30,47.949560988725665
63,38.68881034164936
57,50.5305095265137
32,39.76040532677557
43,41.4110566750224
55,41.663990392730504
13,15.780284606900645
11,24.243119795265887
42,47.48267388822183
43,42.7151689205619
77,50.48261134974322
58,41.40872182777259
24,34.07046374981322
56,38.926050674976786
40,43.969426936415765
70,42.865298638961455
47,44.628992030307074
24,37.623648340369634
19,31.566778778257802
22,36.56857436723907
48,31.837786698468108
34,35.3905379212209
43,40.64896401524764
63,48.3143757690384
25,45.70032119038479
18,13.522965512204642
22,44.81443382155479
25,36.86895603068372
68,42.51022132516457
18,22.767606189773552
50,52.622004868391535
67,49.37677242868202
54,31.481846385340237
64,48.95262879912973
63,41.363484233181715
21,35.69932040409865
40,39.82176108981036
54,42.85472999464959
18,28.37984711890376
52,31.147524313827784
47,44.744113848080254
15,37.4702441482613
57,42.41607333711325
38,49.30301331279326
22,26.77077154087013
27,34.5891536512236
40,40.84878530747449
17,37.983315165678924
39,48.30244122041375
55,54.98261965771413
53,37.80784544096544
11,15.043520124164518
46,45.41545408597643
20,27.679566044842193
70,49.086624252085166
38,45.37253418033445
10,25.3779839539791
28,38.705730601383905
58,50.625354774504146
50,46.403310298417374
71,41.19218715296765
51,44.78232146552019
34,30.830211258568262
75,53.13736487122624
13,31.312602617793416
18,43.15308730500666
18,39.350278548893705
21,30.372405776526847
31,46.06492375260514
80,53.563290396512755
62,36.17224779545094
50,36.647656932683205
26,32.2880913131685
40,43.60181575314762
30,40.89405807058582
29,40.642147252757816
34,45.08259066973297
18,35.50115195066374
70,36.91636353401079
36,31.67862664509227
43,41.27755828421897
55,41.40841341304194
64,41.02454528491762
17,35.74903278101807
58,58.415407723050265
42,37.66978145245729
31,44.04366064889333
44,40.719651328743254
18,22.634638681554872
16,52.2665001719373
77,40.676503138004016
49,40.00422805172449
21,31.792353021077496
49,42.626435251787996
16,32.09763194079245
11,29.21485249524725
33,39.716380786057435
45,38.57089250978229
21,30.113144509384842
31,28.351368542771493
29,45.30247044999146
18,42.278042079611524
17,27.386101624066097
37,44.99547483226829
25,39.89778149770789
20,29.87399601654048
67,46.07543378572888
27,37.40374240337609
76,53.31753961086357
38,40.39399987515855
50,35.92755600775547
61,38.9435975943229
20,44.45623237040061
18,30.28609854257419
21,31.123828427876987
69,43.238310363900275
21,29.043037304204468
57,46.23076664794095
62,30.54669992003848
54,33.529705844010294
55,43.39599443029003
12,18.08080380593739
69,42.70785523819005
16,40.51883937626079
59,43.41733484754688
35,34.15656622912689
49,40.317197125319
53,38.79736975618845
53,40.95617353632415
77,42.57000284214752
55,43.494636663252344
20,38.42808091387587
21,34.19058049788938
36,33.95616236130737
38,44.0634059626254
37,35.89303372892758
75,43.83670442354663
51,50.88229880815603
70,41.3760993225584
34,35.74402120176351
35,36.76221217536445
45,43.05277125701633
50,45.23649186727237
62,49.130515126076304
46,31.076035220931686
54,46.52030216602495
22,31.599323217801825
54,44.21255642275127
41,26.618853032093273
16,25.559399691837754
19,30.090675515798374
77,45.592759268096806
21,34.89643910800954
48,42.24067286625207
24,26.24273232529548
35,42.80041895545719
55,50.870346430256056
44,32.277233651139966
58,46.95196663010869
42,39.731716874736996
70,34.347275969860455
51,33.515381692547614
44,39.391411813444876
21,29.111411892497525
32,49.195382589523746
56,46.37630373460505
23,45.79794649555461
56,45.01896037595482
40,44.84587179302487
22,31.984613761199693
58,38.82116196039763
64,51.588085489418496
27,27.58529523809524
68,52.188735709261735
42,43.10719808796338
44,45.3854255991143
34,36.14918341913173
21,41.594152080140354
21,35.827590407102555
58,44.03234980578513
41,41.96784549513272
36,45.25250326539049
46,41.46404975877144
50,45.738493760222426
52,45.18908208217713
48,48.276409923500175
23,29.248937607392193
23,41.97281511737072
39,36.98537610345018
44,43.02711611789652
41,41.669821161086674
42,41.15859027926721
43,47.96984364458248
19,26.9816121877763
58,49.25570570815785
43,38.86078178503038
38,43.10154095798376
19,39.149409413934016
37,31.28718700072318
63,43.22118870724711
31,33.28675784818476
20,42.86623960523716
56,47.34988190497114
11,33.33788781021995
46,44.818984979687265
42,39.456667392372886
38,46.890906789457205
16,23.17438768485956
58,41.4713800127857
73,47.21708818876699
60,39.77716274702935
22,37.16209752790239
27,38.87736333441232
45,29.312379013254407
22,39.912280947557065
31,31.985281305055143
46,42.783269198875814
45,44.09351438009356
57,49.23207184771875
38,42.438742243262105
23,43.367304971976864
45,53.140066620057375
52,43.30559542092376
37,37.606956395015274
49,51.34332020129319
31,40.770943932573765
22,30.64862243593006
37,41.101423373768014
19,29.597787095769576
75,47.69604713798129
62,43.10861093230454
18,41.18553013266559
28,41.601839882967944
48,33.349082841062156
22,37.68954109798381
60,55.4892604423651
56,42.24626153552422
10,51.232708152733686
23,45.91628643106131
58,42.81050002877546
37,44.96844603484824
63,50.67902656011543
56,37.99963022616524
20,43.7328841371896
31,33.91001931029452
22,42.425404999525924
29,36.63228882181576
30,32.01365426356461
39,42.673602840224184
43,46.04063458610844
21,28.766208416124982
75,40.91031139610028
40,47.301958349201634
29,34.610873329871886
47,51.69189308142988
10,38.93262174385538
19,25.18931533921763
29,45.903756382054254
47,42.322694294462345
51,34.00058614056034
45,41.62752685549153
47,40.62781498727776
60,39.74086797621619
25,24.505616132036895
29,36.55963877742805
43,39.63638473910317
64,41.53316060245606
36,35.5245681685622
46,46.435460311599485
22,48.23110534774069
40,42.991088206296375
16,21.5025123086308
29,38.207596117275486
10,23.95094147903374
18,34.193415785604095
25,22.904276715965498
27,26.482167090844605
59,49.02194666551846
22,36.28348146004118
41,42.753303625398786
41,40.173279040639194
49,49.329343708287816
17,18.812395002758887
37,43.09495663300855
59,50.219042441871935
64,40.86383313614569
46,39.36197671284851
39,42.80662920793016
57,43.399480726739796
45,41.4176226509089
48,36.21695732040335
50,41.028834922125114
67,42.19094415739914
22,37.02577926143309
51,43.89103640637781
20,39.72260713223804
56,44.17848593103015
57,49.19047773789749
50,32.33916328171311
42,42.51585484924756
21,29.547932942108368
65,43.49428180014275
18,38.21533423432382
41,24.59571498839115
45,45.78129081527716
24,29.383051775552005
32,28.33001793868232
38,42.47769593559374
48,49.18999214875143
44,44.33709964745997
39,41.916130565709956
36,46.36769619217911
46,47.2819192576854
58,49.544126368473364
40,27.490811459028762
19,30.95152743241886
26,41.16135789031735
57,43.88028066455675
49,36.17638382919577
11,34.60102912567529
48,40.44285784344754
40,48.09865184669876
57,43.462235793730144
20,43.52152308764991
76,48.25798339985773
53,41.65659937521493
42,43.05673545352479
29,41.1569263515968
30,36.36274799131923
67,53.52730953586838
18,26.726988546504696
26,40.99459369243331
45,45.268462745088634
39,45.25963362174687
17,34.021267651512524
40,38.333546823937084
17,34.8525308716757
66,41.47310604017966
59,49.47326166735927
56,36.7134887107507
26,45.32234573314147
32,29.047064053622872
41,31.067370018930276
64,46.34117409869466
57,42.89816511480694
72,49.76887074404694
30,40.308577324005654
39,36.88362148366118
62,31.67212644909212
51,27.077266725977893
55,38.40684542465951
42,40.42520550394997
33,23.215641555608375
39,49.57936967673957
46,37.4746946033568
22,34.521455061156196
34,43.0332708691617
37,36.02072939112607
19,36.40995364876519
45,45.54308931605165
19,30.35774843542336
25,43.6283687207907
56,47.51341097295429
48,49.07442857464699
33,46.61806282398457
62,37.90110854552831
34,32.072295212064176
51,48.75170207710972
32,38.06522787276313
51,42.34450912038246
31,37.868222304032436
75,44.712946464761046
14,24.23880059687659
20,27.963369482072057
47,47.40713876412858
27,41.196397672975905
41,54.72568269585201
33,31.41212040406835
30,37.05234514710765
64,42.91510639524154
18,45.166900876825466
21,37.62367203741082
43,59.82829062353296
38,41.83121300034431
46,40.55648521960707
17,38.70081986996306
32,34.17406034151129
50,43.73853014049711
24,26.464418035742302
47,46.77074957602563
40,42.55206923378309
25,25.13556573788349
20,29.186470639749118
23,26.268770526392295
53,50.465443923278016
36,19.981143747453633
43,35.466567536617
45,44.61279458310549
38,45.431882762764836
18,37.53758582013767
17,24.578209865657705
60,47.749660577559574
43,44.789231515137345
34,42.67969525354643
23,43.97069958022124
44,35.49404500395205
53,40.39939883040935
41,45.825877197613735
27,47.28645748922518
41,32.51331558955356
47,39.664406319345716
48,42.11555314180016
49,39.55913670028191
33,40.02075267140927
33,34.53634408690106
76,39.40335389626186
37,37.25200660299162
37,49.71121486373326
46,44.24538819315965
38,30.142945185365242
49,34.46599063770586
23,44.06701836720597
38,44.6895103058836
71,41.06300254358539
24,29.524905685287443
50,40.808935993534995
25,37.31122163499312
34,37.22396992023383
60,37.28386419309543
54,48.72342111978783
36,43.49973952342404
47,46.1957980211043
63,42.48452668391871
17,21.703303822772796
35,47.21262483245113
69,42.32779604472015
78,39.12066277559794
40,42.653290035056116
54,48.267796577533
34,41.336126466401
41,44.67213024544162
30,49.14781770640254
18,20.41910104533468
13,25.986707307406927
63,47.11131945810589
51,42.908895127548156
49,44.66247140020904
26,39.065701761067274
12,32.28995938477712
45,30.68384288270725
76,41.700518047063085
51,39.391310591180115
27,33.37321881961343
45,38.865739093804606
32,50.07244721580248
54,47.40578432928189
26,44.28815442233764
52,42.460405470328126
73,49.113134423699265
10,34.36634257964918
24,40.544946450744916
23,30.348260819301252
47,38.14446143349312
21,25.682331611678883
34,51.41629523375348
11,43.550933029605574
61,50.16684822643284
36,38.85946198028057
49,47.62822139042249
21,22.895345089923065
16,35.22543207054257
32,33.34306673022321
52,37.489909744850905
61,44.388104493114916
36,32.25374031901781
19,28.14120421779835
37,43.52565870981273
57,47.476422319070956
22,20.583362883362415
31,41.503806983481944
49,45.31972695602803
58,36.93721911000413
62,47.905614526447444
23,26.618086450561954
55,48.670485963049785
51,33.13230195623643
27,37.35778385200795
54,40.90731086499418
29,39.03821380400491
23,29.22639462296941
21,32.35046614883643
61,38.815321322223014
27,30.819011257963634
13,33.98278006646799
77,38.139616310535324
45,45.95685188285725
53,45.48947044627405
16,40.97734049865464
44,41.13693531396682
72,45.59490988338758
41,40.8512808633802
34,38.24499024852627
16,14.732109946645975
33,33.05716721600663
29,38.77780732700253
60,47.99050901191886
27,40.840728997725556
66,45.54025227257626
33,39.585612146601676
23,51.74779823300193
49,43.245691308826736
49,36.60299743832832
47,28.444848322036332
44,33.24305360471864
43,44.408220046898585
41,35.333226835846816
64,37.416048189691594
51,45.87148399103879
35,43.674474111517604
26,26.659218879085987
18,31.343223156484306
19,21.43354478317032
46,25.713520267105114
45,44.757716211519146
56,42.29150777911121
48,38.8874513659902
33,36.531979606084974
47,43.19490159075291
52,43.440462502028346
29,36.756951046531775
25,23.412243023163647
19,38.69755337426176
22,35.195182401835325
34,47.786791474801305
11,15.161135502429447
48,34.26798545852103
44,46.54481655799635
47,42.652376839268975
40,42.12441352032027
47,37.35495483290178
60,41.422758956455844
48,31.183313598173832
44,42.274886126321604
64,38.38268623134158
43,31.68980073324844
21,43.97697939443292
44,36.946621862685454
23,22.15978306826767
37,27.748640769257133
25,35.24027681114278
66,49.38785455846894
20,27.559646259271393
30,49.89231187506525
32,30.135065213104458
43,43.5478701092985
72,41.97040596958625
60,37.29716347591794
44,44.154961766591796
46,44.299216866408095
43,42.90781077619295
37,46.63210581838043
27,30.41960920750086
41,45.73475976121289
26,38.31791742868188
40,47.266077471634915
53,40.2311340492894
29,43.633552923833456
55,47.129566941467864
51,31.987439562154222
70,46.26537656855886
46,41.70192278404619
31,32.094274142873104
50,45.20903249294813
44,37.95399924784675
32,43.21378785295501
51,52.27722791884438
39,39.3833737545017
65,40.855527555438194
37,42.35326616625353
17,25.590013842480225
20,25.93325638036142
81,48.919240738212835
41,42.86952500763148
13,13.9408443700284
71,40.49082177638873
31,41.718879026682615
43,42.37906194652507
63,52.67817436794107
29,36.023631979854834
38,42.69964996467697
33,37.19576609543116
45,41.25935523372264
55,46.376153479420466
46,44.09278211123552
45,44.71169326124144
10,41.094125048310424
57,38.12132644479902
54,28.487350662562946
62,53.59151907887388
53,44.13534965932353
21,25.8456492204526
32,43.339800694112554
29,37.690172823718456
19,29.125217344922586
50,39.13824877768079
57,50.26651079073049
18,28.920648426782414
10,18.858794682176512
55,39.51220704883505
43,31.411988273957512
29,41.57305881617267
51,41.1628874109619
10,14.600555015307933
46,39.62096125530452
21,20.827510047281322
48,40.89717236727603
21,44.19080727451945
30,35.02334956929477
23,42.09044964298252
73,41.152910175828
58,41.618245823332224
51,52.509465354748784
41,43.85441931911819
62,48.890592938306746
58,40.19077908266624
43,43.36958202076223
55,38.45040258268473
39,30.24441012967085
62,47.41729637555648
63,47.19090320297165
31,34.47014590062386
63,41.018577375336875
37,39.13372935038383
45,42.995508098839736
46,47.42978477787126
59,52.60480458948784
70,44.36822890975739
13,39.12733983560113
28,35.56307956844587
46,43.79643980129154
48,40.643282854337684
56,36.93371471505776
45,42.74787624381562
37,31.134571505653543
44,47.79048906349331
48,40.31384642254216
24,37.696014640516744
19,45.42381002405338
52,43.33986456589263
40,42.596201485480144
58,43.826028704846394
50,47.278702074321885
53,42.55388076465986
23,32.337013768422786
55,35.298922250079734
31,31.369912362329025
42,45.029608839793624
44,41.8271106598939
19,31.004344014121433
19,41.508815181921854
30,37.53930182099826
56,39.675438563639915
38,42.265509970849365
61,44.34451198111018
33,29.936940331268033
67,44.34941415833069
22,39.56172590510303
52,41.72413172905242
65,44.10116604058483
69,60.04765029632111
33,38.33798561678924
49,44.136533924707756
65,39.26765591674324
39,40.835155493511074
43,41.26749048189844
20,34.13765806453813
17,24.61091616252703
19,42.481067732114234
50,34.479821490471515
33,38.276696393929136
28,27.857543226110582
32,36.52552650836767
30,49.72575981802801
77,44.80446101178566
26,24.629885756348152
48,45.29339732210929
13,21.97251294034213
11,23.653417455545362
21,32.27813433105677
32,43.46999625662085
45,41.96099930700338
64,52.33337817869873
43,46.89939404501225
20,34.97303925299166
59,55.75109244535543
40,40.95450982126703
38,28.53562050995117
21,37.02234749471335
60,48.966086555914124
48,40.56317198979306
38,46.58803614244471
21,35.014036200136346
28,40.9306101066547
61,42.184648539713365
65,49.36915927160513
63,53.08872422413557
13,14.128146504747406
38,31.624138042132355
83,57.71621104752251
44,44.117984945020645
25,42.627754502579236
17,37.3666739318496
74,49.19624606147232
20,31.321445827130468
46,37.64484000746806
76,41.890000904710156
38,44.535420660726935
46,38.886604774827006
11,30.068318399217628
43,45.07435135907612
27,37.3215122712067
20,25.47699439097849
53,41.1143042152773
23,39.937568925195926
45,45.19030264109552
22,22.177011211582222
42,42.09648884616303
14,34.08461033278391
15,31.432823370951045
37,46.82391665628673
50,46.908138635931785
73,43.90572182928943
51,17.1166718620652
47,37.42521216151628
32,43.558543114224996
40,41.60660756069073
14,37.16580680471711
47,42.313054416933234
22,28.630866211209273
23,37.362504104378814
44,40.88331011231655
23,40.7681519708631
21,31.658664612593096
23,36.06657641950951
58,37.88971637739124
27,33.556369967802524
43,46.79895426251784
50,35.42131114235379
25,38.12910751264402
40,42.582172769089254
21,22.171838303206165
32,34.47568805612286
51,30.63574186045922
38,44.571984328668904
23,22.684641166544537
16,21.596603764623914
17,28.04125300583239
23,32.70950282637432
21,38.347064158415876
13,15.190818075546382
40,52.73974740564696
32,36.75666097313996
38,49.632240356818684
13,37.71238536654593
20,39.97661044858689
48,45.58491815596933
63,35.291735820560795
57,41.71170770330894
49,34.51271468003674
25,41.561155077578235
37,40.84366376229879
42,47.932148850540564
65,31.76906745551597
31,37.13889683066381
18,26.601480577283567
51,35.474422199370096
56,34.3559827007394
47,48.87377539251609
48,44.178758515235124
18,24.4091364175346
11,20.400593000005898
64,36.58281395490801
34,39.53863025222648
52,39.44085573695386
30,35.30331435443386
68,42.929229188167504
28,44.50501212742032
32,44.581598672847186
60,45.51144722478751
32,43.264680657876134
34,37.333861928104575
22,34.83866052678646
45,40.79810740799807
26,27.266888902980146
66,34.36556623147489
37,40.32358274832578
41,44.860226622324916
71,32.95527575827044
21,42.20697708123424
49,45.91787214305813
15,21.943281849858526
29,29.282784566016417
34,39.41200765063832
10,42.83970965112212
13,14.92634745459621
51,43.748128288883436
45,41.634749331617876
76,47.413538245947265
42,45.89545941021172
14,31.772954542928964
48,45.99945494607905
23,27.30350983403408
39,49.4616241790049
49,45.009255766120496
30,31.916164117826973
55,41.653312539225944
61,39.080135225850434
53,49.06141211025991
55,37.24448669269751
28,40.68846778111422
57,41.72718421467041
53,42.406649812298454
55,43.29307017255349
10,30.34612281290278
85,46.069672986142415
59,40.88591359004773
44,48.86891836141957
54,49.31033289610829
41,44.727030054693095
28,41.72608848261046
38,40.27702633552815
59,43.84427152984744
41,41.52316431335548
24,39.729993873737506
31,36.926318582419796
24,38.83343890310032
29,32.32608592870597
71,45.40045841085918
46,43.847868982050834
62,33.802274882275995
22,27.292017854745804
50,43.11571761463665
23,48.55526972345213
25,36.69913147861962
34,38.60593794548479
14,36.58742503833887
40,46.14794746393328
53,42.41377797939565
20,45.23849383325211
43,46.138048427298706
61,45.95201255819925
22,37.748891765843304
19,43.975232877119325
48,41.20461444463554
62,48.50659642171376
52,40.85212778190836
24,36.38558695094838
16,31.582466298795467
26,34.612028039387745
26,26.830338612714176
41,40.04272866471255
40,45.777476046771696
60,43.32377176784148
24,32.96282092134475
24,38.70088782561453
28,37.67738888457496
39,39.95520704234211
46,45.79528497172718
34,51.11753464868128
19,48.635130626269046
74,49.19421318767854
45,45.41859401834807
16,22.703248096073462
20,25.81274387623038
29,34.119092976041806
18,38.59108826315899
36,40.215154354316084
54,36.864091083418664
34,42.14291728868624
31,44.43220642847839
48,36.63704150519731
23,28.51629966148021
21,28.18252558111755
64,60.74838149146397
21,24.48718195899902
72,44.578916249926806
37,41.376688070389136
38,51.99367495854036
13,19.256826202927115
37,37.39099848175592
51,39.42771848823171
43,41.325076963835755
70,45.02557811910616
25,23.295318809502454
50,41.40796801606507
41,39.385444496943244
45,41.581278595888726
29,44.960947222482275
19,29.717702027316733
22,25.307820740837688
47,46.27492180692217
67,42.98868093076544
59,46.86142545365613
56,42.66871073381434
25,33.006407926331306
46,42.58413378998397
39,39.269486833566965
56,43.23539306313189
46,46.39981163173012
16,47.54330429673014
35,45.02658370020772
73,40.13045674599914
28,37.80802294140726
57,51.680856175734654
58,47.45221392675419
16,34.27241813598488
24,38.50283569785098
20,27.37249565895922
41,45.466074505454706
36,50.546364780018436
63,37.51070277665302
41,49.22307876319809
63,50.09668496283381
18,32.38827527945225
15,43.98375771863324
19,33.49765875076086
45,44.63099024067631
29,50.40503488927856
63,45.44227458472024
51,45.79182131795687
53,46.506330640683245
74,45.164709354933464
63,42.67449449434903
36,44.29771407455804
42,46.492504117514606
24,33.4174933418098
24,21.755988580627278
21,39.37528114415019
16,36.77093316745741
48,41.594381517090206
61,54.11868775491532
64,40.78151211090184
37,36.03983119992474
45,35.103144333380506
23,40.7191447802758
56,45.28753527043341
41,41.573659663772816
56,36.01376978129799
37,41.45989465181586
78,43.376589210134355
22,22.442489367814932
81,55.46943374373339
40,40.1469950540922
23,39.76298776835652
67,46.73975150329652
40,39.63718062495488
33,38.401706406262186
20,34.56069972758717
40,35.45665022752806
26,29.22888221790647
49,35.58477187004038
36,43.530665493970155
29,35.61494060285609
27,36.325232746383925
61,47.911853447529595
61,53.54527349469847
47,46.37948213804608
23,29.40610188550914
60,33.35257074917883
13,40.805090529479855
63,46.00799449551219
24,27.574911591965215
45,40.15019167713098
28,39.04642152947878
14,32.76247858531287
21,36.178283699797134
53,49.775089802347914
36,38.41614441740481
24,32.99279056024025
33,35.350570854088694
44,35.587619432395314
50,47.22141914850974
66,49.8892520724425
37,39.97770458326568
57,36.31259720825322
10,33.304339767777286
21,28.654073921742953
49,43.35167035108692
12,21.276271900502298
14,26.1487485826909
78,46.47155735794199
74,41.8408383192578
50,46.49239003748832
55,51.15305263519529
31,31.47342467322505
61,42.47683834937791
40,42.66982152473584
11,30.09815856534185
63,52.203613770137174
63,44.910767426547054
48,39.447145117746096
47,38.25899980396677
25,40.10623305484293
22,37.43772273692224
24,43.82858910415096
16,30.858235774617288
10,29.665410427279788
54,41.669187899989375
37,41.2555722641833
15,32.4033881244293
55,40.01534594570974
13,36.86390711909616
35,44.62273934447018
46,22.318684366481698
50,43.3151592271409
30,31.17642978131151
20,20.715341166229802
63,47.41096695080932
11,34.34695690211007
17,27.989186208105647
18,23.677779858332578
43,48.59330418365872
52,46.307638554842406
36,27.794751162204452
70,39.987236398085244
77,51.708493481722236
36,43.749353275795016
23,34.627603336446924
36,27.243861878148603
31,44.1322638072028
30,32.219523842985865
10,18.718829926381073
24,24.620868304740508
10,29.55054148320028
21,32.285507311229985
24,45.34203413494717
78,35.69778675147241
33,43.1053033831969
34,34.46287409766603
65,50.85460546202636
25,41.64927286171646
36,39.768310214485425
41,34.11888699207788
32,46.3506752892858
25,25.668774171736924
22,42.750199701312816
45,40.65558087629689
16,20.26439989701099
69,41.85230199693877
45,43.52271207894871
51,45.65760638488004
79,38.208519440281265
18,40.85877005656982
79,50.72543418012615
12,31.521155004111538
72,27.312368742718572
44,47.42118786469721
20,44.175717850320915
35,26.025919657213326
22,24.759462313208893
60,44.35332027689569
29,38.122608958279145
35,42.14296649242769
60,42.2762919489287
45,41.38764843677797
77,40.293225713864175
29,45.593808597217865
44,37.54207155298191
36,36.884610200275574
25,39.401994104062
49,34.66329180115241
35,38.25677856921049
29,30.589560697915346
23,45.73606361726402
69,44.28915717184297
63,42.948748659054814
62,29.16987145817705
21,27.65071932051231
25,38.22457111824223
41,42.497718135773304
20,36.76594749478311
41,28.30045656756909
20,26.74875708860043
37,42.916758512420216
37,41.198778644916025
52,37.28262375466106
63,43.103633758144426
30,43.23906069352143
31,39.020262282778134
56,45.3607799231808
20,33.88453149094038
54,28.324075792849154
54,46.06489081876982
65,46.601846344141656
25,46.41255923424011
48,41.45252120386281
54,38.26052491491826
27,49.224350111715346
18,32.915629257731396
27,47.58520794688079
23,38.41479358068401
37,46.012041727198095
59,39.266162546036504
34,34.75642196838374
38,43.79734989936453
39,43.99678997815116
43,45.205833717150426
12,43.67848603025759
39,43.17752639389321
11,25.233174871421046
48,42.4163999411746
22,32.998321740236804
24,29.304222248335645
45,37.918597275730235
56,50.63373829656163
50,30.05122721191214
25,46.93595710183578
55,41.483462619879795
17,36.32353615549236
43,46.319675848697734
26,38.46508877653242
22,35.48142224518283
70,40.76861925982571
41,41.90620614689839
23,46.226115806489744
57,41.90641792862575
54,37.125767209987956
40,30.914928799943997
73,46.561002662512756
50,46.01033749299871
44,40.7647654474369
30,40.21760048113015
37,45.5364533874054
51,53.41057523754766
46,40.57171476857157
74,46.78239457973068
58,40.96265410750334
19,38.62410523117434
64,31.55752616632726
16,33.1152235289547
23,38.542235766147094
68,49.13703231890749
19,23.089106029129667
24,24.737022360326122
22,28.959695944599016
52,33.09995698549168
16,39.327597212169856
50,27.082286776124814
28,32.432770004854795
25,40.31850755280975
41,40.17810911787479
60,31.364047060736468
21,24.310528035276985
81,52.237368165134036
48,32.271874673566224
48,46.413376068749514
35,34.57356728310529
55,45.336216678656974
57,42.845835654471784
20,38.289646200612005
46,51.44935674779961
35,33.0334071857001
22,23.236708495247328
48,40.12635904864387
22,25.404552986962802
69,51.67268831500271
25,25.51071047536282
11,33.70329527008824
16,17.54239038217869
21,34.7077228498448
14,32.05259839778978
37,37.86921324960758
20,39.53504538064964
25,40.01184544859309
22,34.06510347015495
70,40.78596495237511
26,36.43453539141051
47,41.12333049586795
42,46.886332760834456
35,40.8039538174584
32,39.31148812573244
44,48.32051052765015
56,52.89336446385305
31,27.064532033749845
34,40.11596932844817
38,23.21238328377389
58,42.77700457465872
21,47.1824964447208
25,42.99613514290205
44,27.370360951803058
26,26.92638686419712
41,39.66757156062828
36,39.87114543763695
53,53.098233155840155
40,50.59868728599732
25,40.09335723573051
25,51.49174570161888
30,37.37757919103643
46,44.27500646793029
35,40.33136101405115
44,45.76992838301701
20,30.851755775697555
52,42.820781511525794
25,47.553175522550866
59,40.12955394646798
32,43.1497391377118
23,29.187416391417038
47,29.12491620626392
57,31.82097904400744
11,38.11579214312913
41,42.61496454197732
20,27.10096280366945
34,44.04951989238352
44,39.80031454974079
50,33.90736560817809
42,31.507864285341224
31,36.703894448345494
28,45.662210364796984
36,30.933759475289953
34,46.13235648656503
58,44.01000996558377
12,36.05989407017832
12,37.511705375789475
49,22.79798077876176
28,29.888459141380785
15,18.22749561403509
24,40.216919066731094
55,31.616734073246416
14,27.81423006696134
80,50.620222442947245
25,36.59647988340063
42,29.42712024592369
57,37.760156500039194
63,48.508862896638696
21,27.738780346356883
30,41.4674898832606
23,35.352371881133024
43,42.017712235690944
15,39.63348419975578
42,27.708668974721878
41,48.433527104453475
58,28.583175029263558
19,27.72615380898459
21,37.605515222327
64,48.7488115068746
16,29.451859835527603
48,39.170336508085924
20,33.36160944075865
18,42.21790300124271
20,37.76375607232589
60,41.155920627801535
55,43.32838758346196
23,36.487619486307516
23,26.504013628912052
20,34.81157160258828
80,55.69331735662514
26,32.11966315432672
14,31.880445423234587
20,38.68675333395452
45,35.887573871525035
62,50.266679989271125
60,42.54200437895874
67,55.39439333301682
36,38.35126371721999
59,40.81526893846908
28,31.2194737066199
42,43.45796776595658
49,38.29536194898968
77,30.651218466321385
23,28.20220739225091
58,45.52188962291238
39,42.46655651184425
53,45.733867900628454
38,40.0989480744403
36,48.76927420749822
57,41.50065011491289
12,21.715525510111437
16,47.597660257959916
47,43.836977858405
51,48.78616260235014
11,25.774518594701636
26,33.99786293918246
41,42.49749547495266
37,42.048992705468635
10,22.019355615228793
13,32.759199674670306
41,35.88199871302292
16,22.801339461097943
25,43.18727627925409
22,53.62000558948464
51,42.875065524779366
60,45.567038739778425
34,33.319935731838676
21,44.58361499788352
51,32.690426783084774
20,42.90111765148841
28,34.09787115734367
34,43.146604431061654
34,40.25789701352459
70,51.50494741784682
74,55.44532031774038
38,42.919580745003415
21,32.894495073096046
83,52.5509392095812
14,20.793240297798967
55,47.092626924062486
26,31.821089384826095
39,41.234854234491586
23,29.503670712130184
38,34.960215397162045
28,26.988930486264934
55,40.46004470163811
22,38.58193849210226
23,46.53613757714757
50,22.584922584767966
76,49.25697181150078
30,45.53588169132295
80,50.84806618038203
65,42.381823444147884
24,39.39991091852669
18,22.292876573372123
49,44.41542957098418
19,44.62765319157361
41,44.860694784958994
19,31.857859921652274
65,42.03733645518648
50,40.5353122688497
26,30.16519834878668
44,57.170313954157635
54,44.52667994969897
29,30.826546858626514
30,29.855434609204003
10,23.00163466623025
23,32.14999859826631
41,33.91989722481254
38,43.77528887647717
25,41.72573683848113
20,31.412280847799053
34,44.90706768254271
23,34.62855010967464
48,47.34063229156868
15,40.76850435241981
44,43.0327618000055
41,43.531719353255745
78,41.685958224809944
12,24.138463075078768
21,35.08462451939178
34,26.223447697614148
63,41.80767294922414
22,35.402954042092226
28,41.91347844372841
56,50.0778847636409
21,33.89430477669026
62,50.25649391666958
30,37.52231989023855
46,32.68790262760844
52,42.66306991600151
15,22.622931121233474
42,46.80429699372161
26,36.94392962595285
16,31.358509926513356
33,44.103778065250154
46,50.14722893575417
58,44.918432198511425
43,22.047192991780012
34,38.985199925309374
76,43.93644714896302
35,44.02588911509956
11,30.846761567002044
13,35.76126133978395
23,23.475882270591164
43,44.69738001817228
22,52.038894008601645
32,36.78131164407486
44,48.62665234466269
34,39.46983355905105
52,46.02530185162536
48,47.6809255112699
58,50.633179225854384
35,36.3805916045413
21,37.6447031395017
82,45.64312149039663
54,40.08237582405203
10,33.94456712942253
55,49.68140331263714
12,22.555174039502504
27,32.24147083949407
47,46.205766633833335
60,47.349218059319654
24,33.495027463511796
10,36.544582204719106
62,45.678328596966395
47,43.14388811283533
29,39.518562258332636
70,41.95778177887343
18,24.326601606514952
21,29.186475137715306
32,36.210064391347856
30,29.220225234176485
47,28.788343276817617
51,37.89951975367135
34,35.63701370605995
18,27.248883063849743
58,47.966276121577685
39,40.12869760337308
16,36.41106357274285
53,56.3208439234824
80,52.46471424706064
16,23.47503507755917
28,30.633173443323134
30,42.69418731356031
77,40.872132567354214
41,42.4005269143435
62,48.600875454421946
66,52.61207568232569
36,50.08474170723054
64,40.71463966756356
26,37.49896666281977
45,47.2894848972975
20,34.3660109440214
39,42.441715275919535
22,26.943535399238414
49,36.49709903339218
21,23.97749572895415
40,40.690311939454865
41,41.875908672663456
18,35.98899825926981
33,38.57520848633324
30,33.75347885579521
43,44.74786745454275
22,37.72933950672459
33,44.322368537020026
51,41.25857135738078
44,49.96972585671182
21,31.416200069759224
44,40.640025121152796
53,38.48986457189839
45,36.96519252342778
21,40.68030203427112
53,46.07383104853171
52,36.04401071250846
70,62.3322241990743
40,42.350022457039266
14,32.35545993359555
27,38.280921081632265
37,39.49251773254482
59,39.01493710138031
55,36.06931672481446
67,46.23118043917599
46,43.373840544391015
16,37.56288731824072
18,24.523950227142773
43,49.62707655133429
57,45.52653825295357
18,32.7177786014515
77,51.502204135755626
34,46.97207158280499
44,37.58977105840392
27,37.272814202272365
21,31.924149608591424
22,42.63058211821598
25,39.344198880631765
44,39.00174350158647
57,43.500381897790575
70,37.084955971543074
79,37.07203786823524
29,40.88372734852829
24,44.00990621289637
57,33.937732871505794
62,48.41126609131447
52,45.389836782078575
52,55.89483500286142
23,21.8569320779297
13,17.183937376568494
21,33.123577306299836
37,40.5100819176788
44,33.74507226770581
42,28.555592161182826
34,43.75827604952413
47,33.57382384320164
20,21.495731841277294
22,31.55360088658539
46,39.3236650389676
45,54.30923356073183
42,44.15832125366232
71,45.45939915862205
61,41.96468085590058
22,31.369510900240872
45,34.00827176818444
38,40.944891080947656
34,40.58490365737918
44,47.85453425631683
17,33.2620231466473
68,51.57126926072111
41,34.69188226241718
67,43.85433345386208
66,49.781753330015924
23,44.11533388003311
38,41.58990598277399
47,39.072657179678025
23,40.81433285187517
58,45.61144933660299
45,36.910474349846716
60,48.54475620495398
75,52.86037614187816
38,38.60404082280533
57,52.53121786151188
39,41.46430571568076
49,40.38732668930258
53,40.889367097669265
56,41.888076632903136
46,42.72583123009998
56,44.02300627537297
14,38.79734081137725
29,42.46332604923174
45,41.29882696507312
58,45.66029582215863
44,39.789440320756796
39,42.938821470786955
43,40.49653918899933
20,32.863761673892675
39,42.89255081614845
43,36.98609262419195
29,40.34683428076438
24,49.52779401685506
41,39.90231150292639
23,53.298082319488955
64,41.34812119491152
49,52.98655438377702
49,38.812576130261
21,32.834634329446345
61,51.72383546006466
24,33.739256860874946
14,28.977039747626005
42,44.03045145659542
32,38.636116558585734
16,27.428473190329573
33,41.41103743241361
14,16.176513639352557
19,17.274065560721724
21,30.0434992504292
19,28.016581110563557
26,40.54973662606194
71,45.8523883299364
17,29.35444476151497
36,37.828185927751726
43,41.92118101762309
28,33.23357540227961
50,48.91973072192702
68,37.303562045008626
42,37.283596923334656
19,15.220776104546005
22,35.27322144745984
14,40.43171768091452
67,36.07859031871754
49,48.75368399176708
40,46.90614348314177
56,40.045587007421084
22,37.11189189384875
46,37.059895208477805
43,44.78805410681516
51,51.685720175954366
21,20.530808821159418
24,13.89139459210383
46,43.56171774431036
41,40.178479749877646
14,32.03587099982983
78,54.27322588283567
79,47.40942327912128
23,37.34982458229329
41,53.33018873150273
62,43.1428355317436
49,28.988870816838695
79,48.05070837248987
11,15.650220922238283
41,36.530016143284044
20,24.293830392539007
57,50.93478518697037
33,37.928838603886426
19,36.59417400732341
45,36.36578609570811
45,41.839396378435374
42,39.569622818315075
30,33.53227662346177
82,63.5302399114302
44,48.4058185390816
54,40.76161187728464
61,49.214422899123264
16,20.96216429501379
64,45.40784056857849
39,47.59168860299224
54,21.617316047654068
19,21.224649121144886
44,44.87309632968992
11,32.477653435760665
34,34.89429626078653
58,49.64883827934718
30,43.81877163852855
20,28.319220205510927
48,37.21366165082752
55,43.55060678867393
32,27.832306773547703
30,36.07506032453307
38,39.54663853756729
56,43.703923692074376
19,37.877568737263
20,26.47323944241135
32,44.65314047422012
77,41.59626615670213
43,43.40788930658827
69,35.25633899218842
46,36.43193098310814
38,42.48836371232467
31,41.6845648650677
67,42.46659908745613
52,46.264410767189666
67,50.20774466820325
12,24.075907661648056
65,45.10918374139975
11,19.88832651046318
32,33.39722850432642
18,47.66883735947297
62,45.37661466892529
10,47.06794024610601
66,45.3515060951096
42,32.14523151338481
26,34.68549236017378
27,32.86767424025743
14,13.15807086492754
35,49.195603542625214
15,43.204770242327506
11,28.602300228911755
43,40.802991674329206
58,44.516009201891166
24,47.012787612533764
39,34.98027631783674
17,38.62941080765036
46,41.75152121645143
38,46.52478460546331
41,34.29793303547525
45,47.90755388524221
19,27.40537253430748
37,41.470102117545295
38,44.127981800127685
43,34.929667343106715
22,34.11759284156569
49,36.692446219175714
48,41.863372516144466
39,41.87970398781473
61,42.654487711623894
45,43.71901397311575
40,42.839616729669615
25,40.492506840617146
29,40.172892855161436
23,38.84486276907655
23,27.424927021595
35,33.376782752687916
31,25.07413561959579
27,35.868675137059775
33,41.61574336225904
12,27.501077674561586
25,39.208241709296665
19,25.606713639566436
16,23.32910557154621
69,54.864594421223856
43,43.6586541314995
62,48.15455859463818
62,37.36902747624674
39,46.44980554687467
69,40.20933144126154
39,45.98130174431439
24,40.85463779729426
24,42.75599750592216
19,34.32452522412665
54,53.3477751048948
19,29.792640651017265
21,32.588827756557635
27,42.23863105641536
25,39.376611406004784
74,44.785369041885
22,23.187803632558253
18,32.27568850848841
70,43.83431340296153
41,42.92733158884608
39,48.12913931545031
15,22.57944337573179
38,42.400028581106305
41,42.07765150584221
43,44.34955743504131
15,31.80793416035473
52,45.85001718245297
54,50.258432648053734
49,50.52189040497923
34,32.194240222816894
46,51.44585582207564
68,55.300902696593056
51,46.46055939644171
51,52.70689864351948
60,40.40926403527233
79,48.641786827370204
55,44.46979997280772
22,32.926499656702276
13,37.76529640998819
20,29.46067109678836
40,34.39038333485332
56,48.90722726636928
48,45.876462766295326
11,38.742348272104806
22,23.79799767914375
53,49.37439600933492
12,31.363984889753375
42,38.21430876618691
28,35.344770567162534
64,36.91203912858104
47,38.09460766590547
71,52.60285749516158
34,40.989751623303356
69,58.03594127994178
31,29.77276214170051
74,47.81015306856193
35,39.92995185006344
48,37.48120976353218
35,37.8843029402656
13,39.037579863230945
22,23.776670691882174
42,44.869261080592494
45,48.32904859542046
62,57.22673049809668
39,43.670479298684086
10,36.079872207021914
23,26.723266495422937
34,44.13765062913474
38,37.620922644112035
19,31.710260410383842
14,27.78022818830139
15,40.91394390309427
39,48.007725033968335
40,40.628193515630734
36,36.572338738841964
63,36.10993364168163
40,44.1071871195586
58,52.14807898485596
56,31.25909469315226
51,51.519882666037084
19,17.240507848039496
24,38.643276800129165
17,16.407849148350685
74,43.25977652334847
34,37.07501536345999
34,27.135364658783065
21,30.869255537967597
47,42.77797819545173
20,28.11250888809845
67,43.932281570663534
50,42.104585766359484
19,36.320878389111954
18,35.31873642397663
21,33.174512065426654
12,17.804720594094626
56,47.19233532573682
26,41.51969312923002
37,26.852624595483515
40,43.73745979381638
18,37.140166810334385
23,26.367924113450275
55,52.437343364814
47,42.05129517033402
54,48.88882194515399
40,47.296257676087755
53,37.33828197600658
31,46.5711381227716
32,43.57045364706059
71,47.03371614064914
38,37.50826633127788
22,36.54761870131976
35,39.36192233835589
21,24.67491248525932
39,40.72985249213973
24,33.17033082706767
21,24.710214991196196
20,26.099128746560556
60,42.21945869165175
14,15.853402545148283
40,41.36923929619644
37,41.794546286403374
38,43.648191481921586
23,29.622938833059884
72,46.618115625199124
29,41.910237152587406
59,36.43424817200602
27,33.53882813070553
42,45.57987861199021
28,39.14167938685939
26,29.014960547307847
61,42.56347465619604
25,39.89739946654985
36,23.512615610609192
38,41.2152536306656
56,38.381690511759864
32,42.70324904601528
38,41.38740936506255
39,43.91614548829985
22,21.19445626485741
24,23.576921136342204
28,38.49672850385195
76,50.166959958422595
35,39.20828964552136
40,47.41064325253763
43,48.29269091206957
49,44.85830782651838
61,52.21724130714315
44,42.47810490404137
39,40.83019173806907
61,42.50574369721094
38,38.34950077716236
57,31.915739047901496
67,37.42438935989041
31,41.65674543399566
12,35.70224856926775
37,40.847844838331
57,38.438377271957755
30,27.81644042162127
41,36.72673430586786
44,40.80406052571798
45,45.702865369352345
54,40.53593837382229
56,34.05699670845006
63,42.12610076944335
16,35.98991107461465
22,21.62824072152837
44,38.00951712017834
23,44.49228048848496
38,42.67189356345061
33,33.52092062522061
42,43.82186672160002
56,52.39861726367904
14,32.781155965882576
45,46.20610304025683
18,39.89133017977396
40,35.136767578690275
53,28.62882600195546
53,48.59193971103458
64,30.915730640244035
49,35.7072171603271
38,42.676797868802005
34,44.72850821638613
14,33.44551440342643
27,43.35673939022121
45,43.76538063790806
18,27.673614242778008
43,45.37077326426482
58,45.33038015447033
23,22.227256013269745
17,23.164995949264377
51,38.83172704726585
18,27.00654486796573
37,48.496956919134206
43,49.10445809979697
30,43.836955976522056
45,26.34035080713584
22,40.6730989134267
13,41.77065585537974
37,49.246172269839406
41,40.04109340069345
52,41.57196724384636
23,23.456037716904596
38,41.23067506119021
18,19.48370754861544
50,44.195496030174354
46,45.49562861533805
41,39.62650240813936
29,30.241946042544235
19,34.4438985249121
37,40.29106190003642
19,43.830788558871525
65,41.45731004835916
53,47.54934829924935
54,45.58496699345977
11,21.909824432313986
18,41.673549678196544
55,47.10252892658556
25,23.536993080545436
41,40.38457261988096
53,45.92192621659973
18,35.145804934458624
11,29.532375003188072
55,50.64207693577246
10,38.73508801905586
39,38.87966298715881
63,41.738473745396995
23,32.495541279403824
23,47.2821095200109
22,41.60439914238086
74,49.497316367837705
24,31.465551425510014
49,45.43500089043127
71,47.592910279479966
24,41.005430535856284
23,42.29893553423851
33,44.02751696067285
49,44.7937401439152
40,40.49144300881427
68,43.11463105618648
67,49.84164636828716
69,45.80435453984298
36,37.252706846696206
18,35.58244457159229
38,40.861234508823465
15,23.921648456975714
47,38.4582008196003
55,39.557856645537974
33,42.770715198303236
47,46.71305567408844
90,48.27751319470582
66,49.21610187401021
22,41.298874494069544
62,36.87676391760008
50,44.983830393404325
21,28.438758517505875
31,26.778295270673397
34,34.32991872325987
14,32.99159918151617
42,41.84915657808214
53,36.06220474410863
67,46.714365895440935
12,24.080955323259523
32,40.11596932844817
38,37.25185960198111
41,42.79503047738983
36,45.55027221100142
56,37.68064845093644
46,43.91858290910967
11,27.560003221289147
67,47.32034365684788
46,33.74175646325791
23,28.03492567646837
25,27.402295253080673
75,55.24112765541899
44,40.14492080595794
26,29.912537518450513
52,43.618329442870184
50,44.522052024307065
44,45.9893926919855
58,42.518706930129284
63,43.310661373250056
20,27.698495964552873
12,15.623845729199354
44,45.52878362250805
68,48.80280539413505
40,43.51485451748383
40,40.64333410522469
20,29.12229996589911
26,46.398118127905924
45,30.452736206428785
54,39.17540151151312
46,41.93128142109897
51,45.670038012659596
34,41.73795816311103
49,42.32075493100119
67,30.919577294206356
24,37.639823069409104
23,49.146865825346595
66,43.92722856659989
34,30.810422817696544
37,46.73935662770609
20,26.752806664915934
40,46.659565252111996
63,28.726831064715622
39,51.12948747814396
37,39.41137826883329
32,37.250882879608874
42,46.37143944057473
53,42.32413586462696
18,25.538912331760585
21,30.369259345535692
35,34.86671263435904
60,43.55668335406968
27,28.73383549766996
64,50.611158877784085
22,43.01970404820482
29,33.27284826462716
58,47.04766680896124
53,52.07058341577007
31,37.95944610876702
22,26.118245559290763
58,42.66815426374999
59,46.86115695830248
32,29.01605835280051
41,40.56763735147379
70,42.91821532694943
23,30.26493844278842
20,34.14130244549044
47,41.95625820435034
49,46.84723926605076
17,16.13393598767167
51,43.84032210311699
53,38.811635322829815
70,49.00976884396116
26,41.56771661665695
39,37.52198497459628
58,42.30394406665436
37,45.60073412167449
32,41.91235618450233
30,40.229258534885005
19,28.858103337206185
59,61.98220900911978
51,39.265389010164576
46,45.10585357053456
37,45.38962610597708
25,22.908688660963907
60,47.94943736650365
22,37.50042805378212
22,22.204227752820692
23,27.59541198982239
58,43.144585751415555
21,30.466901003570484
50,40.82584970821701
44,41.65230896531888
36,47.27570620338319
40,33.48517108490237
40,35.01871745494691
15,31.30881715783009
19,31.66911056493987
69,33.89925635928089
25,27.834882423301284
80,45.12916672722944
21,31.482602907322843
51,46.537219858822816
11,42.360751392180774
20,38.44604963493891
22,42.41213747499948
54,40.6209177499993
43,36.12259575833482
46,48.972703452464145
23,25.836715611836244
21,33.04288564294991
33,37.37979086068487
10,23.295979146045894
60,42.76056724175298
79,44.556278108016784
55,48.39289863392056
46,43.283573354290205
14,43.91230515431418
47,43.3169967343366
38,40.5641418317902
43,40.4381768873356
17,30.03397244479073
34,43.61259555855703
54,52.314513439201384
17,30.233716409802426
55,39.98722228525593
21,27.365328042277085
24,51.4064055840832
22,48.81156993168509
25,33.3252789480062
27,42.73894361759214
26,34.71551839599773
37,41.742720153724065
43,42.09557169661934
60,48.66990887720411
24,39.73426390850018
45,47.904628881370066
29,39.728749714627924
46,43.14642843895743
35,41.65675291666464
27,22.487491456699523
69,39.300778827276815
18,35.71179082546216
19,35.579280304849064
32,35.995312942041494
31,43.07768566469164
48,43.610161279034585
39,38.240617647828515
56,33.6072492150244
19,25.91066259626086
22,23.091941815308065
28,41.80064337296299
53,47.08073396465512
59,39.5810257293261
17,19.359971404667686
18,25.31466176557217
32,31.591166088817978
52,40.9812622522496
16,27.800682990923736
41,41.3837128190972
11,35.97063137540268
39,42.16115893537237
44,37.45634797541828
29,36.16960820231859
38,39.72326686528917
14,24.587845078214524
22,33.483801855202366
61,59.20374179935828
42,39.972466710304346
22,46.9359011082522
31,39.274436673149246
48,35.051014249625865
37,46.935961539526495
18,18.778279517180444
79,45.13121739051203
18,42.265046491326636
18,30.06254643936914
23,32.280386287793014
20,29.407818378989926
33,37.12487124075261
40,52.3563212062285
40,32.887253870112716
37,38.54472432800652
53,41.11514453435761
12,34.65743967010119
44,43.15435610396639
47,47.28740574291457
11,38.45419975326727
40,42.24018449480277
21,30.380378496621557
40,43.042912094541094
59,42.189345163945745
62,46.8904093849934
30,44.637088586728005
38,43.33920301861564
30,36.943747985277675
11,33.03116331076026
18,33.423345786865646
33,39.69929499424655
25,30.84437388008113
55,38.72374840182208
43,42.037850444594554
34,38.295024544805386
42,49.205246298904285
42,42.31420569196218
40,47.15744446752858
72,45.35702166342925
60,46.51767507402031
43,45.47820078559191
28,31.142169021917134
32,43.24359894395945
53,46.48208561865493
65,44.60919261018475
65,50.67223621016249
20,27.254037393114935
44,48.63023287638156
63,43.71777905190064
54,46.12589543477001
35,40.472203203097706
26,37.57901690923755
26,34.51710929712266
52,40.41926118132612
34,46.97276104556229
33,40.09024164585816
37,49.90689947872911
35,47.31489684576738
23,35.48341207423262
52,49.795983816624755
12,30.556792641014308
37,43.62574523229368
45,44.66569049888019
17,24.79970561036829
53,47.79964167994224
25,39.289963596031065
52,33.33423721476661
24,47.6023146953956
18,37.40703735809097
50,34.519363578779846
24,34.899060469042055
44,43.16397145334382
68,37.97460411946753
47,54.039864828431725
63,44.48290172475971
40,40.394039505303425
33,41.87937933693943
43,41.576369847190925
38,35.878656363104184
39,44.04836817410089
24,44.398564767071406
63,51.968389209114804
19,27.011276741266016
67,46.46209113744072
40,36.87416646467986
13,33.01632691656881
38,41.70287743417182
29,36.25404969193995
43,43.587798862290086
55,43.90453210141748
62,44.31129964399618
33,35.48946841593474
31,27.75496346019929
48,25.44860176163222
34,31.414821271817903
23,22.815966374069347
47,43.66143626715559
58,49.163571322507316
49,43.11833894998511
24,44.25915795752627
18,21.152827964863633
35,46.31558799790302
64,47.81336056356691
64,41.042787956781424
59,43.5957334891424
25,26.71130667147817
20,31.56509937178831
33,41.85000041437843
18,34.293627899141505
21,39.28783410967688
17,30.05220171215469
55,45.23413521409018
13,36.349643994577356
38,39.887283670000535
67,47.22576708045676
11,34.94500468769394
61,41.00590214198497
30,52.84997472688016
62,55.83923359251818
31,36.96689327435781
41,42.87755262732422
44,38.331372227833974
59,39.06395717157265
33,41.86542891745462
24,27.432326007826774
25,35.389689791651136
33,44.018358270823754
47,34.80660508384016
20,25.57241866119237
79,67.31913697654254
56,44.71877527099602
36,36.615423766334864
55,40.38718409884577
59,48.959412627953824
34,30.912936278933394
10,35.67545154546033
34,42.0077148972528
50,43.55984962953684
53,42.08558799749673
49,48.483544092882184
42,35.24029035571518
58,35.10041685816862
73,47.072754193292724
34,29.074831455468495
40,43.3847127173291
62,36.450815535887266
10,38.44028063754881
19,33.5034357968128
49,30.717726776790105
41,37.356208147160196
31,22.482105424398302
12,23.37178007569621
53,35.64196343815036
31,43.40783870863848
23,51.53910835996872
52,38.293357675195644
47,39.89220611742528
20,42.62958865403425
50,43.50558159883249
12,13.156552733998994
45,26.56948720114237
27,32.77553763485428
71,43.82016922695542
60,47.00965501908079
53,47.25962177701184
22,37.768028531124116
19,33.53680639113514
31,40.17072575592088
63,47.971377446409505
17,22.56155454249577
38,42.24493828367858
37,41.733498402063745
42,35.46152112161642
71,50.47342739492469
29,46.18450452599727
43,49.079992789779844
22,52.1233242033591
59,42.67270270590627
51,34.902338348953435
63,44.4229807689593
65,44.74478518556955
23,45.09043892658726
33,42.10425823851765
21,32.94642120506304
40,55.84587931904585
21,37.58180138435397
57,47.98704842136129
16,36.99110375259897
62,50.73729075173937
58,38.20182549103508
61,43.22752108170663
56,33.421387219962675
16,25.72456648491532
40,41.87851301766719
53,48.732098611813484
26,51.93903757084986
19,39.27862159657712
37,42.15618368024794
12,34.64231490820377
41,38.66095324406382
12,14.655512197806651
14,24.503214223835627
11,40.430528651390574
36,38.06624090916801
39,41.202242577491695
13,23.684002119103624
66,44.81780712252335
49,27.476184796779375
33,24.628366666666672
63,60.77820746713454
30,49.838460463069254
49,46.588907561040344
44,44.35732995304716
41,47.933439597151725
47,34.893155537511426
17,26.556968333965475
28,44.84467877494008
13,25.730723676823263
61,42.0976924326878
19,27.364470985280533
49,37.75500628734099
20,32.59977101009561
30,41.11100987155182
50,38.91577365009985
13,14.543488668796932
45,44.37322854391155
55,54.11777564381504
22,32.272300038512704
31,42.96545921104781
19,43.7485608703724
29,33.16905132947876
29,29.346546938498765
35,37.0785569636211
24,38.16796211741345
34,50.83767575734928
48,39.85668072825852
22,40.19939568935745
47,36.203380479026734
22,38.01130704959925
56,51.697876134223925
51,43.24734766014294
52,44.06991496340075
16,15.291965266834339
43,32.76960613805643
39,36.07312103658446
50,46.609874931289525
26,45.04673349970799
58,49.91245812262076
42,47.839063979613314
68,44.507873035858346
11,28.491048224406644
27,46.6502407224684
68,52.65838822371691
29,35.44529303586081
26,42.80846382254173
45,32.17167140826255
16,20.49777755105564
10,35.41200991865088
37,39.63585964691825
58,35.27105326278149
70,53.314591540546196
21,43.72512948418823
42,29.205000081868153
36,37.1585261883329
35,47.67386796143981
21,48.822188566401834
19,35.6759223430079
58,55.34784105344137
22,35.03756260977177
70,50.332541600000724
27,23.90764637801999
27,37.83908713259015
32,42.11191789194011
37,43.51044356352745
30,35.29239384378551
60,62.32418962738805
11,40.53794932430162
15,35.05551736007489
10,40.474510907524085
40,35.2346159249061
34,37.66503565689116
79,47.27661554505472
32,43.34610561494551
62,49.12487731437426
46,41.76015131738007
26,32.40852810335142
39,36.33378189655873
15,25.187760934189058
48,44.597556665236525
13,32.9097619275042
25,43.876795878849094
54,40.15105229419268
59,46.281341379509826
46,42.219149093541084
44,43.784087344606945
47,42.477092116317124
47,31.13203538148917
30,42.13838325406232
21,13.405434609269342
54,47.00465518996007
40,47.403197604125616
30,40.31262107054339
19,30.54931552362755
32,33.829023511210295
73,51.58340575500929
45,42.85824914714914
30,41.971794758747436
63,36.02073339227798
68,42.05840342064574
40,42.22096428015961
20,36.07780215530327
31,54.88565274418868
51,43.58010429080028
38,34.61267729278167
27,35.71477141936353
32,35.61789023984867
45,42.509331320291125
22,42.0951603615898
26,38.452524762958745
45,45.673012024002745
52,50.23815363725572
24,43.56335069921153
45,39.425167633327604
25,25.506039486919672
11,21.630245364391676
44,35.82796363773571
30,29.67379462089751
21,48.43015171763373
51,40.327466220551884
41,47.88766410071164
34,41.84110256326803
69,42.50290769867813
50,48.92896044488641
19,35.84824164348898
45,44.58121162299438
24,41.99918711226471
23,42.978059803214634
31,41.387380860861974
46,18.979654947627182
69,57.40924936572394
20,35.085249035888154
57,40.27832741356995
54,52.62374822409937
33,30.02698630882263
60,50.52993249765368
31,42.013018701846015
41,40.779205639560224
39,44.88991501094239
25,38.38470266118105
23,37.48821666605265
21,22.717297732215908
48,41.524286469960096
36,42.45638779175957
23,30.87178452007782
50,46.24606051598667
20,23.963045361564966
36,41.338650943096766
46,41.46276979567543
45,43.90830722189786
35,40.79272115944795
28,40.744510914469274
58,34.266460672794786
20,38.107875980794944
53,43.32741274093185
26,40.42323347986559
51,25.87258288328019
23,29.00011822071453
26,23.803669817836703
24,36.725956154390616
20,40.6927878483151
28,39.787735725888965
40,37.0749362303118
43,43.808293213385795
19,34.87321740573228
18,42.706215036522764
13,19.3796223653061
46,42.86608157645556
31,38.44713857927295
37,40.81165371925697
57,41.44120339328359
50,46.46093069937005
28,41.50545893649294
20,36.34521185814716
58,42.702035214613545
